Datetime,Load,Temperature,Hour,Day,Month,Season
2023-01-01 00:00:00,3016.0,22.8,0,Sunday,1,Winter
2023-01-01 01:00:00,2845.0,19.4,1,Sunday,1,Winter
2023-01-01 02:00:00,2754.2,19.6,2,Sunday,1,Winter
2023-01-01 03:00:00,2652.5,22.2,3,Sunday,1,Winter
2023-01-01 04:00:00,2386.0,21.3,4,Sunday,1,Winter
2023-01-01 05:00:00,2242.3,20.7,5,Sunday,1,Winter
2023-01-01 06:00:00,2215.5,22.9,6,Sunday,1,Winter
2023-01-01 07:00:00,2075.2,21.6,7,Sunday,1,Winter
2023-01-01 08:00:00,1953.1,21.4,8,Sunday,1,Winter
2023-01-01 09:00:00,1982.4,22.5,9,Sunday,1,Winter
2023-01-01 10:00:00,1953.4,20.8,10,Sunday,1,Winter
2023-01-01 11:00:00,2012.5,23.7,11,Sunday,1,Winter
2023-01-01 12:00:00,2144.4,20.2,12,Sunday,1,Winter
2023-01-01 13:00:00,2148.4,22.3,13,Sunday,1,Winter
2023-01-01 14:00:00,2300.6,23.5,14,Sunday,1,Winter
2023-01-01 15:00:00,2535.7,19.3,15,Sunday,1,Winter
2023-01-01 16:00:00,2691.7,20.8,16,Sunday,1,Winter
2023-01-01 17:00:00,3001.2,23.1,17,Sunday,1,Winter
2023-01-01 18:00:00,3135.8,23.1,18,Sunday,1,Winter
2023-01-01 19:00:00,3288.0,21.1,19,Sunday,1,Winter
2023-01-01 20:00:00,3641.4,20.3,20,Sunday,1,Winter
2023-01-01 21:00:00,3469.0,22.8,21,Sunday,1,Winter
2023-01-01 22:00:00,3369.4,23.1,22,Sunday,1,Winter
2023-01-01 23:00:00,3083.3,19.6,23,Sunday,1,Winter
2023-01-02 00:00:00,2944.8,19.4,0,Monday,1,Winter
2023-01-02 01:00:00,2869.0,21.5,1,Monday,1,Winter
2023-01-02 02:00:00,2638.0,22.1,2,Monday,1,Winter
2023-01-02 03:00:00,2584.8,20.7,3,Monday,1,Winter
2023-01-02 04:00:00,2369.1,22.2,4,Monday,1,Winter
2023-01-02 05:00:00,2243.9,20.1,5,Monday,1,Winter
2023-01-02 06:00:00,2103.8,18.0,6,Monday,1,Winter
2023-01-02 07:00:00,2135.0,20.5,7,Monday,1,Winter
2023-01-02 08:00:00,1979.8,21.3,8,Monday,1,Winter
2023-01-02 09:00:00,1908.2,20.8,9,Monday,1,Winter
2023-01-02 10:00:00,2021.2,19.4,10,Monday,1,Winter
2023-01-02 11:00:00,1978.3,18.4,11,Monday,1,Winter
2023-01-02 12:00:00,2147.3,20.4,12,Monday,1,Winter
2023-01-02 13:00:00,2150.4,22.5,13,Monday,1,Winter
2023-01-02 14:00:00,2329.5,23.0,14,Monday,1,Winter
2023-01-02 15:00:00,2590.1,22.9,15,Monday,1,Winter
2023-01-02 16:00:00,2818.6,19.9,16,Monday,1,Winter
2023-01-02 17:00:00,2997.0,19.4,17,Monday,1,Winter
2023-01-02 18:00:00,3206.2,21.9,18,Monday,1,Winter
2023-01-02 19:00:00,3390.0,22.1,19,Monday,1,Winter
2023-01-02 20:00:00,3390.1,21.8,20,Monday,1,Winter
2023-01-02 21:00:00,3433.2,18.1,21,Monday,1,Winter
2023-01-02 22:00:00,3332.2,19.9,22,Monday,1,Winter
2023-01-02 23:00:00,3288.7,21.1,23,Monday,1,Winter
2023-01-03 00:00:00,3018.1,21.7,0,Tuesday,1,Winter
2023-01-03 01:00:00,2741.3,22.1,1,Tuesday,1,Winter
2023-01-03 02:00:00,2744.5,21.2,2,Tuesday,1,Winter
2023-01-03 03:00:00,2541.9,21.5,3,Tuesday,1,Winter
2023-01-03 04:00:00,2370.0,21.1,4,Tuesday,1,Winter
2023-01-03 05:00:00,2300.3,22.0,5,Tuesday,1,Winter
2023-01-03 06:00:00,2196.1,21.4,6,Tuesday,1,Winter
2023-01-03 07:00:00,2092.9,21.1,7,Tuesday,1,Winter
2023-01-03 08:00:00,1943.5,20.6,8,Tuesday,1,Winter
2023-01-03 09:00:00,1949.4,21.1,9,Tuesday,1,Winter
2023-01-03 10:00:00,2001.5,21.7,10,Tuesday,1,Winter
2023-01-03 11:00:00,2095.1,21.4,11,Tuesday,1,Winter
2023-01-03 12:00:00,2115.4,21.5,12,Tuesday,1,Winter
2023-01-03 13:00:00,2255.9,23.0,13,Tuesday,1,Winter
2023-01-03 14:00:00,2348.2,21.4,14,Tuesday,1,Winter
2023-01-03 15:00:00,2506.1,20.0,15,Tuesday,1,Winter
2023-01-03 16:00:00,2830.3,22.3,16,Tuesday,1,Winter
2023-01-03 17:00:00,3092.5,18.9,17,Tuesday,1,Winter
2023-01-03 18:00:00,3217.2,19.3,18,Tuesday,1,Winter
2023-01-03 19:00:00,3509.5,21.5,19,Tuesday,1,Winter
2023-01-03 20:00:00,3560.3,21.7,20,Tuesday,1,Winter
2023-01-03 21:00:00,3447.7,19.1,21,Tuesday,1,Winter
2023-01-03 22:00:00,3409.3,20.4,22,Tuesday,1,Winter
2023-01-03 23:00:00,3335.0,20.1,23,Tuesday,1,Winter
2023-01-04 00:00:00,2997.1,20.0,0,Wednesday,1,Winter
2023-01-04 01:00:00,2987.2,22.2,1,Wednesday,1,Winter
2023-01-04 02:00:00,2550.5,21.8,2,Wednesday,1,Winter
2023-01-04 03:00:00,2625.9,20.7,3,Wednesday,1,Winter
2023-01-04 04:00:00,2422.1,19.9,4,Wednesday,1,Winter
2023-01-04 05:00:00,2254.3,18.7,5,Wednesday,1,Winter
2023-01-04 06:00:00,2151.2,22.9,6,Wednesday,1,Winter
2023-01-04 07:00:00,1948.5,21.7,7,Wednesday,1,Winter
2023-01-04 08:00:00,1979.1,19.7,8,Wednesday,1,Winter
2023-01-04 09:00:00,1987.1,21.8,9,Wednesday,1,Winter
2023-01-04 10:00:00,2063.6,20.7,10,Wednesday,1,Winter
2023-01-04 11:00:00,2023.8,20.3,11,Wednesday,1,Winter
2023-01-04 12:00:00,2103.0,21.4,12,Wednesday,1,Winter
2023-01-04 13:00:00,2243.6,19.7,13,Wednesday,1,Winter
2023-01-04 14:00:00,2476.5,20.2,14,Wednesday,1,Winter
2023-01-04 15:00:00,2611.1,20.9,15,Wednesday,1,Winter
2023-01-04 16:00:00,2744.0,20.0,16,Wednesday,1,Winter
2023-01-04 17:00:00,3037.0,21.8,17,Wednesday,1,Winter
2023-01-04 18:00:00,3238.8,23.6,18,Wednesday,1,Winter
2023-01-04 19:00:00,3515.2,19.6,19,Wednesday,1,Winter
2023-01-04 20:00:00,3475.1,18.3,20,Wednesday,1,Winter
2023-01-04 21:00:00,3484.2,17.8,21,Wednesday,1,Winter
2023-01-04 22:00:00,3354.0,20.5,22,Wednesday,1,Winter
2023-01-04 23:00:00,3101.7,19.8,23,Wednesday,1,Winter
2023-01-05 00:00:00,3030.0,20.9,0,Thursday,1,Winter
2023-01-05 01:00:00,2901.2,20.8,1,Thursday,1,Winter
2023-01-05 02:00:00,2736.8,18.2,2,Thursday,1,Winter
2023-01-05 03:00:00,2564.7,17.8,3,Thursday,1,Winter
2023-01-05 04:00:00,2337.5,21.0,4,Thursday,1,Winter
2023-01-05 05:00:00,2253.3,20.8,5,Thursday,1,Winter
2023-01-05 06:00:00,2133.5,19.9,6,Thursday,1,Winter
2023-01-05 07:00:00,2014.5,18.1,7,Thursday,1,Winter
2023-01-05 08:00:00,1987.3,21.3,8,Thursday,1,Winter
2023-01-05 09:00:00,1994.7,22.5,9,Thursday,1,Winter
2023-01-05 10:00:00,2089.4,21.0,10,Thursday,1,Winter
2023-01-05 11:00:00,2064.8,19.3,11,Thursday,1,Winter
2023-01-05 12:00:00,2165.9,20.6,12,Thursday,1,Winter
2023-01-05 13:00:00,2273.9,18.5,13,Thursday,1,Winter
2023-01-05 14:00:00,2311.0,22.1,14,Thursday,1,Winter
2023-01-05 15:00:00,2594.9,20.7,15,Thursday,1,Winter
2023-01-05 16:00:00,2792.4,17.9,16,Thursday,1,Winter
2023-01-05 17:00:00,3191.7,20.1,17,Thursday,1,Winter
2023-01-05 18:00:00,3224.0,21.3,18,Thursday,1,Winter
2023-01-05 19:00:00,3467.2,20.1,19,Thursday,1,Winter
2023-01-05 20:00:00,3543.5,20.1,20,Thursday,1,Winter
2023-01-05 21:00:00,3419.4,18.7,21,Thursday,1,Winter
2023-01-05 22:00:00,3493.2,21.4,22,Thursday,1,Winter
2023-01-05 23:00:00,3288.7,19.6,23,Thursday,1,Winter
2023-01-06 00:00:00,3075.9,17.1,0,Friday,1,Winter
2023-01-06 01:00:00,2824.8,19.8,1,Friday,1,Winter
2023-01-06 02:00:00,2840.4,21.8,2,Friday,1,Winter
2023-01-06 03:00:00,2496.5,19.8,3,Friday,1,Winter
2023-01-06 04:00:00,2465.7,23.0,4,Friday,1,Winter
2023-01-06 05:00:00,2408.8,21.0,5,Friday,1,Winter
2023-01-06 06:00:00,2104.6,20.9,6,Friday,1,Winter
2023-01-06 07:00:00,2032.4,20.2,7,Friday,1,Winter
2023-01-06 08:00:00,2005.9,20.3,8,Friday,1,Winter
2023-01-06 09:00:00,1955.3,20.0,9,Friday,1,Winter
2023-01-06 10:00:00,1923.4,19.9,10,Friday,1,Winter
2023-01-06 11:00:00,2065.1,21.2,11,Friday,1,Winter
2023-01-06 12:00:00,2100.8,19.0,12,Friday,1,Winter
2023-01-06 13:00:00,2311.6,18.7,13,Friday,1,Winter
2023-01-06 14:00:00,2378.4,18.7,14,Friday,1,Winter
2023-01-06 15:00:00,2704.9,23.4,15,Friday,1,Winter
2023-01-06 16:00:00,2741.3,21.2,16,Friday,1,Winter
2023-01-06 17:00:00,2990.7,20.8,17,Friday,1,Winter
2023-01-06 18:00:00,3314.8,18.8,18,Friday,1,Winter
2023-01-06 19:00:00,3344.7,21.3,19,Friday,1,Winter
2023-01-06 20:00:00,3576.8,20.2,20,Friday,1,Winter
2023-01-06 21:00:00,3647.7,20.7,21,Friday,1,Winter
2023-01-06 22:00:00,3268.9,18.9,22,Friday,1,Winter
2023-01-06 23:00:00,3252.1,20.6,23,Friday,1,Winter
2023-01-07 00:00:00,3044.9,19.5,0,Saturday,1,Winter
2023-01-07 01:00:00,2955.8,19.0,1,Saturday,1,Winter
2023-01-07 02:00:00,2667.3,21.3,2,Saturday,1,Winter
2023-01-07 03:00:00,2509.2,17.9,3,Saturday,1,Winter
2023-01-07 04:00:00,2469.1,21.0,4,Saturday,1,Winter
2023-01-07 05:00:00,2307.5,21.2,5,Saturday,1,Winter
2023-01-07 06:00:00,2178.0,18.8,6,Saturday,1,Winter
2023-01-07 07:00:00,2085.6,18.9,7,Saturday,1,Winter
2023-01-07 08:00:00,1972.8,19.8,8,Saturday,1,Winter
2023-01-07 09:00:00,1997.7,20.6,9,Saturday,1,Winter
2023-01-07 10:00:00,2021.6,19.9,10,Saturday,1,Winter
2023-01-07 11:00:00,2030.8,20.8,11,Saturday,1,Winter
2023-01-07 12:00:00,2265.5,22.8,12,Saturday,1,Winter
2023-01-07 13:00:00,2318.5,19.4,13,Saturday,1,Winter
2023-01-07 14:00:00,2368.9,17.6,14,Saturday,1,Winter
2023-01-07 15:00:00,2654.6,21.4,15,Saturday,1,Winter
2023-01-07 16:00:00,2736.1,22.7,16,Saturday,1,Winter
2023-01-07 17:00:00,3083.5,20.7,17,Saturday,1,Winter
2023-01-07 18:00:00,3352.8,18.5,18,Saturday,1,Winter
2023-01-07 19:00:00,3390.2,20.0,19,Saturday,1,Winter
2023-01-07 20:00:00,3653.1,18.5,20,Saturday,1,Winter
2023-01-07 21:00:00,3579.3,21.1,21,Saturday,1,Winter
2023-01-07 22:00:00,3486.1,18.1,22,Saturday,1,Winter
2023-01-07 23:00:00,3400.7,19.7,23,Saturday,1,Winter
2023-01-08 00:00:00,3016.1,18.4,0,Sunday,1,Winter
2023-01-08 01:00:00,2853.5,20.1,1,Sunday,1,Winter
2023-01-08 02:00:00,2699.6,19.4,2,Sunday,1,Winter
2023-01-08 03:00:00,2549.9,20.2,3,Sunday,1,Winter
2023-01-08 04:00:00,2440.3,20.0,4,Sunday,1,Winter
2023-01-08 05:00:00,2317.3,18.5,5,Sunday,1,Winter
2023-01-08 06:00:00,2186.3,20.9,6,Sunday,1,Winter
2023-01-08 07:00:00,2117.1,19.9,7,Sunday,1,Winter
2023-01-08 08:00:00,2013.9,18.5,8,Sunday,1,Winter
2023-01-08 09:00:00,2064.8,23.3,9,Sunday,1,Winter
2023-01-08 10:00:00,1999.9,20.7,10,Sunday,1,Winter
2023-01-08 11:00:00,2215.3,19.7,11,Sunday,1,Winter
2023-01-08 12:00:00,2205.3,22.1,12,Sunday,1,Winter
2023-01-08 13:00:00,2249.3,22.7,13,Sunday,1,Winter
2023-01-08 14:00:00,2383.7,19.7,14,Sunday,1,Winter
2023-01-08 15:00:00,2651.5,20.5,15,Sunday,1,Winter
2023-01-08 16:00:00,2797.5,18.5,16,Sunday,1,Winter
2023-01-08 17:00:00,3087.6,19.7,17,Sunday,1,Winter
2023-01-08 18:00:00,3307.3,19.7,18,Sunday,1,Winter
2023-01-08 19:00:00,3465.8,20.2,19,Sunday,1,Winter
2023-01-08 20:00:00,3502.6,20.5,20,Sunday,1,Winter
2023-01-08 21:00:00,3419.3,20.8,21,Sunday,1,Winter
2023-01-08 22:00:00,3388.4,20.3,22,Sunday,1,Winter
2023-01-08 23:00:00,3326.7,18.1,23,Sunday,1,Winter
2023-01-09 00:00:00,3061.1,18.3,0,Monday,1,Winter
2023-01-09 01:00:00,2827.0,18.9,1,Monday,1,Winter
2023-01-09 02:00:00,2782.1,19.3,2,Monday,1,Winter
2023-01-09 03:00:00,2636.7,21.3,3,Monday,1,Winter
2023-01-09 04:00:00,2398.8,18.0,4,Monday,1,Winter
2023-01-09 05:00:00,2314.2,19.2,5,Monday,1,Winter
2023-01-09 06:00:00,2181.6,21.2,6,Monday,1,Winter
2023-01-09 07:00:00,2021.6,19.3,7,Monday,1,Winter
2023-01-09 08:00:00,2037.9,20.4,8,Monday,1,Winter
2023-01-09 09:00:00,2027.0,19.5,9,Monday,1,Winter
2023-01-09 10:00:00,2074.6,20.1,10,Monday,1,Winter
2023-01-09 11:00:00,2135.9,19.4,11,Monday,1,Winter
2023-01-09 12:00:00,2103.5,20.8,12,Monday,1,Winter
2023-01-09 13:00:00,2252.1,17.4,13,Monday,1,Winter
2023-01-09 14:00:00,2489.0,19.2,14,Monday,1,Winter
2023-01-09 15:00:00,2662.4,20.2,15,Monday,1,Winter
2023-01-09 16:00:00,2858.8,20.6,16,Monday,1,Winter
2023-01-09 17:00:00,3336.6,22.0,17,Monday,1,Winter
2023-01-09 18:00:00,3326.2,19.2,18,Monday,1,Winter
2023-01-09 19:00:00,3582.5,22.0,19,Monday,1,Winter
2023-01-09 20:00:00,3675.8,18.8,20,Monday,1,Winter
2023-01-09 21:00:00,3623.7,21.7,21,Monday,1,Winter
2023-01-09 22:00:00,3410.9,21.0,22,Monday,1,Winter
2023-01-09 23:00:00,3329.7,18.4,23,Monday,1,Winter
2023-01-10 00:00:00,2996.3,20.0,0,Tuesday,1,Winter
2023-01-10 01:00:00,2910.6,19.5,1,Tuesday,1,Winter
2023-01-10 02:00:00,2746.0,20.5,2,Tuesday,1,Winter
2023-01-10 03:00:00,2626.0,19.2,3,Tuesday,1,Winter
2023-01-10 04:00:00,2604.0,19.1,4,Tuesday,1,Winter
2023-01-10 05:00:00,2205.3,21.6,5,Tuesday,1,Winter
2023-01-10 06:00:00,2223.5,19.4,6,Tuesday,1,Winter
2023-01-10 07:00:00,2004.1,20.8,7,Tuesday,1,Winter
2023-01-10 08:00:00,2002.9,19.2,8,Tuesday,1,Winter
2023-01-10 09:00:00,2060.5,22.0,9,Tuesday,1,Winter
2023-01-10 10:00:00,2030.1,18.5,10,Tuesday,1,Winter
2023-01-10 11:00:00,2032.0,18.6,11,Tuesday,1,Winter
2023-01-10 12:00:00,2147.0,21.8,12,Tuesday,1,Winter
2023-01-10 13:00:00,2353.4,18.9,13,Tuesday,1,Winter
2023-01-10 14:00:00,2420.8,21.9,14,Tuesday,1,Winter
2023-01-10 15:00:00,2652.0,20.9,15,Tuesday,1,Winter
2023-01-10 16:00:00,2835.5,19.3,16,Tuesday,1,Winter
2023-01-10 17:00:00,3004.3,16.8,17,Tuesday,1,Winter
2023-01-10 18:00:00,3467.1,19.5,18,Tuesday,1,Winter
2023-01-10 19:00:00,3551.0,19.7,19,Tuesday,1,Winter
2023-01-10 20:00:00,3420.2,21.3,20,Tuesday,1,Winter
2023-01-10 21:00:00,3594.6,21.9,21,Tuesday,1,Winter
2023-01-10 22:00:00,3392.8,18.5,22,Tuesday,1,Winter
2023-01-10 23:00:00,3348.9,20.7,23,Tuesday,1,Winter
2023-01-11 00:00:00,3005.6,20.5,0,Wednesday,1,Winter
2023-01-11 01:00:00,2930.1,21.0,1,Wednesday,1,Winter
2023-01-11 02:00:00,2825.0,20.1,2,Wednesday,1,Winter
2023-01-11 03:00:00,2687.0,16.4,3,Wednesday,1,Winter
2023-01-11 04:00:00,2396.3,19.1,4,Wednesday,1,Winter
2023-01-11 05:00:00,2302.2,17.6,5,Wednesday,1,Winter
2023-01-11 06:00:00,2167.8,19.0,6,Wednesday,1,Winter
2023-01-11 07:00:00,2061.6,20.8,7,Wednesday,1,Winter
2023-01-11 08:00:00,2123.9,19.8,8,Wednesday,1,Winter
2023-01-11 09:00:00,2033.5,21.1,9,Wednesday,1,Winter
2023-01-11 10:00:00,1970.0,19.9,10,Wednesday,1,Winter
2023-01-11 11:00:00,2143.9,17.4,11,Wednesday,1,Winter
2023-01-11 12:00:00,2310.4,15.6,12,Wednesday,1,Winter
2023-01-11 13:00:00,2382.4,19.6,13,Wednesday,1,Winter
2023-01-11 14:00:00,2380.7,19.0,14,Wednesday,1,Winter
2023-01-11 15:00:00,2615.2,17.9,15,Wednesday,1,Winter
2023-01-11 16:00:00,2932.5,16.8,16,Wednesday,1,Winter
2023-01-11 17:00:00,3010.8,18.2,17,Wednesday,1,Winter
2023-01-11 18:00:00,3339.3,19.0,18,Wednesday,1,Winter
2023-01-11 19:00:00,3576.2,20.3,19,Wednesday,1,Winter
2023-01-11 20:00:00,3531.8,19.6,20,Wednesday,1,Winter
2023-01-11 21:00:00,3585.5,21.8,21,Wednesday,1,Winter
2023-01-11 22:00:00,3181.8,17.8,22,Wednesday,1,Winter
2023-01-11 23:00:00,3206.6,20.7,23,Wednesday,1,Winter
2023-01-12 00:00:00,3058.4,19.2,0,Thursday,1,Winter
2023-01-12 01:00:00,2857.6,20.2,1,Thursday,1,Winter
2023-01-12 02:00:00,2914.5,18.5,2,Thursday,1,Winter
2023-01-12 03:00:00,2545.6,20.7,3,Thursday,1,Winter
2023-01-12 04:00:00,2452.4,19.6,4,Thursday,1,Winter
2023-01-12 05:00:00,2338.0,18.1,5,Thursday,1,Winter
2023-01-12 06:00:00,2281.4,19.1,6,Thursday,1,Winter
2023-01-12 07:00:00,2028.2,18.8,7,Thursday,1,Winter
2023-01-12 08:00:00,2101.2,19.9,8,Thursday,1,Winter
2023-01-12 09:00:00,2021.2,17.4,9,Thursday,1,Winter
2023-01-12 10:00:00,1991.7,19.1,10,Thursday,1,Winter
2023-01-12 11:00:00,2128.0,19.7,11,Thursday,1,Winter
2023-01-12 12:00:00,2213.2,19.2,12,Thursday,1,Winter
2023-01-12 13:00:00,2296.2,21.2,13,Thursday,1,Winter
2023-01-12 14:00:00,2488.4,20.3,14,Thursday,1,Winter
2023-01-12 15:00:00,2631.6,19.1,15,Thursday,1,Winter
2023-01-12 16:00:00,2861.3,19.5,16,Thursday,1,Winter
2023-01-12 17:00:00,3127.5,19.6,17,Thursday,1,Winter
2023-01-12 18:00:00,3446.5,19.7,18,Thursday,1,Winter
2023-01-12 19:00:00,3412.4,16.4,19,Thursday,1,Winter
2023-01-12 20:00:00,3822.8,18.7,20,Thursday,1,Winter
2023-01-12 21:00:00,3428.5,16.9,21,Thursday,1,Winter
2023-01-12 22:00:00,3462.1,21.1,22,Thursday,1,Winter
2023-01-12 23:00:00,3351.8,19.0,23,Thursday,1,Winter
2023-01-13 00:00:00,3111.6,18.6,0,Friday,1,Winter
2023-01-13 01:00:00,2915.0,20.3,1,Friday,1,Winter
2023-01-13 02:00:00,2796.6,19.6,2,Friday,1,Winter
2023-01-13 03:00:00,2617.6,17.2,3,Friday,1,Winter
2023-01-13 04:00:00,2452.7,18.8,4,Friday,1,Winter
2023-01-13 05:00:00,2389.1,18.4,5,Friday,1,Winter
2023-01-13 06:00:00,2230.4,16.3,6,Friday,1,Winter
2023-01-13 07:00:00,2075.3,17.9,7,Friday,1,Winter
2023-01-13 08:00:00,2095.9,18.7,8,Friday,1,Winter
2023-01-13 09:00:00,2044.2,18.8,9,Friday,1,Winter
2023-01-13 10:00:00,2091.5,16.7,10,Friday,1,Winter
2023-01-13 11:00:00,2145.2,20.7,11,Friday,1,Winter
2023-01-13 12:00:00,2165.0,18.8,12,Friday,1,Winter
2023-01-13 13:00:00,2307.5,19.0,13,Friday,1,Winter
2023-01-13 14:00:00,2540.3,19.5,14,Friday,1,Winter
2023-01-13 15:00:00,2708.2,17.7,15,Friday,1,Winter
2023-01-13 16:00:00,2862.8,19.6,16,Friday,1,Winter
2023-01-13 17:00:00,3097.6,18.4,17,Friday,1,Winter
2023-01-13 18:00:00,3434.3,17.6,18,Friday,1,Winter
2023-01-13 19:00:00,3482.9,19.8,19,Friday,1,Winter
2023-01-13 20:00:00,3693.2,21.2,20,Friday,1,Winter
2023-01-13 21:00:00,3600.2,20.0,21,Friday,1,Winter
2023-01-13 22:00:00,3469.9,20.3,22,Friday,1,Winter
2023-01-13 23:00:00,3407.2,18.1,23,Friday,1,Winter
2023-01-14 00:00:00,3166.4,16.3,0,Saturday,1,Winter
2023-01-14 01:00:00,3033.6,21.0,1,Saturday,1,Winter
2023-01-14 02:00:00,2914.7,21.8,2,Saturday,1,Winter
2023-01-14 03:00:00,2662.4,21.0,3,Saturday,1,Winter
2023-01-14 04:00:00,2542.1,18.2,4,Saturday,1,Winter
2023-01-14 05:00:00,2330.7,17.0,5,Saturday,1,Winter
2023-01-14 06:00:00,2237.6,17.1,6,Saturday,1,Winter
2023-01-14 07:00:00,2113.6,16.2,7,Saturday,1,Winter
2023-01-14 08:00:00,2063.1,18.6,8,Saturday,1,Winter
2023-01-14 09:00:00,2067.1,21.1,9,Saturday,1,Winter
2023-01-14 10:00:00,2016.0,18.5,10,Saturday,1,Winter
2023-01-14 11:00:00,2231.4,19.2,11,Saturday,1,Winter
2023-01-14 12:00:00,2164.0,20.8,12,Saturday,1,Winter
2023-01-14 13:00:00,2278.5,18.1,13,Saturday,1,Winter
2023-01-14 14:00:00,2576.3,21.8,14,Saturday,1,Winter
2023-01-14 15:00:00,2731.4,21.7,15,Saturday,1,Winter
2023-01-14 16:00:00,2920.8,18.5,16,Saturday,1,Winter
2023-01-14 17:00:00,3149.8,17.9,17,Saturday,1,Winter
2023-01-14 18:00:00,3340.5,19.8,18,Saturday,1,Winter
2023-01-14 19:00:00,3469.9,18.2,19,Saturday,1,Winter
2023-01-14 20:00:00,3665.1,17.0,20,Saturday,1,Winter
2023-01-14 21:00:00,3571.6,20.6,21,Saturday,1,Winter
2023-01-14 22:00:00,3588.5,20.5,22,Saturday,1,Winter
2023-01-14 23:00:00,3317.3,19.0,23,Saturday,1,Winter
2023-01-15 00:00:00,3051.1,16.6,0,Sunday,1,Winter
2023-01-15 01:00:00,2961.6,16.7,1,Sunday,1,Winter
2023-01-15 02:00:00,2863.7,18.7,2,Sunday,1,Winter
2023-01-15 03:00:00,2634.5,17.8,3,Sunday,1,Winter
2023-01-15 04:00:00,2458.4,18.0,4,Sunday,1,Winter
2023-01-15 05:00:00,2373.1,20.0,5,Sunday,1,Winter
2023-01-15 06:00:00,2242.6,19.6,6,Sunday,1,Winter
2023-01-15 07:00:00,2102.4,20.6,7,Sunday,1,Winter
2023-01-15 08:00:00,2042.4,17.0,8,Sunday,1,Winter
2023-01-15 09:00:00,2057.2,18.0,9,Sunday,1,Winter
2023-01-15 10:00:00,1991.9,19.7,10,Sunday,1,Winter
2023-01-15 11:00:00,2054.4,19.2,11,Sunday,1,Winter
2023-01-15 12:00:00,2189.1,20.8,12,Sunday,1,Winter
2023-01-15 13:00:00,2347.1,19.1,13,Sunday,1,Winter
2023-01-15 14:00:00,2533.9,21.3,14,Sunday,1,Winter
2023-01-15 15:00:00,2788.8,19.3,15,Sunday,1,Winter
2023-01-15 16:00:00,2949.9,20.1,16,Sunday,1,Winter
2023-01-15 17:00:00,3101.7,18.0,17,Sunday,1,Winter
2023-01-15 18:00:00,3353.9,18.5,18,Sunday,1,Winter
2023-01-15 19:00:00,3475.0,19.9,19,Sunday,1,Winter
2023-01-15 20:00:00,3671.8,20.9,20,Sunday,1,Winter
2023-01-15 21:00:00,3622.0,19.6,21,Sunday,1,Winter
2023-01-15 22:00:00,3546.1,18.4,22,Sunday,1,Winter
2023-01-15 23:00:00,3274.4,20.6,23,Sunday,1,Winter
2023-01-16 00:00:00,3169.5,15.0,0,Monday,1,Winter
2023-01-16 01:00:00,3113.4,16.2,1,Monday,1,Winter
2023-01-16 02:00:00,2838.9,19.3,2,Monday,1,Winter
2023-01-16 03:00:00,2710.7,18.3,3,Monday,1,Winter
2023-01-16 04:00:00,2564.3,19.2,4,Monday,1,Winter
2023-01-16 05:00:00,2345.2,18.4,5,Monday,1,Winter
2023-01-16 06:00:00,2251.2,19.2,6,Monday,1,Winter
2023-01-16 07:00:00,2139.2,17.1,7,Monday,1,Winter
2023-01-16 08:00:00,2080.8,19.2,8,Monday,1,Winter
2023-01-16 09:00:00,2014.5,19.8,9,Monday,1,Winter
2023-01-16 10:00:00,2077.0,20.1,10,Monday,1,Winter
2023-01-16 11:00:00,2165.2,21.3,11,Monday,1,Winter
2023-01-16 12:00:00,2320.0,18.7,12,Monday,1,Winter
2023-01-16 13:00:00,2426.7,18.7,13,Monday,1,Winter
2023-01-16 14:00:00,2661.2,16.0,14,Monday,1,Winter
2023-01-16 15:00:00,2649.4,17.5,15,Monday,1,Winter
2023-01-16 16:00:00,2963.8,18.0,16,Monday,1,Winter
2023-01-16 17:00:00,3141.9,19.9,17,Monday,1,Winter
2023-01-16 18:00:00,3554.5,17.4,18,Monday,1,Winter
2023-01-16 19:00:00,3507.5,19.5,19,Monday,1,Winter
2023-01-16 20:00:00,3612.0,18.3,20,Monday,1,Winter
2023-01-16 21:00:00,3609.2,18.0,21,Monday,1,Winter
2023-01-16 22:00:00,3345.4,18.7,22,Monday,1,Winter
2023-01-16 23:00:00,3313.9,17.7,23,Monday,1,Winter
2023-01-17 00:00:00,3083.2,17.5,0,Tuesday,1,Winter
2023-01-17 01:00:00,3023.2,15.5,1,Tuesday,1,Winter
2023-01-17 02:00:00,2883.8,17.7,2,Tuesday,1,Winter
2023-01-17 03:00:00,2822.2,17.4,3,Tuesday,1,Winter
2023-01-17 04:00:00,2592.2,17.3,4,Tuesday,1,Winter
2023-01-17 05:00:00,2345.3,18.7,5,Tuesday,1,Winter
2023-01-17 06:00:00,2198.1,19.1,6,Tuesday,1,Winter
2023-01-17 07:00:00,2174.5,18.5,7,Tuesday,1,Winter
2023-01-17 08:00:00,2016.1,19.6,8,Tuesday,1,Winter
2023-01-17 09:00:00,2157.9,19.0,9,Tuesday,1,Winter
2023-01-17 10:00:00,2146.4,17.7,10,Tuesday,1,Winter
2023-01-17 11:00:00,2122.9,17.4,11,Tuesday,1,Winter
2023-01-17 12:00:00,2152.4,18.6,12,Tuesday,1,Winter
2023-01-17 13:00:00,2461.0,19.0,13,Tuesday,1,Winter
2023-01-17 14:00:00,2529.3,20.2,14,Tuesday,1,Winter
2023-01-17 15:00:00,2797.3,19.9,15,Tuesday,1,Winter
2023-01-17 16:00:00,2797.3,17.3,16,Tuesday,1,Winter
2023-01-17 17:00:00,3094.5,18.0,17,Tuesday,1,Winter
2023-01-17 18:00:00,3385.5,19.1,18,Tuesday,1,Winter
2023-01-17 19:00:00,3600.0,19.7,19,Tuesday,1,Winter
2023-01-17 20:00:00,3664.2,19.5,20,Tuesday,1,Winter
2023-01-17 21:00:00,3737.8,18.0,21,Tuesday,1,Winter
2023-01-17 22:00:00,3454.0,16.2,22,Tuesday,1,Winter
2023-01-17 23:00:00,3361.0,16.6,23,Tuesday,1,Winter
2023-01-18 00:00:00,3166.8,18.3,0,Wednesday,1,Winter
2023-01-18 01:00:00,3064.7,18.4,1,Wednesday,1,Winter
2023-01-18 02:00:00,2923.7,16.2,2,Wednesday,1,Winter
2023-01-18 03:00:00,2632.0,18.0,3,Wednesday,1,Winter
2023-01-18 04:00:00,2446.2,18.8,4,Wednesday,1,Winter
2023-01-18 05:00:00,2466.9,16.2,5,Wednesday,1,Winter
2023-01-18 06:00:00,2277.7,19.6,6,Wednesday,1,Winter
2023-01-18 07:00:00,2117.6,17.3,7,Wednesday,1,Winter
2023-01-18 08:00:00,2175.8,19.8,8,Wednesday,1,Winter
2023-01-18 09:00:00,2078.9,17.1,9,Wednesday,1,Winter
2023-01-18 10:00:00,2156.3,16.4,10,Wednesday,1,Winter
2023-01-18 11:00:00,2161.7,17.2,11,Wednesday,1,Winter
2023-01-18 12:00:00,2375.5,17.8,12,Wednesday,1,Winter
2023-01-18 13:00:00,2496.3,17.3,13,Wednesday,1,Winter
2023-01-18 14:00:00,2532.3,17.6,14,Wednesday,1,Winter
2023-01-18 15:00:00,2792.0,18.4,15,Wednesday,1,Winter
2023-01-18 16:00:00,2974.1,17.6,16,Wednesday,1,Winter
2023-01-18 17:00:00,3264.0,17.8,17,Wednesday,1,Winter
2023-01-18 18:00:00,3318.6,15.3,18,Wednesday,1,Winter
2023-01-18 19:00:00,3674.3,18.5,19,Wednesday,1,Winter
2023-01-18 20:00:00,3821.5,17.8,20,Wednesday,1,Winter
2023-01-18 21:00:00,3534.9,20.3,21,Wednesday,1,Winter
2023-01-18 22:00:00,3459.6,16.5,22,Wednesday,1,Winter
2023-01-18 23:00:00,3215.8,15.2,23,Wednesday,1,Winter
2023-01-19 00:00:00,3150.9,18.6,0,Thursday,1,Winter
2023-01-19 01:00:00,3094.6,18.2,1,Thursday,1,Winter
2023-01-19 02:00:00,2994.5,16.2,2,Thursday,1,Winter
2023-01-19 03:00:00,2726.0,15.4,3,Thursday,1,Winter
2023-01-19 04:00:00,2659.8,20.0,4,Thursday,1,Winter
2023-01-19 05:00:00,2319.0,19.8,5,Thursday,1,Winter
2023-01-19 06:00:00,2173.0,14.0,6,Thursday,1,Winter
2023-01-19 07:00:00,2165.2,17.0,7,Thursday,1,Winter
2023-01-19 08:00:00,2124.7,20.2,8,Thursday,1,Winter
2023-01-19 09:00:00,2081.0,17.0,9,Thursday,1,Winter
2023-01-19 10:00:00,1995.7,17.0,10,Thursday,1,Winter
2023-01-19 11:00:00,2163.4,17.3,11,Thursday,1,Winter
2023-01-19 12:00:00,2195.8,16.0,12,Thursday,1,Winter
2023-01-19 13:00:00,2442.9,15.1,13,Thursday,1,Winter
2023-01-19 14:00:00,2583.7,19.3,14,Thursday,1,Winter
2023-01-19 15:00:00,2674.3,14.9,15,Thursday,1,Winter
2023-01-19 16:00:00,2902.9,18.1,16,Thursday,1,Winter
2023-01-19 17:00:00,3087.0,19.0,17,Thursday,1,Winter
2023-01-19 18:00:00,3411.4,15.5,18,Thursday,1,Winter
2023-01-19 19:00:00,3716.1,16.3,19,Thursday,1,Winter
2023-01-19 20:00:00,3648.4,19.5,20,Thursday,1,Winter
2023-01-19 21:00:00,3761.7,18.5,21,Thursday,1,Winter
2023-01-19 22:00:00,3534.5,16.8,22,Thursday,1,Winter
2023-01-19 23:00:00,3337.1,19.5,23,Thursday,1,Winter
2023-01-20 00:00:00,3179.1,19.3,0,Friday,1,Winter
2023-01-20 01:00:00,2975.8,17.9,1,Friday,1,Winter
2023-01-20 02:00:00,2860.0,16.1,2,Friday,1,Winter
2023-01-20 03:00:00,2652.3,16.9,3,Friday,1,Winter
2023-01-20 04:00:00,2694.3,17.9,4,Friday,1,Winter
2023-01-20 05:00:00,2415.6,17.2,5,Friday,1,Winter
2023-01-20 06:00:00,2240.8,18.9,6,Friday,1,Winter
2023-01-20 07:00:00,2190.4,15.2,7,Friday,1,Winter
2023-01-20 08:00:00,2108.7,15.2,8,Friday,1,Winter
2023-01-20 09:00:00,2081.2,17.8,9,Friday,1,Winter
2023-01-20 10:00:00,2147.1,16.7,10,Friday,1,Winter
2023-01-20 11:00:00,2220.0,16.5,11,Friday,1,Winter
2023-01-20 12:00:00,2250.5,14.8,12,Friday,1,Winter
2023-01-20 13:00:00,2379.6,17.5,13,Friday,1,Winter
2023-01-20 14:00:00,2555.0,17.4,14,Friday,1,Winter
2023-01-20 15:00:00,2593.6,18.5,15,Friday,1,Winter
2023-01-20 16:00:00,2843.0,17.6,16,Friday,1,Winter
2023-01-20 17:00:00,3295.2,17.3,17,Friday,1,Winter
2023-01-20 18:00:00,3574.5,19.2,18,Friday,1,Winter
2023-01-20 19:00:00,3624.3,15.5,19,Friday,1,Winter
2023-01-20 20:00:00,3812.9,18.3,20,Friday,1,Winter
2023-01-20 21:00:00,3762.0,15.0,21,Friday,1,Winter
2023-01-20 22:00:00,3876.4,16.2,22,Friday,1,Winter
2023-01-20 23:00:00,3516.8,15.7,23,Friday,1,Winter
2023-01-21 00:00:00,3193.3,18.5,0,Saturday,1,Winter
2023-01-21 01:00:00,2996.7,17.2,1,Saturday,1,Winter
2023-01-21 02:00:00,2797.5,17.3,2,Saturday,1,Winter
2023-01-21 03:00:00,2761.7,15.6,3,Saturday,1,Winter
2023-01-21 04:00:00,2532.1,16.8,4,Saturday,1,Winter
2023-01-21 05:00:00,2339.2,16.1,5,Saturday,1,Winter
2023-01-21 06:00:00,2255.0,17.9,6,Saturday,1,Winter
2023-01-21 07:00:00,2130.4,15.8,7,Saturday,1,Winter
2023-01-21 08:00:00,2214.8,19.3,8,Saturday,1,Winter
2023-01-21 09:00:00,2149.6,14.8,9,Saturday,1,Winter
2023-01-21 10:00:00,2124.8,16.1,10,Saturday,1,Winter
2023-01-21 11:00:00,2270.6,19.8,11,Saturday,1,Winter
2023-01-21 12:00:00,2296.6,16.6,12,Saturday,1,Winter
2023-01-21 13:00:00,2374.1,15.3,13,Saturday,1,Winter
2023-01-21 14:00:00,2683.9,17.6,14,Saturday,1,Winter
2023-01-21 15:00:00,2802.9,16.6,15,Saturday,1,Winter
2023-01-21 16:00:00,2892.7,16.0,16,Saturday,1,Winter
2023-01-21 17:00:00,3186.9,15.6,17,Saturday,1,Winter
2023-01-21 18:00:00,3374.9,21.4,18,Saturday,1,Winter
2023-01-21 19:00:00,3538.5,16.9,19,Saturday,1,Winter
2023-01-21 20:00:00,3864.9,14.4,20,Saturday,1,Winter
2023-01-21 21:00:00,3930.6,19.5,21,Saturday,1,Winter
2023-01-21 22:00:00,3490.8,18.2,22,Saturday,1,Winter
2023-01-21 23:00:00,3486.5,16.1,23,Saturday,1,Winter
2023-01-22 00:00:00,3167.5,15.7,0,Sunday,1,Winter
2023-01-22 01:00:00,3048.1,18.1,1,Sunday,1,Winter
2023-01-22 02:00:00,2886.0,16.7,2,Sunday,1,Winter
2023-01-22 03:00:00,2702.1,14.2,3,Sunday,1,Winter
2023-01-22 04:00:00,2597.2,19.8,4,Sunday,1,Winter
2023-01-22 05:00:00,2387.2,16.4,5,Sunday,1,Winter
2023-01-22 06:00:00,2319.3,19.3,6,Sunday,1,Winter
2023-01-22 07:00:00,2198.0,19.0,7,Sunday,1,Winter
2023-01-22 08:00:00,2123.3,15.6,8,Sunday,1,Winter
2023-01-22 09:00:00,2066.0,18.6,9,Sunday,1,Winter
2023-01-22 10:00:00,2105.2,16.1,10,Sunday,1,Winter
2023-01-22 11:00:00,2242.3,14.3,11,Sunday,1,Winter
2023-01-22 12:00:00,2332.7,16.4,12,Sunday,1,Winter
2023-01-22 13:00:00,2379.1,17.7,13,Sunday,1,Winter
2023-01-22 14:00:00,2605.1,16.4,14,Sunday,1,Winter
2023-01-22 15:00:00,2832.0,16.6,15,Sunday,1,Winter
2023-01-22 16:00:00,2860.2,18.8,16,Sunday,1,Winter
2023-01-22 17:00:00,3262.2,17.2,17,Sunday,1,Winter
2023-01-22 18:00:00,3410.5,15.8,18,Sunday,1,Winter
2023-01-22 19:00:00,3736.4,18.1,19,Sunday,1,Winter
2023-01-22 20:00:00,3724.2,17.4,20,Sunday,1,Winter
2023-01-22 21:00:00,3600.5,13.3,21,Sunday,1,Winter
2023-01-22 22:00:00,3487.7,17.7,22,Sunday,1,Winter
2023-01-22 23:00:00,3459.8,17.7,23,Sunday,1,Winter
2023-01-23 00:00:00,3257.6,16.9,0,Monday,1,Winter
2023-01-23 01:00:00,3031.6,18.2,1,Monday,1,Winter
2023-01-23 02:00:00,2991.7,15.9,2,Monday,1,Winter
2023-01-23 03:00:00,2660.8,17.4,3,Monday,1,Winter
2023-01-23 04:00:00,2603.3,14.5,4,Monday,1,Winter
2023-01-23 05:00:00,2376.4,17.5,5,Monday,1,Winter
2023-01-23 06:00:00,2277.9,19.8,6,Monday,1,Winter
2023-01-23 07:00:00,2214.8,15.4,7,Monday,1,Winter
2023-01-23 08:00:00,2101.0,15.7,8,Monday,1,Winter
2023-01-23 09:00:00,2104.5,15.8,9,Monday,1,Winter
2023-01-23 10:00:00,2201.2,17.1,10,Monday,1,Winter
2023-01-23 11:00:00,2180.3,15.3,11,Monday,1,Winter
2023-01-23 12:00:00,2364.2,17.5,12,Monday,1,Winter
2023-01-23 13:00:00,2382.2,18.1,13,Monday,1,Winter
2023-01-23 14:00:00,2646.8,17.7,14,Monday,1,Winter
2023-01-23 15:00:00,2894.9,14.2,15,Monday,1,Winter
2023-01-23 16:00:00,2815.0,18.4,16,Monday,1,Winter
2023-01-23 17:00:00,3170.8,18.3,17,Monday,1,Winter
2023-01-23 18:00:00,3536.4,18.1,18,Monday,1,Winter
2023-01-23 19:00:00,3684.3,17.4,19,Monday,1,Winter
2023-01-23 20:00:00,3851.8,17.2,20,Monday,1,Winter
2023-01-23 21:00:00,3733.1,18.4,21,Monday,1,Winter
2023-01-23 22:00:00,3662.5,19.8,22,Monday,1,Winter
2023-01-23 23:00:00,3460.1,15.4,23,Monday,1,Winter
2023-01-24 00:00:00,3348.8,18.3,0,Tuesday,1,Winter
2023-01-24 01:00:00,3138.1,16.5,1,Tuesday,1,Winter
2023-01-24 02:00:00,2985.3,16.5,2,Tuesday,1,Winter
2023-01-24 03:00:00,2762.2,14.4,3,Tuesday,1,Winter
2023-01-24 04:00:00,2589.5,16.2,4,Tuesday,1,Winter
2023-01-24 05:00:00,2437.0,15.2,5,Tuesday,1,Winter
2023-01-24 06:00:00,2351.0,16.0,6,Tuesday,1,Winter
2023-01-24 07:00:00,2200.6,15.0,7,Tuesday,1,Winter
2023-01-24 08:00:00,2174.2,16.0,8,Tuesday,1,Winter
2023-01-24 09:00:00,2247.1,16.1,9,Tuesday,1,Winter
2023-01-24 10:00:00,2205.6,16.8,10,Tuesday,1,Winter
2023-01-24 11:00:00,2205.9,14.2,11,Tuesday,1,Winter
2023-01-24 12:00:00,2398.1,14.5,12,Tuesday,1,Winter
2023-01-24 13:00:00,2439.4,17.2,13,Tuesday,1,Winter
2023-01-24 14:00:00,2492.3,15.5,14,Tuesday,1,Winter
2023-01-24 15:00:00,2738.3,18.3,15,Tuesday,1,Winter
2023-01-24 16:00:00,2875.2,17.0,16,Tuesday,1,Winter
2023-01-24 17:00:00,3223.9,17.6,17,Tuesday,1,Winter
2023-01-24 18:00:00,3506.2,18.8,18,Tuesday,1,Winter
2023-01-24 19:00:00,3878.8,16.2,19,Tuesday,1,Winter
2023-01-24 20:00:00,3868.1,15.8,20,Tuesday,1,Winter
2023-01-24 21:00:00,3789.6,18.0,21,Tuesday,1,Winter
2023-01-24 22:00:00,3750.2,17.4,22,Tuesday,1,Winter
2023-01-24 23:00:00,3299.1,16.4,23,Tuesday,1,Winter
2023-01-25 00:00:00,3290.8,18.5,0,Wednesday,1,Winter
2023-01-25 01:00:00,3195.6,16.1,1,Wednesday,1,Winter
2023-01-25 02:00:00,2866.4,16.5,2,Wednesday,1,Winter
2023-01-25 03:00:00,2886.3,16.5,3,Wednesday,1,Winter
2023-01-25 04:00:00,2658.0,15.1,4,Wednesday,1,Winter
2023-01-25 05:00:00,2451.3,16.6,5,Wednesday,1,Winter
2023-01-25 06:00:00,2377.7,18.6,6,Wednesday,1,Winter
2023-01-25 07:00:00,2363.0,17.1,7,Wednesday,1,Winter
2023-01-25 08:00:00,2180.2,16.5,8,Wednesday,1,Winter
2023-01-25 09:00:00,2161.2,16.2,9,Wednesday,1,Winter
2023-01-25 10:00:00,2145.4,17.0,10,Wednesday,1,Winter
2023-01-25 11:00:00,2188.6,17.6,11,Wednesday,1,Winter
2023-01-25 12:00:00,2389.4,17.4,12,Wednesday,1,Winter
2023-01-25 13:00:00,2424.9,16.0,13,Wednesday,1,Winter
2023-01-25 14:00:00,2645.1,16.9,14,Wednesday,1,Winter
2023-01-25 15:00:00,2790.6,17.2,15,Wednesday,1,Winter
2023-01-25 16:00:00,3069.0,14.9,16,Wednesday,1,Winter
2023-01-25 17:00:00,3297.4,16.7,17,Wednesday,1,Winter
2023-01-25 18:00:00,3615.1,13.2,18,Wednesday,1,Winter
2023-01-25 19:00:00,3695.3,17.2,19,Wednesday,1,Winter
2023-01-25 20:00:00,3831.6,17.4,20,Wednesday,1,Winter
2023-01-25 21:00:00,3737.4,17.6,21,Wednesday,1,Winter
2023-01-25 22:00:00,3653.0,15.9,22,Wednesday,1,Winter
2023-01-25 23:00:00,3544.2,16.9,23,Wednesday,1,Winter
2023-01-26 00:00:00,3351.9,18.4,0,Thursday,1,Winter
2023-01-26 01:00:00,3079.9,18.4,1,Thursday,1,Winter
2023-01-26 02:00:00,3058.0,16.2,2,Thursday,1,Winter
2023-01-26 03:00:00,2917.2,16.5,3,Thursday,1,Winter
2023-01-26 04:00:00,2677.7,17.9,4,Thursday,1,Winter
2023-01-26 05:00:00,2607.5,14.0,5,Thursday,1,Winter
2023-01-26 06:00:00,2308.1,15.8,6,Thursday,1,Winter
2023-01-26 07:00:00,2178.5,18.3,7,Thursday,1,Winter
2023-01-26 08:00:00,2085.3,17.7,8,Thursday,1,Winter
2023-01-26 09:00:00,2240.5,16.8,9,Thursday,1,Winter
2023-01-26 10:00:00,2218.0,14.0,10,Thursday,1,Winter
2023-01-26 11:00:00,2245.3,16.2,11,Thursday,1,Winter
2023-01-26 12:00:00,2370.2,15.4,12,Thursday,1,Winter
2023-01-26 13:00:00,2421.5,16.7,13,Thursday,1,Winter
2023-01-26 14:00:00,2817.3,15.0,14,Thursday,1,Winter
2023-01-26 15:00:00,2849.2,14.7,15,Thursday,1,Winter
2023-01-26 16:00:00,3057.8,13.2,16,Thursday,1,Winter
2023-01-26 17:00:00,3347.9,18.1,17,Thursday,1,Winter
2023-01-26 18:00:00,3585.8,15.7,18,Thursday,1,Winter
2023-01-26 19:00:00,3784.8,16.5,19,Thursday,1,Winter
2023-01-26 20:00:00,3802.3,16.2,20,Thursday,1,Winter
2023-01-26 21:00:00,3897.8,14.6,21,Thursday,1,Winter
2023-01-26 22:00:00,3889.2,14.4,22,Thursday,1,Winter
2023-01-26 23:00:00,3649.3,14.7,23,Thursday,1,Winter
2023-01-27 00:00:00,3439.9,15.0,0,Friday,1,Winter
2023-01-27 01:00:00,3129.8,16.6,1,Friday,1,Winter
2023-01-27 02:00:00,2935.3,14.9,2,Friday,1,Winter
2023-01-27 03:00:00,2828.6,18.7,3,Friday,1,Winter
2023-01-27 04:00:00,2669.0,17.6,4,Friday,1,Winter
2023-01-27 05:00:00,2573.2,17.3,5,Friday,1,Winter
2023-01-27 06:00:00,2266.7,15.9,6,Friday,1,Winter
2023-01-27 07:00:00,2347.6,18.3,7,Friday,1,Winter
2023-01-27 08:00:00,2185.9,15.7,8,Friday,1,Winter
2023-01-27 09:00:00,2148.8,16.0,9,Friday,1,Winter
2023-01-27 10:00:00,2139.1,16.3,10,Friday,1,Winter
2023-01-27 11:00:00,2167.6,17.1,11,Friday,1,Winter
2023-01-27 12:00:00,2415.7,17.0,12,Friday,1,Winter
2023-01-27 13:00:00,2510.2,15.3,13,Friday,1,Winter
2023-01-27 14:00:00,2583.8,15.2,14,Friday,1,Winter
2023-01-27 15:00:00,2763.5,17.0,15,Friday,1,Winter
2023-01-27 16:00:00,3040.9,17.1,16,Friday,1,Winter
2023-01-27 17:00:00,3444.8,15.5,17,Friday,1,Winter
2023-01-27 18:00:00,3540.0,13.7,18,Friday,1,Winter
2023-01-27 19:00:00,3642.7,15.7,19,Friday,1,Winter
2023-01-27 20:00:00,3876.8,17.0,20,Friday,1,Winter
2023-01-27 21:00:00,3847.7,18.8,21,Friday,1,Winter
2023-01-27 22:00:00,3483.6,14.2,22,Friday,1,Winter
2023-01-27 23:00:00,3545.6,15.4,23,Friday,1,Winter
2023-01-28 00:00:00,3307.9,15.3,0,Saturday,1,Winter
2023-01-28 01:00:00,3244.0,17.9,1,Saturday,1,Winter
2023-01-28 02:00:00,3167.0,15.8,2,Saturday,1,Winter
2023-01-28 03:00:00,2934.2,14.5,3,Saturday,1,Winter
2023-01-28 04:00:00,2662.5,16.7,4,Saturday,1,Winter
2023-01-28 05:00:00,2449.4,15.2,5,Saturday,1,Winter
2023-01-28 06:00:00,2533.6,14.0,6,Saturday,1,Winter
2023-01-28 07:00:00,2277.4,14.5,7,Saturday,1,Winter
2023-01-28 08:00:00,2208.0,18.4,8,Saturday,1,Winter
2023-01-28 09:00:00,2183.1,16.4,9,Saturday,1,Winter
2023-01-28 10:00:00,2218.1,16.0,10,Saturday,1,Winter
2023-01-28 11:00:00,2265.9,15.5,11,Saturday,1,Winter
2023-01-28 12:00:00,2346.5,16.3,12,Saturday,1,Winter
2023-01-28 13:00:00,2485.6,16.3,13,Saturday,1,Winter
2023-01-28 14:00:00,2683.0,16.3,14,Saturday,1,Winter
2023-01-28 15:00:00,2833.4,16.0,15,Saturday,1,Winter
2023-01-28 16:00:00,3029.3,17.1,16,Saturday,1,Winter
2023-01-28 17:00:00,3334.6,15.9,17,Saturday,1,Winter
2023-01-28 18:00:00,3560.7,14.4,18,Saturday,1,Winter
2023-01-28 19:00:00,3949.8,14.9,19,Saturday,1,Winter
2023-01-28 20:00:00,3663.2,12.9,20,Saturday,1,Winter
2023-01-28 21:00:00,4002.6,18.9,21,Saturday,1,Winter
2023-01-28 22:00:00,3873.9,17.1,22,Saturday,1,Winter
2023-01-28 23:00:00,3385.7,14.6,23,Saturday,1,Winter
2023-01-29 00:00:00,3317.9,15.2,0,Sunday,1,Winter
2023-01-29 01:00:00,3177.3,14.7,1,Sunday,1,Winter
2023-01-29 02:00:00,2937.6,18.0,2,Sunday,1,Winter
2023-01-29 03:00:00,2814.6,13.5,3,Sunday,1,Winter
2023-01-29 04:00:00,2621.3,15.8,4,Sunday,1,Winter
2023-01-29 05:00:00,2644.8,15.5,5,Sunday,1,Winter
2023-01-29 06:00:00,2450.3,16.9,6,Sunday,1,Winter
2023-01-29 07:00:00,2360.0,15.5,7,Sunday,1,Winter
2023-01-29 08:00:00,2260.1,13.0,8,Sunday,1,Winter
2023-01-29 09:00:00,2135.1,15.3,9,Sunday,1,Winter
2023-01-29 10:00:00,2191.0,14.2,10,Sunday,1,Winter
2023-01-29 11:00:00,2315.3,15.8,11,Sunday,1,Winter
2023-01-29 12:00:00,2321.3,17.8,12,Sunday,1,Winter
2023-01-29 13:00:00,2579.9,13.0,13,Sunday,1,Winter
2023-01-29 14:00:00,2684.7,14.4,14,Sunday,1,Winter
2023-01-29 15:00:00,2862.0,14.8,15,Sunday,1,Winter
2023-01-29 16:00:00,3157.4,15.1,16,Sunday,1,Winter
2023-01-29 17:00:00,3382.3,16.8,17,Sunday,1,Winter
2023-01-29 18:00:00,3571.9,15.4,18,Sunday,1,Winter
2023-01-29 19:00:00,3939.8,16.3,19,Sunday,1,Winter
2023-01-29 20:00:00,3839.4,14.7,20,Sunday,1,Winter
2023-01-29 21:00:00,3979.4,16.0,21,Sunday,1,Winter
2023-01-29 22:00:00,3834.8,16.8,22,Sunday,1,Winter
2023-01-29 23:00:00,3563.8,14.5,23,Sunday,1,Winter
2023-01-30 00:00:00,3393.8,16.6,0,Monday,1,Winter
2023-01-30 01:00:00,3125.2,15.5,1,Monday,1,Winter
2023-01-30 02:00:00,3133.5,17.0,2,Monday,1,Winter
2023-01-30 03:00:00,2874.1,15.1,3,Monday,1,Winter
2023-01-30 04:00:00,2676.7,16.0,4,Monday,1,Winter
2023-01-30 05:00:00,2615.6,15.4,5,Monday,1,Winter
2023-01-30 06:00:00,2366.1,15.3,6,Monday,1,Winter
2023-01-30 07:00:00,2219.9,15.8,7,Monday,1,Winter
2023-01-30 08:00:00,2146.3,16.2,8,Monday,1,Winter
2023-01-30 09:00:00,2243.6,13.6,9,Monday,1,Winter
2023-01-30 10:00:00,2161.7,17.6,10,Monday,1,Winter
2023-01-30 11:00:00,2401.8,12.6,11,Monday,1,Winter
2023-01-30 12:00:00,2283.3,14.4,12,Monday,1,Winter
2023-01-30 13:00:00,2657.9,15.3,13,Monday,1,Winter
2023-01-30 14:00:00,2731.2,16.1,14,Monday,1,Winter
2023-01-30 15:00:00,2899.2,17.8,15,Monday,1,Winter
2023-01-30 16:00:00,3078.1,12.7,16,Monday,1,Winter
2023-01-30 17:00:00,3398.5,14.7,17,Monday,1,Winter
2023-01-30 18:00:00,3622.4,12.2,18,Monday,1,Winter
2023-01-30 19:00:00,3957.7,15.5,19,Monday,1,Winter
2023-01-30 20:00:00,3980.8,15.8,20,Monday,1,Winter
2023-01-30 21:00:00,3957.0,17.8,21,Monday,1,Winter
2023-01-30 22:00:00,3766.6,15.6,22,Monday,1,Winter
2023-01-30 23:00:00,3607.7,17.0,23,Monday,1,Winter
2023-01-31 00:00:00,3412.6,16.1,0,Tuesday,1,Winter
2023-01-31 01:00:00,3106.7,14.6,1,Tuesday,1,Winter
2023-01-31 02:00:00,2977.3,13.1,2,Tuesday,1,Winter
2023-01-31 03:00:00,2958.8,15.6,3,Tuesday,1,Winter
2023-01-31 04:00:00,2740.1,13.0,4,Tuesday,1,Winter
2023-01-31 05:00:00,2552.3,17.2,5,Tuesday,1,Winter
2023-01-31 06:00:00,2424.1,15.0,6,Tuesday,1,Winter
2023-01-31 07:00:00,2334.8,17.0,7,Tuesday,1,Winter
2023-01-31 08:00:00,2216.3,14.5,8,Tuesday,1,Winter
2023-01-31 09:00:00,2180.1,15.6,9,Tuesday,1,Winter
2023-01-31 10:00:00,2257.6,15.6,10,Tuesday,1,Winter
2023-01-31 11:00:00,2258.1,15.2,11,Tuesday,1,Winter
2023-01-31 12:00:00,2447.9,14.6,12,Tuesday,1,Winter
2023-01-31 13:00:00,2455.9,15.8,13,Tuesday,1,Winter
2023-01-31 14:00:00,2803.5,13.8,14,Tuesday,1,Winter
2023-01-31 15:00:00,2958.2,13.4,15,Tuesday,1,Winter
2023-01-31 16:00:00,3159.5,17.1,16,Tuesday,1,Winter
2023-01-31 17:00:00,3468.3,16.3,17,Tuesday,1,Winter
2023-01-31 18:00:00,3799.5,15.3,18,Tuesday,1,Winter
2023-01-31 19:00:00,3972.9,17.7,19,Tuesday,1,Winter
2023-01-31 20:00:00,3809.5,14.8,20,Tuesday,1,Winter
2023-01-31 21:00:00,3839.1,17.2,21,Tuesday,1,Winter
2023-01-31 22:00:00,3764.2,15.5,22,Tuesday,1,Winter
2023-01-31 23:00:00,3636.9,13.7,23,Tuesday,1,Winter
2023-02-01 00:00:00,3451.3,17.8,0,Wednesday,2,Winter
2023-02-01 01:00:00,3206.0,16.5,1,Wednesday,2,Winter
2023-02-01 02:00:00,3114.4,14.9,2,Wednesday,2,Winter
2023-02-01 03:00:00,2867.3,16.1,3,Wednesday,2,Winter
2023-02-01 04:00:00,2703.1,14.4,4,Wednesday,2,Winter
2023-02-01 05:00:00,2489.0,16.3,5,Wednesday,2,Winter
2023-02-01 06:00:00,2381.5,11.4,6,Wednesday,2,Winter
2023-02-01 07:00:00,2250.1,13.5,7,Wednesday,2,Winter
2023-02-01 08:00:00,2205.2,16.5,8,Wednesday,2,Winter
2023-02-01 09:00:00,2295.9,14.7,9,Wednesday,2,Winter
2023-02-01 10:00:00,2206.7,15.3,10,Wednesday,2,Winter
2023-02-01 11:00:00,2482.1,13.0,11,Wednesday,2,Winter
2023-02-01 12:00:00,2468.0,17.8,12,Wednesday,2,Winter
2023-02-01 13:00:00,2592.6,16.8,13,Wednesday,2,Winter
2023-02-01 14:00:00,2690.9,14.7,14,Wednesday,2,Winter
2023-02-01 15:00:00,2993.0,14.4,15,Wednesday,2,Winter
2023-02-01 16:00:00,3113.0,16.6,16,Wednesday,2,Winter
2023-02-01 17:00:00,3416.2,18.0,17,Wednesday,2,Winter
2023-02-01 18:00:00,3904.7,16.5,18,Wednesday,2,Winter
2023-02-01 19:00:00,3888.9,18.3,19,Wednesday,2,Winter
2023-02-01 20:00:00,4133.0,13.7,20,Wednesday,2,Winter
2023-02-01 21:00:00,3919.9,13.8,21,Wednesday,2,Winter
2023-02-01 22:00:00,3843.9,13.3,22,Wednesday,2,Winter
2023-02-01 23:00:00,3818.6,15.7,23,Wednesday,2,Winter
2023-02-02 00:00:00,3374.5,15.1,0,Thursday,2,Winter
2023-02-02 01:00:00,3434.3,14.6,1,Thursday,2,Winter
2023-02-02 02:00:00,3174.2,16.0,2,Thursday,2,Winter
2023-02-02 03:00:00,2899.2,16.7,3,Thursday,2,Winter
2023-02-02 04:00:00,2805.7,12.5,4,Thursday,2,Winter
2023-02-02 05:00:00,2658.7,13.9,5,Thursday,2,Winter
2023-02-02 06:00:00,2490.9,16.1,6,Thursday,2,Winter
2023-02-02 07:00:00,2251.2,14.1,7,Thursday,2,Winter
2023-02-02 08:00:00,2232.9,13.6,8,Thursday,2,Winter
2023-02-02 09:00:00,2236.8,16.4,9,Thursday,2,Winter
2023-02-02 10:00:00,2270.0,12.9,10,Thursday,2,Winter
2023-02-02 11:00:00,2379.5,14.4,11,Thursday,2,Winter
2023-02-02 12:00:00,2463.8,15.3,12,Thursday,2,Winter
2023-02-02 13:00:00,2509.9,14.0,13,Thursday,2,Winter
2023-02-02 14:00:00,2793.1,16.0,14,Thursday,2,Winter
2023-02-02 15:00:00,3004.8,14.0,15,Thursday,2,Winter
2023-02-02 16:00:00,3222.5,16.9,16,Thursday,2,Winter
2023-02-02 17:00:00,3519.4,14.6,17,Thursday,2,Winter
2023-02-02 18:00:00,3769.4,15.8,18,Thursday,2,Winter
2023-02-02 19:00:00,3967.3,16.0,19,Thursday,2,Winter
2023-02-02 20:00:00,4035.3,13.9,20,Thursday,2,Winter
2023-02-02 21:00:00,3848.0,11.8,21,Thursday,2,Winter
2023-02-02 22:00:00,3912.6,15.4,22,Thursday,2,Winter
2023-02-02 23:00:00,3698.4,14.9,23,Thursday,2,Winter
2023-02-03 00:00:00,3473.1,15.5,0,Friday,2,Winter
2023-02-03 01:00:00,3200.4,14.3,1,Friday,2,Winter
2023-02-03 02:00:00,3053.7,14.0,2,Friday,2,Winter
2023-02-03 03:00:00,3036.8,17.6,3,Friday,2,Winter
2023-02-03 04:00:00,2776.5,12.4,4,Friday,2,Winter
2023-02-03 05:00:00,2656.4,15.7,5,Friday,2,Winter
2023-02-03 06:00:00,2469.9,13.8,6,Friday,2,Winter
2023-02-03 07:00:00,2359.6,14.1,7,Friday,2,Winter
2023-02-03 08:00:00,2342.2,14.2,8,Friday,2,Winter
2023-02-03 09:00:00,2235.6,13.4,9,Friday,2,Winter
2023-02-03 10:00:00,2294.0,15.5,10,Friday,2,Winter
2023-02-03 11:00:00,2330.6,16.7,11,Friday,2,Winter
2023-02-03 12:00:00,2441.5,15.3,12,Friday,2,Winter
2023-02-03 13:00:00,2592.6,14.8,13,Friday,2,Winter
2023-02-03 14:00:00,2799.6,13.2,14,Friday,2,Winter
2023-02-03 15:00:00,2942.5,15.4,15,Friday,2,Winter
2023-02-03 16:00:00,3298.2,17.9,16,Friday,2,Winter
2023-02-03 17:00:00,3371.1,14.1,17,Friday,2,Winter
2023-02-03 18:00:00,3698.2,14.1,18,Friday,2,Winter
2023-02-03 19:00:00,3903.4,13.8,19,Friday,2,Winter
2023-02-03 20:00:00,4214.8,13.9,20,Friday,2,Winter
2023-02-03 21:00:00,4059.6,10.5,21,Friday,2,Winter
2023-02-03 22:00:00,3995.7,15.2,22,Friday,2,Winter
2023-02-03 23:00:00,3564.8,13.4,23,Friday,2,Winter
2023-02-04 00:00:00,3494.7,12.0,0,Saturday,2,Winter
2023-02-04 01:00:00,3400.8,15.6,1,Saturday,2,Winter
2023-02-04 02:00:00,3164.9,12.8,2,Saturday,2,Winter
2023-02-04 03:00:00,3056.9,13.9,3,Saturday,2,Winter
2023-02-04 04:00:00,2760.7,16.6,4,Saturday,2,Winter
2023-02-04 05:00:00,2721.0,12.3,5,Saturday,2,Winter
2023-02-04 06:00:00,2626.5,12.1,6,Saturday,2,Winter
2023-02-04 07:00:00,2351.2,14.8,7,Saturday,2,Winter
2023-02-04 08:00:00,2277.3,16.2,8,Saturday,2,Winter
2023-02-04 09:00:00,2362.0,12.1,9,Saturday,2,Winter
2023-02-04 10:00:00,2393.9,15.1,10,Saturday,2,Winter
2023-02-04 11:00:00,2341.7,15.3,11,Saturday,2,Winter
2023-02-04 12:00:00,2457.8,11.4,12,Saturday,2,Winter
2023-02-04 13:00:00,2610.8,15.6,13,Saturday,2,Winter
2023-02-04 14:00:00,2707.6,15.8,14,Saturday,2,Winter
2023-02-04 15:00:00,2928.2,14.0,15,Saturday,2,Winter
2023-02-04 16:00:00,3137.3,16.3,16,Saturday,2,Winter
2023-02-04 17:00:00,3403.4,16.1,17,Saturday,2,Winter
2023-02-04 18:00:00,3735.8,14.6,18,Saturday,2,Winter
2023-02-04 19:00:00,3995.0,13.8,19,Saturday,2,Winter
2023-02-04 20:00:00,4252.0,13.0,20,Saturday,2,Winter
2023-02-04 21:00:00,3963.9,14.4,21,Saturday,2,Winter
2023-02-04 22:00:00,4016.3,15.3,22,Saturday,2,Winter
2023-02-04 23:00:00,3705.8,14.0,23,Saturday,2,Winter
2023-02-05 00:00:00,3489.3,10.9,0,Sunday,2,Winter
2023-02-05 01:00:00,3404.6,16.1,1,Sunday,2,Winter
2023-02-05 02:00:00,3089.3,14.5,2,Sunday,2,Winter
2023-02-05 03:00:00,3025.3,13.7,3,Sunday,2,Winter
2023-02-05 04:00:00,2826.4,15.5,4,Sunday,2,Winter
2023-02-05 05:00:00,2677.7,16.5,5,Sunday,2,Winter
2023-02-05 06:00:00,2517.7,10.0,6,Sunday,2,Winter
2023-02-05 07:00:00,2534.5,14.9,7,Sunday,2,Winter
2023-02-05 08:00:00,2280.7,12.1,8,Sunday,2,Winter
2023-02-05 09:00:00,2263.3,15.0,9,Sunday,2,Winter
2023-02-05 10:00:00,2281.6,14.4,10,Sunday,2,Winter
2023-02-05 11:00:00,2354.7,15.2,11,Sunday,2,Winter
2023-02-05 12:00:00,2459.9,13.5,12,Sunday,2,Winter
2023-02-05 13:00:00,2724.8,11.4,13,Sunday,2,Winter
2023-02-05 14:00:00,2919.8,13.6,14,Sunday,2,Winter
2023-02-05 15:00:00,2973.1,14.9,15,Sunday,2,Winter
2023-02-05 16:00:00,3171.2,15.8,16,Sunday,2,Winter
2023-02-05 17:00:00,3533.4,12.5,17,Sunday,2,Winter
2023-02-05 18:00:00,3711.0,15.8,18,Sunday,2,Winter
2023-02-05 19:00:00,4060.4,13.3,19,Sunday,2,Winter
2023-02-05 20:00:00,4140.4,14.8,20,Sunday,2,Winter
2023-02-05 21:00:00,3936.3,13.5,21,Sunday,2,Winter
2023-02-05 22:00:00,4097.5,14.5,22,Sunday,2,Winter
2023-02-05 23:00:00,3917.8,15.6,23,Sunday,2,Winter
2023-02-06 00:00:00,3462.4,12.2,0,Monday,2,Winter
2023-02-06 01:00:00,3337.1,13.0,1,Monday,2,Winter
2023-02-06 02:00:00,3222.0,14.3,2,Monday,2,Winter
2023-02-06 03:00:00,3041.2,17.6,3,Monday,2,Winter
2023-02-06 04:00:00,2879.5,12.8,4,Monday,2,Winter
2023-02-06 05:00:00,2796.1,17.1,5,Monday,2,Winter
2023-02-06 06:00:00,2504.6,17.1,6,Monday,2,Winter
2023-02-06 07:00:00,2355.4,13.9,7,Monday,2,Winter
2023-02-06 08:00:00,2252.2,13.6,8,Monday,2,Winter
2023-02-06 09:00:00,2266.3,13.0,9,Monday,2,Winter
2023-02-06 10:00:00,2330.7,13.9,10,Monday,2,Winter
2023-02-06 11:00:00,2511.2,11.9,11,Monday,2,Winter
2023-02-06 12:00:00,2483.3,13.9,12,Monday,2,Winter
2023-02-06 13:00:00,2678.1,16.3,13,Monday,2,Winter
2023-02-06 14:00:00,2836.7,13.1,14,Monday,2,Winter
2023-02-06 15:00:00,3125.8,13.7,15,Monday,2,Winter
2023-02-06 16:00:00,3465.5,11.5,16,Monday,2,Winter
2023-02-06 17:00:00,3468.1,14.6,17,Monday,2,Winter
2023-02-06 18:00:00,3740.9,14.4,18,Monday,2,Winter
2023-02-06 19:00:00,4128.0,14.1,19,Monday,2,Winter
2023-02-06 20:00:00,4216.8,13.7,20,Monday,2,Winter
2023-02-06 21:00:00,4307.9,13.6,21,Monday,2,Winter
2023-02-06 22:00:00,4028.3,14.8,22,Monday,2,Winter
2023-02-06 23:00:00,3739.8,14.0,23,Monday,2,Winter
2023-02-07 00:00:00,3591.4,14.3,0,Tuesday,2,Winter
2023-02-07 01:00:00,3485.7,14.2,1,Tuesday,2,Winter
2023-02-07 02:00:00,3286.0,15.5,2,Tuesday,2,Winter
2023-02-07 03:00:00,3074.2,14.9,3,Tuesday,2,Winter
2023-02-07 04:00:00,2927.4,14.1,4,Tuesday,2,Winter
2023-02-07 05:00:00,2758.0,16.1,5,Tuesday,2,Winter
2023-02-07 06:00:00,2619.6,14.5,6,Tuesday,2,Winter
2023-02-07 07:00:00,2458.2,15.8,7,Tuesday,2,Winter
2023-02-07 08:00:00,2338.0,14.8,8,Tuesday,2,Winter
2023-02-07 09:00:00,2332.1,11.1,9,Tuesday,2,Winter
2023-02-07 10:00:00,2418.7,15.8,10,Tuesday,2,Winter
2023-02-07 11:00:00,2369.6,14.1,11,Tuesday,2,Winter
2023-02-07 12:00:00,2555.6,13.8,12,Tuesday,2,Winter
2023-02-07 13:00:00,2654.2,14.3,13,Tuesday,2,Winter
2023-02-07 14:00:00,2858.4,13.3,14,Tuesday,2,Winter
2023-02-07 15:00:00,3153.1,14.2,15,Tuesday,2,Winter
2023-02-07 16:00:00,3296.5,13.0,16,Tuesday,2,Winter
2023-02-07 17:00:00,3541.8,15.8,17,Tuesday,2,Winter
2023-02-07 18:00:00,3682.3,13.7,18,Tuesday,2,Winter
2023-02-07 19:00:00,4124.8,13.3,19,Tuesday,2,Winter
2023-02-07 20:00:00,4240.5,12.5,20,Tuesday,2,Winter
2023-02-07 21:00:00,4368.8,14.3,21,Tuesday,2,Winter
2023-02-07 22:00:00,3965.5,14.1,22,Tuesday,2,Winter
2023-02-07 23:00:00,3819.1,14.4,23,Tuesday,2,Winter
2023-02-08 00:00:00,3584.7,12.1,0,Wednesday,2,Winter
2023-02-08 01:00:00,3548.7,11.3,1,Wednesday,2,Winter
2023-02-08 02:00:00,3233.4,14.6,2,Wednesday,2,Winter
2023-02-08 03:00:00,3077.0,15.9,3,Wednesday,2,Winter
2023-02-08 04:00:00,2913.7,12.1,4,Wednesday,2,Winter
2023-02-08 05:00:00,2709.8,16.0,5,Wednesday,2,Winter
2023-02-08 06:00:00,2520.4,14.1,6,Wednesday,2,Winter
2023-02-08 07:00:00,2446.7,13.6,7,Wednesday,2,Winter
2023-02-08 08:00:00,2426.7,13.1,8,Wednesday,2,Winter
2023-02-08 09:00:00,2278.9,11.6,9,Wednesday,2,Winter
2023-02-08 10:00:00,2371.2,15.1,10,Wednesday,2,Winter
2023-02-08 11:00:00,2392.3,12.5,11,Wednesday,2,Winter
2023-02-08 12:00:00,2625.1,12.5,12,Wednesday,2,Winter
2023-02-08 13:00:00,2595.5,15.1,13,Wednesday,2,Winter
2023-02-08 14:00:00,2835.0,10.8,14,Wednesday,2,Winter
2023-02-08 15:00:00,3104.5,11.4,15,Wednesday,2,Winter
2023-02-08 16:00:00,3431.7,13.6,16,Wednesday,2,Winter
2023-02-08 17:00:00,3555.1,14.1,17,Wednesday,2,Winter
2023-02-08 18:00:00,3783.8,14.4,18,Wednesday,2,Winter
2023-02-08 19:00:00,4267.5,13.2,19,Wednesday,2,Winter
2023-02-08 20:00:00,4048.6,17.5,20,Wednesday,2,Winter
2023-02-08 21:00:00,3942.6,13.3,21,Wednesday,2,Winter
2023-02-08 22:00:00,4066.8,13.3,22,Wednesday,2,Winter
2023-02-08 23:00:00,3775.3,12.5,23,Wednesday,2,Winter
2023-02-09 00:00:00,3494.5,13.7,0,Thursday,2,Winter
2023-02-09 01:00:00,3497.5,14.4,1,Thursday,2,Winter
2023-02-09 02:00:00,3282.5,15.3,2,Thursday,2,Winter
2023-02-09 03:00:00,3032.5,11.2,3,Thursday,2,Winter
2023-02-09 04:00:00,2796.7,13.1,4,Thursday,2,Winter
2023-02-09 05:00:00,2774.4,14.1,5,Thursday,2,Winter
2023-02-09 06:00:00,2607.4,14.3,6,Thursday,2,Winter
2023-02-09 07:00:00,2445.0,13.5,7,Thursday,2,Winter
2023-02-09 08:00:00,2488.8,14.3,8,Thursday,2,Winter
2023-02-09 09:00:00,2291.4,12.3,9,Thursday,2,Winter
2023-02-09 10:00:00,2288.3,15.8,10,Thursday,2,Winter
2023-02-09 11:00:00,2408.7,15.0,11,Thursday,2,Winter
2023-02-09 12:00:00,2563.0,11.5,12,Thursday,2,Winter
2023-02-09 13:00:00,2732.7,11.9,13,Thursday,2,Winter
2023-02-09 14:00:00,2876.8,11.9,14,Thursday,2,Winter
2023-02-09 15:00:00,3123.2,14.5,15,Thursday,2,Winter
2023-02-09 16:00:00,3220.3,11.5,16,Thursday,2,Winter
2023-02-09 17:00:00,3714.0,13.0,17,Thursday,2,Winter
2023-02-09 18:00:00,3854.6,14.1,18,Thursday,2,Winter
2023-02-09 19:00:00,4217.5,13.4,19,Thursday,2,Winter
2023-02-09 20:00:00,4264.8,13.9,20,Thursday,2,Winter
2023-02-09 21:00:00,4247.5,11.9,21,Thursday,2,Winter
2023-02-09 22:00:00,4106.9,14.4,22,Thursday,2,Winter
2023-02-09 23:00:00,3891.8,12.5,23,Thursday,2,Winter
2023-02-10 00:00:00,3668.1,12.8,0,Friday,2,Winter
2023-02-10 01:00:00,3574.6,13.6,1,Friday,2,Winter
2023-02-10 02:00:00,3300.6,13.4,2,Friday,2,Winter
2023-02-10 03:00:00,3151.4,13.3,3,Friday,2,Winter
2023-02-10 04:00:00,2902.0,12.2,4,Friday,2,Winter
2023-02-10 05:00:00,2831.7,12.8,5,Friday,2,Winter
2023-02-10 06:00:00,2539.2,13.3,6,Friday,2,Winter
2023-02-10 07:00:00,2578.6,11.2,7,Friday,2,Winter
2023-02-10 08:00:00,2392.5,12.6,8,Friday,2,Winter
2023-02-10 09:00:00,2285.4,13.9,9,Friday,2,Winter
2023-02-10 10:00:00,2402.6,11.4,10,Friday,2,Winter
2023-02-10 11:00:00,2425.5,15.0,11,Friday,2,Winter
2023-02-10 12:00:00,2637.3,15.2,12,Friday,2,Winter
2023-02-10 13:00:00,2689.7,11.4,13,Friday,2,Winter
2023-02-10 14:00:00,2881.1,15.3,14,Friday,2,Winter
2023-02-10 15:00:00,2969.4,13.1,15,Friday,2,Winter
2023-02-10 16:00:00,3308.7,13.9,16,Friday,2,Winter
2023-02-10 17:00:00,3389.9,12.5,17,Friday,2,Winter
2023-02-10 18:00:00,3734.4,14.7,18,Friday,2,Winter
2023-02-10 19:00:00,4208.9,13.9,19,Friday,2,Winter
2023-02-10 20:00:00,4340.5,12.1,20,Friday,2,Winter
2023-02-10 21:00:00,4272.6,11.5,21,Friday,2,Winter
2023-02-10 22:00:00,3977.8,11.1,22,Friday,2,Winter
2023-02-10 23:00:00,3869.8,13.6,23,Friday,2,Winter
2023-02-11 00:00:00,3634.1,13.9,0,Saturday,2,Winter
2023-02-11 01:00:00,3382.1,14.1,1,Saturday,2,Winter
2023-02-11 02:00:00,3430.9,12.9,2,Saturday,2,Winter
2023-02-11 03:00:00,3185.7,11.4,3,Saturday,2,Winter
2023-02-11 04:00:00,2911.9,12.1,4,Saturday,2,Winter
2023-02-11 05:00:00,2753.6,14.8,5,Saturday,2,Winter
2023-02-11 06:00:00,2613.9,12.4,6,Saturday,2,Winter
2023-02-11 07:00:00,2357.3,13.3,7,Saturday,2,Winter
2023-02-11 08:00:00,2396.2,11.5,8,Saturday,2,Winter
2023-02-11 09:00:00,2345.5,13.6,9,Saturday,2,Winter
2023-02-11 10:00:00,2350.7,12.4,10,Saturday,2,Winter
2023-02-11 11:00:00,2466.7,14.7,11,Saturday,2,Winter
2023-02-11 12:00:00,2717.3,14.2,12,Saturday,2,Winter
2023-02-11 13:00:00,2796.9,12.3,13,Saturday,2,Winter
2023-02-11 14:00:00,2891.4,12.9,14,Saturday,2,Winter
2023-02-11 15:00:00,3182.6,12.3,15,Saturday,2,Winter
2023-02-11 16:00:00,3487.0,11.0,16,Saturday,2,Winter
2023-02-11 17:00:00,3716.9,11.8,17,Saturday,2,Winter
2023-02-11 18:00:00,3920.4,13.4,18,Saturday,2,Winter
2023-02-11 19:00:00,4090.9,13.6,19,Saturday,2,Winter
2023-02-11 20:00:00,4360.3,13.3,20,Saturday,2,Winter
2023-02-11 21:00:00,4298.0,12.6,21,Saturday,2,Winter
2023-02-11 22:00:00,4195.6,14.5,22,Saturday,2,Winter
2023-02-11 23:00:00,3962.5,13.2,23,Saturday,2,Winter
2023-02-12 00:00:00,3755.1,14.0,0,Sunday,2,Winter
2023-02-12 01:00:00,3459.7,10.2,1,Sunday,2,Winter
2023-02-12 02:00:00,3438.7,7.0,2,Sunday,2,Winter
2023-02-12 03:00:00,3154.0,13.3,3,Sunday,2,Winter
2023-02-12 04:00:00,3100.9,10.8,4,Sunday,2,Winter
2023-02-12 05:00:00,2722.7,12.6,5,Sunday,2,Winter
2023-02-12 06:00:00,2731.6,12.4,6,Sunday,2,Winter
2023-02-12 07:00:00,2513.3,15.3,7,Sunday,2,Winter
2023-02-12 08:00:00,2387.9,13.5,8,Sunday,2,Winter
2023-02-12 09:00:00,2373.3,13.1,9,Sunday,2,Winter
2023-02-12 10:00:00,2408.0,14.2,10,Sunday,2,Winter
2023-02-12 11:00:00,2527.5,13.5,11,Sunday,2,Winter
2023-02-12 12:00:00,2652.3,12.2,12,Sunday,2,Winter
2023-02-12 13:00:00,2731.7,14.5,13,Sunday,2,Winter
2023-02-12 14:00:00,2951.3,11.2,14,Sunday,2,Winter
2023-02-12 15:00:00,3328.1,13.4,15,Sunday,2,Winter
2023-02-12 16:00:00,3538.5,10.6,16,Sunday,2,Winter
2023-02-12 17:00:00,3697.5,13.2,17,Sunday,2,Winter
2023-02-12 18:00:00,3944.9,13.2,18,Sunday,2,Winter
2023-02-12 19:00:00,4199.0,15.4,19,Sunday,2,Winter
2023-02-12 20:00:00,4380.8,10.6,20,Sunday,2,Winter
2023-02-12 21:00:00,4175.5,12.0,21,Sunday,2,Winter
2023-02-12 22:00:00,4105.1,14.1,22,Sunday,2,Winter
2023-02-12 23:00:00,3763.2,13.4,23,Sunday,2,Winter
2023-02-13 00:00:00,3720.9,13.0,0,Monday,2,Winter
2023-02-13 01:00:00,3587.7,11.3,1,Monday,2,Winter
2023-02-13 02:00:00,3311.3,11.8,2,Monday,2,Winter
2023-02-13 03:00:00,3284.3,14.6,3,Monday,2,Winter
2023-02-13 04:00:00,2877.2,12.6,4,Monday,2,Winter
2023-02-13 05:00:00,2687.2,13.3,5,Monday,2,Winter
2023-02-13 06:00:00,2650.6,12.5,6,Monday,2,Winter
2023-02-13 07:00:00,2584.0,10.9,7,Monday,2,Winter
2023-02-13 08:00:00,2546.9,14.1,8,Monday,2,Winter
2023-02-13 09:00:00,2391.0,13.5,9,Monday,2,Winter
2023-02-13 10:00:00,2509.9,16.2,10,Monday,2,Winter
2023-02-13 11:00:00,2515.6,11.2,11,Monday,2,Winter
2023-02-13 12:00:00,2624.6,13.9,12,Monday,2,Winter
2023-02-13 13:00:00,2852.0,10.7,13,Monday,2,Winter
2023-02-13 14:00:00,3021.8,12.9,14,Monday,2,Winter
2023-02-13 15:00:00,3055.2,14.2,15,Monday,2,Winter
2023-02-13 16:00:00,3541.2,9.6,16,Monday,2,Winter
2023-02-13 17:00:00,3809.6,12.4,17,Monday,2,Winter
2023-02-13 18:00:00,3906.0,11.9,18,Monday,2,Winter
2023-02-13 19:00:00,4256.7,11.7,19,Monday,2,Winter
2023-02-13 20:00:00,4397.7,13.3,20,Monday,2,Winter
2023-02-13 21:00:00,4342.4,14.4,21,Monday,2,Winter
2023-02-13 22:00:00,4102.6,12.5,22,Monday,2,Winter
2023-02-13 23:00:00,3887.5,13.0,23,Monday,2,Winter
2023-02-14 00:00:00,3707.0,12.7,0,Tuesday,2,Winter
2023-02-14 01:00:00,3659.0,12.5,1,Tuesday,2,Winter
2023-02-14 02:00:00,3420.7,10.9,2,Tuesday,2,Winter
2023-02-14 03:00:00,3152.2,14.2,3,Tuesday,2,Winter
2023-02-14 04:00:00,3046.2,13.0,4,Tuesday,2,Winter
2023-02-14 05:00:00,2608.5,13.1,5,Tuesday,2,Winter
2023-02-14 06:00:00,2730.2,11.3,6,Tuesday,2,Winter
2023-02-14 07:00:00,2425.1,11.8,7,Tuesday,2,Winter
2023-02-14 08:00:00,2438.5,12.3,8,Tuesday,2,Winter
2023-02-14 09:00:00,2367.2,10.2,9,Tuesday,2,Winter
2023-02-14 10:00:00,2381.1,10.0,10,Tuesday,2,Winter
2023-02-14 11:00:00,2608.9,11.6,11,Tuesday,2,Winter
2023-02-14 12:00:00,2623.1,13.3,12,Tuesday,2,Winter
2023-02-14 13:00:00,2833.9,11.5,13,Tuesday,2,Winter
2023-02-14 14:00:00,2990.2,11.0,14,Tuesday,2,Winter
2023-02-14 15:00:00,3240.6,11.3,15,Tuesday,2,Winter
2023-02-14 16:00:00,3445.2,11.8,16,Tuesday,2,Winter
2023-02-14 17:00:00,3588.9,12.0,17,Tuesday,2,Winter
2023-02-14 18:00:00,4094.8,15.8,18,Tuesday,2,Winter
2023-02-14 19:00:00,4191.6,14.1,19,Tuesday,2,Winter
2023-02-14 20:00:00,4203.7,14.1,20,Tuesday,2,Winter
2023-02-14 21:00:00,4297.5,14.3,21,Tuesday,2,Winter
2023-02-14 22:00:00,4345.6,11.0,22,Tuesday,2,Winter
2023-02-14 23:00:00,4065.6,10.7,23,Tuesday,2,Winter
2023-02-15 00:00:00,3702.4,10.7,0,Wednesday,2,Winter
2023-02-15 01:00:00,3548.1,14.3,1,Wednesday,2,Winter
2023-02-15 02:00:00,3370.8,11.5,2,Wednesday,2,Winter
2023-02-15 03:00:00,3370.0,10.5,3,Wednesday,2,Winter
2023-02-15 04:00:00,3037.9,11.7,4,Wednesday,2,Winter
2023-02-15 05:00:00,2858.3,12.0,5,Wednesday,2,Winter
2023-02-15 06:00:00,2741.1,12.7,6,Wednesday,2,Winter
2023-02-15 07:00:00,2568.1,12.7,7,Wednesday,2,Winter
2023-02-15 08:00:00,2461.7,11.1,8,Wednesday,2,Winter
2023-02-15 09:00:00,2440.1,13.4,9,Wednesday,2,Winter
2023-02-15 10:00:00,2473.3,11.4,10,Wednesday,2,Winter
2023-02-15 11:00:00,2550.5,12.1,11,Wednesday,2,Winter
2023-02-15 12:00:00,2721.0,13.4,12,Wednesday,2,Winter
2023-02-15 13:00:00,2832.6,11.4,13,Wednesday,2,Winter
2023-02-15 14:00:00,3069.6,11.5,14,Wednesday,2,Winter
2023-02-15 15:00:00,3218.0,13.2,15,Wednesday,2,Winter
2023-02-15 16:00:00,3469.2,11.1,16,Wednesday,2,Winter
2023-02-15 17:00:00,3546.9,11.8,17,Wednesday,2,Winter
2023-02-15 18:00:00,4115.0,13.2,18,Wednesday,2,Winter
2023-02-15 19:00:00,4310.3,15.4,19,Wednesday,2,Winter
2023-02-15 20:00:00,4514.0,13.3,20,Wednesday,2,Winter
2023-02-15 21:00:00,4057.2,13.1,21,Wednesday,2,Winter
2023-02-15 22:00:00,4437.6,13.1,22,Wednesday,2,Winter
2023-02-15 23:00:00,3994.5,10.7,23,Wednesday,2,Winter
2023-02-16 00:00:00,3865.1,12.3,0,Thursday,2,Winter
2023-02-16 01:00:00,3510.5,12.1,1,Thursday,2,Winter
2023-02-16 02:00:00,3474.1,12.6,2,Thursday,2,Winter
2023-02-16 03:00:00,3140.9,12.3,3,Thursday,2,Winter
2023-02-16 04:00:00,2982.8,12.7,4,Thursday,2,Winter
2023-02-16 05:00:00,2983.8,11.7,5,Thursday,2,Winter
2023-02-16 06:00:00,2678.0,12.3,6,Thursday,2,Winter
2023-02-16 07:00:00,2584.5,10.3,7,Thursday,2,Winter
2023-02-16 08:00:00,2549.2,11.7,8,Thursday,2,Winter
2023-02-16 09:00:00,2499.8,14.3,9,Thursday,2,Winter
2023-02-16 10:00:00,2504.3,12.6,10,Thursday,2,Winter
2023-02-16 11:00:00,2594.0,12.1,11,Thursday,2,Winter
2023-02-16 12:00:00,2852.7,15.0,12,Thursday,2,Winter
2023-02-16 13:00:00,2844.5,10.1,13,Thursday,2,Winter
2023-02-16 14:00:00,3050.6,10.5,14,Thursday,2,Winter
2023-02-16 15:00:00,3332.1,14.7,15,Thursday,2,Winter
2023-02-16 16:00:00,3582.7,12.2,16,Thursday,2,Winter
2023-02-16 17:00:00,3870.9,11.8,17,Thursday,2,Winter
2023-02-16 18:00:00,4115.5,10.4,18,Thursday,2,Winter
2023-02-16 19:00:00,4180.0,12.8,19,Thursday,2,Winter
2023-02-16 20:00:00,4615.8,13.0,20,Thursday,2,Winter
2023-02-16 21:00:00,4278.1,10.5,21,Thursday,2,Winter
2023-02-16 22:00:00,4278.8,12.0,22,Thursday,2,Winter
2023-02-16 23:00:00,3960.2,11.7,23,Thursday,2,Winter
2023-02-17 00:00:00,3781.1,12.4,0,Friday,2,Winter
2023-02-17 01:00:00,3659.2,10.3,1,Friday,2,Winter
2023-02-17 02:00:00,3473.2,13.9,2,Friday,2,Winter
2023-02-17 03:00:00,3282.6,13.4,3,Friday,2,Winter
2023-02-17 04:00:00,3174.2,11.4,4,Friday,2,Winter
2023-02-17 05:00:00,2899.9,11.7,5,Friday,2,Winter
2023-02-17 06:00:00,2693.0,11.8,6,Friday,2,Winter
2023-02-17 07:00:00,2650.9,10.8,7,Friday,2,Winter
2023-02-17 08:00:00,2587.1,11.3,8,Friday,2,Winter
2023-02-17 09:00:00,2410.1,11.6,9,Friday,2,Winter
2023-02-17 10:00:00,2549.9,14.4,10,Friday,2,Winter
2023-02-17 11:00:00,2633.9,13.4,11,Friday,2,Winter
2023-02-17 12:00:00,2689.6,13.4,12,Friday,2,Winter
2023-02-17 13:00:00,2967.1,12.5,13,Friday,2,Winter
2023-02-17 14:00:00,3045.0,10.3,14,Friday,2,Winter
2023-02-17 15:00:00,3279.8,11.9,15,Friday,2,Winter
2023-02-17 16:00:00,3495.5,13.4,16,Friday,2,Winter
2023-02-17 17:00:00,3787.0,10.1,17,Friday,2,Winter
2023-02-17 18:00:00,3967.2,12.9,18,Friday,2,Winter
2023-02-17 19:00:00,4176.9,15.5,19,Friday,2,Winter
2023-02-17 20:00:00,4643.6,13.6,20,Friday,2,Winter
2023-02-17 21:00:00,4341.1,14.1,21,Friday,2,Winter
2023-02-17 22:00:00,4170.2,12.3,22,Friday,2,Winter
2023-02-17 23:00:00,3845.7,13.4,23,Friday,2,Winter
2023-02-18 00:00:00,3752.7,10.7,0,Saturday,2,Winter
2023-02-18 01:00:00,3533.8,13.0,1,Saturday,2,Winter
2023-02-18 02:00:00,3612.1,12.8,2,Saturday,2,Winter
2023-02-18 03:00:00,3353.7,12.2,3,Saturday,2,Winter
2023-02-18 04:00:00,3019.6,13.8,4,Saturday,2,Winter
2023-02-18 05:00:00,3050.0,11.0,5,Saturday,2,Winter
2023-02-18 06:00:00,2795.5,11.5,6,Saturday,2,Winter
2023-02-18 07:00:00,2585.4,12.0,7,Saturday,2,Winter
2023-02-18 08:00:00,2371.9,10.3,8,Saturday,2,Winter
2023-02-18 09:00:00,2647.2,12.1,9,Saturday,2,Winter
2023-02-18 10:00:00,2442.0,9.2,10,Saturday,2,Winter
2023-02-18 11:00:00,2499.4,13.4,11,Saturday,2,Winter
2023-02-18 12:00:00,2798.4,11.9,12,Saturday,2,Winter
2023-02-18 13:00:00,3064.7,11.0,13,Saturday,2,Winter
2023-02-18 14:00:00,3184.4,10.6,14,Saturday,2,Winter
2023-02-18 15:00:00,3338.8,11.5,15,Saturday,2,Winter
2023-02-18 16:00:00,3587.8,12.8,16,Saturday,2,Winter
2023-02-18 17:00:00,3893.4,12.6,17,Saturday,2,Winter
2023-02-18 18:00:00,4185.5,10.7,18,Saturday,2,Winter
2023-02-18 19:00:00,4393.9,10.5,19,Saturday,2,Winter
2023-02-18 20:00:00,4508.5,12.8,20,Saturday,2,Winter
2023-02-18 21:00:00,4459.0,10.7,21,Saturday,2,Winter
2023-02-18 22:00:00,4225.0,11.9,22,Saturday,2,Winter
2023-02-18 23:00:00,4064.2,12.0,23,Saturday,2,Winter
2023-02-19 00:00:00,3677.9,12.1,0,Sunday,2,Winter
2023-02-19 01:00:00,3671.3,12.9,1,Sunday,2,Winter
2023-02-19 02:00:00,3407.7,9.7,2,Sunday,2,Winter
2023-02-19 03:00:00,3203.2,8.8,3,Sunday,2,Winter
2023-02-19 04:00:00,3108.0,10.8,4,Sunday,2,Winter
2023-02-19 05:00:00,3008.9,14.3,5,Sunday,2,Winter
2023-02-19 06:00:00,2810.8,14.7,6,Sunday,2,Winter
2023-02-19 07:00:00,2521.8,14.4,7,Sunday,2,Winter
2023-02-19 08:00:00,2484.7,11.3,8,Sunday,2,Winter
2023-02-19 09:00:00,2580.7,9.0,9,Sunday,2,Winter
2023-02-19 10:00:00,2485.1,8.1,10,Sunday,2,Winter
2023-02-19 11:00:00,2610.2,10.7,11,Sunday,2,Winter
2023-02-19 12:00:00,2785.6,11.3,12,Sunday,2,Winter
2023-02-19 13:00:00,2838.4,13.6,13,Sunday,2,Winter
2023-02-19 14:00:00,3107.7,12.9,14,Sunday,2,Winter
2023-02-19 15:00:00,3204.9,12.0,15,Sunday,2,Winter
2023-02-19 16:00:00,3506.6,10.3,16,Sunday,2,Winter
2023-02-19 17:00:00,3869.5,10.2,17,Sunday,2,Winter
2023-02-19 18:00:00,3971.7,12.0,18,Sunday,2,Winter
2023-02-19 19:00:00,4442.3,12.7,19,Sunday,2,Winter
2023-02-19 20:00:00,4526.2,12.2,20,Sunday,2,Winter
2023-02-19 21:00:00,4559.5,10.1,21,Sunday,2,Winter
2023-02-19 22:00:00,4360.7,12.6,22,Sunday,2,Winter
2023-02-19 23:00:00,4262.2,12.3,23,Sunday,2,Winter
2023-02-20 00:00:00,3879.6,9.9,0,Monday,2,Winter
2023-02-20 01:00:00,3666.5,10.3,1,Monday,2,Winter
2023-02-20 02:00:00,3529.4,12.5,2,Monday,2,Winter
2023-02-20 03:00:00,3362.3,11.1,3,Monday,2,Winter
2023-02-20 04:00:00,3119.7,13.8,4,Monday,2,Winter
2023-02-20 05:00:00,2931.2,12.2,5,Monday,2,Winter
2023-02-20 06:00:00,2718.5,10.7,6,Monday,2,Winter
2023-02-20 07:00:00,2599.6,11.4,7,Monday,2,Winter
2023-02-20 08:00:00,2475.7,11.6,8,Monday,2,Winter
2023-02-20 09:00:00,2650.2,10.4,9,Monday,2,Winter
2023-02-20 10:00:00,2485.9,10.1,10,Monday,2,Winter
2023-02-20 11:00:00,2597.6,12.5,11,Monday,2,Winter
2023-02-20 12:00:00,2717.5,12.7,12,Monday,2,Winter
2023-02-20 13:00:00,2994.8,12.4,13,Monday,2,Winter
2023-02-20 14:00:00,3098.3,13.7,14,Monday,2,Winter
2023-02-20 15:00:00,3443.0,10.6,15,Monday,2,Winter
2023-02-20 16:00:00,3524.8,14.0,16,Monday,2,Winter
2023-02-20 17:00:00,3892.8,10.1,17,Monday,2,Winter
2023-02-20 18:00:00,4078.5,9.9,18,Monday,2,Winter
2023-02-20 19:00:00,4662.1,8.8,19,Monday,2,Winter
2023-02-20 20:00:00,4424.9,10.8,20,Monday,2,Winter
2023-02-20 21:00:00,4564.1,10.7,21,Monday,2,Winter
2023-02-20 22:00:00,4436.1,12.2,22,Monday,2,Winter
2023-02-20 23:00:00,4193.6,11.8,23,Monday,2,Winter
2023-02-21 00:00:00,3876.7,9.5,0,Tuesday,2,Winter
2023-02-21 01:00:00,3720.4,10.7,1,Tuesday,2,Winter
2023-02-21 02:00:00,3547.4,10.7,2,Tuesday,2,Winter
2023-02-21 03:00:00,3328.4,8.6,3,Tuesday,2,Winter
2023-02-21 04:00:00,3213.5,9.8,4,Tuesday,2,Winter
2023-02-21 05:00:00,3111.8,10.1,5,Tuesday,2,Winter
2023-02-21 06:00:00,2747.7,13.4,6,Tuesday,2,Winter
2023-02-21 07:00:00,2570.9,11.6,7,Tuesday,2,Winter
2023-02-21 08:00:00,2578.1,12.3,8,Tuesday,2,Winter
2023-02-21 09:00:00,2722.0,9.0,9,Tuesday,2,Winter
2023-02-21 10:00:00,2531.9,13.1,10,Tuesday,2,Winter
2023-02-21 11:00:00,2771.2,13.2,11,Tuesday,2,Winter
2023-02-21 12:00:00,2903.6,8.3,12,Tuesday,2,Winter
2023-02-21 13:00:00,2909.1,10.2,13,Tuesday,2,Winter
2023-02-21 14:00:00,3188.1,12.0,14,Tuesday,2,Winter
2023-02-21 15:00:00,3499.3,12.3,15,Tuesday,2,Winter
2023-02-21 16:00:00,3576.2,10.3,16,Tuesday,2,Winter
2023-02-21 17:00:00,3873.3,10.8,17,Tuesday,2,Winter
2023-02-21 18:00:00,4134.0,10.4,18,Tuesday,2,Winter
2023-02-21 19:00:00,4343.0,11.5,19,Tuesday,2,Winter
2023-02-21 20:00:00,4518.0,13.1,20,Tuesday,2,Winter
2023-02-21 21:00:00,4421.5,10.1,21,Tuesday,2,Winter
2023-02-21 22:00:00,4401.5,12.8,22,Tuesday,2,Winter
2023-02-21 23:00:00,4099.5,10.1,23,Tuesday,2,Winter
2023-02-22 00:00:00,3945.3,9.8,0,Wednesday,2,Winter
2023-02-22 01:00:00,3612.7,12.3,1,Wednesday,2,Winter
2023-02-22 02:00:00,3598.1,12.5,2,Wednesday,2,Winter
2023-02-22 03:00:00,3434.4,12.4,3,Wednesday,2,Winter
2023-02-22 04:00:00,3002.6,9.1,4,Wednesday,2,Winter
2023-02-22 05:00:00,2997.5,10.4,5,Wednesday,2,Winter
2023-02-22 06:00:00,2892.4,12.3,6,Wednesday,2,Winter
2023-02-22 07:00:00,2599.8,11.2,7,Wednesday,2,Winter
2023-02-22 08:00:00,2710.9,9.5,8,Wednesday,2,Winter
2023-02-22 09:00:00,2602.1,11.8,9,Wednesday,2,Winter
2023-02-22 10:00:00,2556.2,10.0,10,Wednesday,2,Winter
2023-02-22 11:00:00,2677.2,13.8,11,Wednesday,2,Winter
2023-02-22 12:00:00,2845.6,13.4,12,Wednesday,2,Winter
2023-02-22 13:00:00,2976.5,12.0,13,Wednesday,2,Winter
2023-02-22 14:00:00,3208.2,13.2,14,Wednesday,2,Winter
2023-02-22 15:00:00,3308.3,11.2,15,Wednesday,2,Winter
2023-02-22 16:00:00,3651.4,12.3,16,Wednesday,2,Winter
2023-02-22 17:00:00,3782.1,13.3,17,Wednesday,2,Winter
2023-02-22 18:00:00,4212.9,11.5,18,Wednesday,2,Winter
2023-02-22 19:00:00,4386.2,10.7,19,Wednesday,2,Winter
2023-02-22 20:00:00,4540.0,8.6,20,Wednesday,2,Winter
2023-02-22 21:00:00,4735.3,11.0,21,Wednesday,2,Winter
2023-02-22 22:00:00,4549.7,12.3,22,Wednesday,2,Winter
2023-02-22 23:00:00,4273.7,12.5,23,Wednesday,2,Winter
2023-02-23 00:00:00,3842.3,11.7,0,Thursday,2,Winter
2023-02-23 01:00:00,3755.6,10.1,1,Thursday,2,Winter
2023-02-23 02:00:00,3702.9,8.0,2,Thursday,2,Winter
2023-02-23 03:00:00,3400.2,10.2,3,Thursday,2,Winter
2023-02-23 04:00:00,3367.0,10.5,4,Thursday,2,Winter
2023-02-23 05:00:00,3020.2,10.5,5,Thursday,2,Winter
2023-02-23 06:00:00,2839.8,11.9,6,Thursday,2,Winter
2023-02-23 07:00:00,2679.0,13.9,7,Thursday,2,Winter
2023-02-23 08:00:00,2629.3,11.1,8,Thursday,2,Winter
2023-02-23 09:00:00,2583.5,10.6,9,Thursday,2,Winter
2023-02-23 10:00:00,2666.9,10.6,10,Thursday,2,Winter
2023-02-23 11:00:00,2764.5,11.1,11,Thursday,2,Winter
2023-02-23 12:00:00,2770.8,9.7,12,Thursday,2,Winter
2023-02-23 13:00:00,2892.3,11.1,13,Thursday,2,Winter
2023-02-23 14:00:00,3041.7,11.6,14,Thursday,2,Winter
2023-02-23 15:00:00,3453.5,11.3,15,Thursday,2,Winter
2023-02-23 16:00:00,3560.8,11.6,16,Thursday,2,Winter
2023-02-23 17:00:00,3736.0,11.6,17,Thursday,2,Winter
2023-02-23 18:00:00,4295.9,8.3,18,Thursday,2,Winter
2023-02-23 19:00:00,4801.1,11.9,19,Thursday,2,Winter
2023-02-23 20:00:00,4657.1,9.9,20,Thursday,2,Winter
2023-02-23 21:00:00,4722.9,9.3,21,Thursday,2,Winter
2023-02-23 22:00:00,4469.4,9.3,22,Thursday,2,Winter
2023-02-23 23:00:00,4228.9,11.6,23,Thursday,2,Winter
2023-02-24 00:00:00,4069.6,10.4,0,Friday,2,Winter
2023-02-24 01:00:00,3784.8,8.3,1,Friday,2,Winter
2023-02-24 02:00:00,3643.6,11.5,2,Friday,2,Winter
2023-02-24 03:00:00,3439.7,8.6,3,Friday,2,Winter
2023-02-24 04:00:00,3151.6,11.0,4,Friday,2,Winter
2023-02-24 05:00:00,3086.7,11.1,5,Friday,2,Winter
2023-02-24 06:00:00,2833.8,12.1,6,Friday,2,Winter
2023-02-24 07:00:00,2667.7,13.5,7,Friday,2,Winter
2023-02-24 08:00:00,2674.5,8.7,8,Friday,2,Winter
2023-02-24 09:00:00,2553.2,10.7,9,Friday,2,Winter
2023-02-24 10:00:00,2641.0,10.4,10,Friday,2,Winter
2023-02-24 11:00:00,2718.5,11.4,11,Friday,2,Winter
2023-02-24 12:00:00,2923.7,11.1,12,Friday,2,Winter
2023-02-24 13:00:00,3048.9,10.3,13,Friday,2,Winter
2023-02-24 14:00:00,3208.7,10.1,14,Friday,2,Winter
2023-02-24 15:00:00,3504.7,9.1,15,Friday,2,Winter
2023-02-24 16:00:00,3816.0,12.3,16,Friday,2,Winter
2023-02-24 17:00:00,4032.0,11.5,17,Friday,2,Winter
2023-02-24 18:00:00,4285.9,12.2,18,Friday,2,Winter
2023-02-24 19:00:00,4402.3,10.3,19,Friday,2,Winter
2023-02-24 20:00:00,4566.0,9.8,20,Friday,2,Winter
2023-02-24 21:00:00,4623.2,9.2,21,Friday,2,Winter
2023-02-24 22:00:00,4423.5,11.3,22,Friday,2,Winter
2023-02-24 23:00:00,4249.6,9.2,23,Friday,2,Winter
2023-02-25 00:00:00,4012.2,13.4,0,Saturday,2,Winter
2023-02-25 01:00:00,3890.4,8.7,1,Saturday,2,Winter
2023-02-25 02:00:00,3638.7,11.0,2,Saturday,2,Winter
2023-02-25 03:00:00,3478.3,13.0,3,Saturday,2,Winter
2023-02-25 04:00:00,3233.1,11.5,4,Saturday,2,Winter
2023-02-25 05:00:00,2883.6,10.9,5,Saturday,2,Winter
2023-02-25 06:00:00,2799.2,9.2,6,Saturday,2,Winter
2023-02-25 07:00:00,2728.5,8.5,7,Saturday,2,Winter
2023-02-25 08:00:00,2577.5,11.8,8,Saturday,2,Winter
2023-02-25 09:00:00,2669.9,12.9,9,Saturday,2,Winter
2023-02-25 10:00:00,2759.6,10.0,10,Saturday,2,Winter
2023-02-25 11:00:00,2821.9,8.9,11,Saturday,2,Winter
2023-02-25 12:00:00,2851.4,6.9,12,Saturday,2,Winter
2023-02-25 13:00:00,3147.7,9.1,13,Saturday,2,Winter
2023-02-25 14:00:00,3245.5,10.4,14,Saturday,2,Winter
2023-02-25 15:00:00,3429.7,13.0,15,Saturday,2,Winter
2023-02-25 16:00:00,3657.1,11.6,16,Saturday,2,Winter
2023-02-25 17:00:00,3974.5,11.1,17,Saturday,2,Winter
2023-02-25 18:00:00,4273.4,10.0,18,Saturday,2,Winter
2023-02-25 19:00:00,4603.4,9.7,19,Saturday,2,Winter
2023-02-25 20:00:00,4743.2,12.7,20,Saturday,2,Winter
2023-02-25 21:00:00,4692.2,10.9,21,Saturday,2,Winter
2023-02-25 22:00:00,4573.3,7.5,22,Saturday,2,Winter
2023-02-25 23:00:00,4427.9,9.6,23,Saturday,2,Winter
2023-02-26 00:00:00,4130.8,9.2,0,Sunday,2,Winter
2023-02-26 01:00:00,3723.3,9.6,1,Sunday,2,Winter
2023-02-26 02:00:00,3436.7,11.3,2,Sunday,2,Winter
2023-02-26 03:00:00,3541.8,10.3,3,Sunday,2,Winter
2023-02-26 04:00:00,3139.7,10.3,4,Sunday,2,Winter
2023-02-26 05:00:00,3037.9,12.4,5,Sunday,2,Winter
2023-02-26 06:00:00,2802.5,9.4,6,Sunday,2,Winter
2023-02-26 07:00:00,2633.6,13.3,7,Sunday,2,Winter
2023-02-26 08:00:00,2713.0,9.4,8,Sunday,2,Winter
2023-02-26 09:00:00,2699.4,10.6,9,Sunday,2,Winter
2023-02-26 10:00:00,2638.2,10.0,10,Sunday,2,Winter
2023-02-26 11:00:00,2579.3,10.6,11,Sunday,2,Winter
2023-02-26 12:00:00,2847.6,11.1,12,Sunday,2,Winter
2023-02-26 13:00:00,3086.1,11.1,13,Sunday,2,Winter
2023-02-26 14:00:00,3136.1,9.3,14,Sunday,2,Winter
2023-02-26 15:00:00,3499.4,8.8,15,Sunday,2,Winter
2023-02-26 16:00:00,3739.0,14.2,16,Sunday,2,Winter
2023-02-26 17:00:00,4091.7,9.7,17,Sunday,2,Winter
2023-02-26 18:00:00,4359.0,11.5,18,Sunday,2,Winter
2023-02-26 19:00:00,4504.2,8.0,19,Sunday,2,Winter
2023-02-26 20:00:00,4900.2,10.0,20,Sunday,2,Winter
2023-02-26 21:00:00,4706.5,10.3,21,Sunday,2,Winter
2023-02-26 22:00:00,4553.0,11.2,22,Sunday,2,Winter
2023-02-26 23:00:00,4229.4,6.4,23,Sunday,2,Winter
2023-02-27 00:00:00,4018.7,10.5,0,Monday,2,Winter
2023-02-27 01:00:00,3808.2,8.6,1,Monday,2,Winter
2023-02-27 02:00:00,3681.2,10.8,2,Monday,2,Winter
2023-02-27 03:00:00,3634.7,8.7,3,Monday,2,Winter
2023-02-27 04:00:00,3161.7,9.0,4,Monday,2,Winter
2023-02-27 05:00:00,2952.7,9.9,5,Monday,2,Winter
2023-02-27 06:00:00,3014.4,8.7,6,Monday,2,Winter
2023-02-27 07:00:00,2763.0,9.6,7,Monday,2,Winter
2023-02-27 08:00:00,2650.7,8.5,8,Monday,2,Winter
2023-02-27 09:00:00,2737.3,7.5,9,Monday,2,Winter
2023-02-27 10:00:00,2655.0,11.8,10,Monday,2,Winter
2023-02-27 11:00:00,2904.3,8.4,11,Monday,2,Winter
2023-02-27 12:00:00,2956.9,10.0,12,Monday,2,Winter
2023-02-27 13:00:00,3040.4,11.4,13,Monday,2,Winter
2023-02-27 14:00:00,3456.6,9.4,14,Monday,2,Winter
2023-02-27 15:00:00,3455.1,9.1,15,Monday,2,Winter
2023-02-27 16:00:00,3837.0,10.6,16,Monday,2,Winter
2023-02-27 17:00:00,4092.4,12.0,17,Monday,2,Winter
2023-02-27 18:00:00,4519.4,8.5,18,Monday,2,Winter
2023-02-27 19:00:00,4830.9,10.1,19,Monday,2,Winter
2023-02-27 20:00:00,4795.5,7.7,20,Monday,2,Winter
2023-02-27 21:00:00,4669.3,9.7,21,Monday,2,Winter
2023-02-27 22:00:00,4641.3,10.3,22,Monday,2,Winter
2023-02-27 23:00:00,4287.4,9.0,23,Monday,2,Winter
2023-02-28 00:00:00,4298.6,9.5,0,Tuesday,2,Winter
2023-02-28 01:00:00,3935.5,8.0,1,Tuesday,2,Winter
2023-02-28 02:00:00,3689.5,10.3,2,Tuesday,2,Winter
2023-02-28 03:00:00,3526.6,11.7,3,Tuesday,2,Winter
2023-02-28 04:00:00,3186.2,8.5,4,Tuesday,2,Winter
2023-02-28 05:00:00,3023.4,9.2,5,Tuesday,2,Winter
2023-02-28 06:00:00,3016.0,10.9,6,Tuesday,2,Winter
2023-02-28 07:00:00,2751.3,12.0,7,Tuesday,2,Winter
2023-02-28 08:00:00,2644.0,7.9,8,Tuesday,2,Winter
2023-02-28 09:00:00,2723.0,9.9,9,Tuesday,2,Winter
2023-02-28 10:00:00,2795.5,10.6,10,Tuesday,2,Winter
2023-02-28 11:00:00,2847.6,10.0,11,Tuesday,2,Winter
2023-02-28 12:00:00,3001.2,6.4,12,Tuesday,2,Winter
2023-02-28 13:00:00,3041.2,10.9,13,Tuesday,2,Winter
2023-02-28 14:00:00,3185.6,12.4,14,Tuesday,2,Winter
2023-02-28 15:00:00,3665.9,10.3,15,Tuesday,2,Winter
2023-02-28 16:00:00,3763.3,8.6,16,Tuesday,2,Winter
2023-02-28 17:00:00,4065.3,9.4,17,Tuesday,2,Winter
2023-02-28 18:00:00,4554.4,12.8,18,Tuesday,2,Winter
2023-02-28 19:00:00,4747.6,11.5,19,Tuesday,2,Winter
2023-02-28 20:00:00,4880.8,11.1,20,Tuesday,2,Winter
2023-02-28 21:00:00,5052.2,10.7,21,Tuesday,2,Winter
2023-02-28 22:00:00,4546.8,9.1,22,Tuesday,2,Winter
2023-02-28 23:00:00,4494.2,9.8,23,Tuesday,2,Winter
2023-03-01 00:00:00,4127.6,9.9,0,Wednesday,3,Spring
2023-03-01 01:00:00,3976.5,10.8,1,Wednesday,3,Spring
2023-03-01 02:00:00,3893.3,12.2,2,Wednesday,3,Spring
2023-03-01 03:00:00,3580.3,11.7,3,Wednesday,3,Spring
2023-03-01 04:00:00,3365.4,7.9,4,Wednesday,3,Spring
2023-03-01 05:00:00,3204.4,10.3,5,Wednesday,3,Spring
2023-03-01 06:00:00,2922.1,11.1,6,Wednesday,3,Spring
2023-03-01 07:00:00,2758.1,10.9,7,Wednesday,3,Spring
2023-03-01 08:00:00,2662.9,9.0,8,Wednesday,3,Spring
2023-03-01 09:00:00,2573.1,14.4,9,Wednesday,3,Spring
2023-03-01 10:00:00,2874.9,8.1,10,Wednesday,3,Spring
2023-03-01 11:00:00,2739.5,8.4,11,Wednesday,3,Spring
2023-03-01 12:00:00,2932.8,10.3,12,Wednesday,3,Spring
2023-03-01 13:00:00,3100.3,13.2,13,Wednesday,3,Spring
2023-03-01 14:00:00,3352.1,8.7,14,Wednesday,3,Spring
2023-03-01 15:00:00,3630.9,9.6,15,Wednesday,3,Spring
2023-03-01 16:00:00,3903.1,11.6,16,Wednesday,3,Spring
2023-03-01 17:00:00,4060.0,10.0,17,Wednesday,3,Spring
2023-03-01 18:00:00,4420.9,9.5,18,Wednesday,3,Spring
2023-03-01 19:00:00,4749.1,10.8,19,Wednesday,3,Spring
2023-03-01 20:00:00,4829.9,10.4,20,Wednesday,3,Spring
2023-03-01 21:00:00,5020.8,11.5,21,Wednesday,3,Spring
2023-03-01 22:00:00,4711.2,11.9,22,Wednesday,3,Spring
2023-03-01 23:00:00,4504.9,10.4,23,Wednesday,3,Spring
2023-03-02 00:00:00,4219.9,10.3,0,Thursday,3,Spring
2023-03-02 01:00:00,4094.8,10.2,1,Thursday,3,Spring
2023-03-02 02:00:00,3793.8,10.6,2,Thursday,3,Spring
2023-03-02 03:00:00,3445.1,9.9,3,Thursday,3,Spring
2023-03-02 04:00:00,3377.8,9.8,4,Thursday,3,Spring
2023-03-02 05:00:00,3091.7,11.6,5,Thursday,3,Spring
2023-03-02 06:00:00,2930.7,12.1,6,Thursday,3,Spring
2023-03-02 07:00:00,2878.8,7.6,7,Thursday,3,Spring
2023-03-02 08:00:00,2839.0,9.8,8,Thursday,3,Spring
2023-03-02 09:00:00,2726.8,8.8,9,Thursday,3,Spring
2023-03-02 10:00:00,2775.0,9.4,10,Thursday,3,Spring
2023-03-02 11:00:00,2958.0,10.4,11,Thursday,3,Spring
2023-03-02 12:00:00,2988.0,10.8,12,Thursday,3,Spring
2023-03-02 13:00:00,3348.6,9.7,13,Thursday,3,Spring
2023-03-02 14:00:00,3397.6,7.0,14,Thursday,3,Spring
2023-03-02 15:00:00,3425.9,8.4,15,Thursday,3,Spring
2023-03-02 16:00:00,3920.5,11.2,16,Thursday,3,Spring
2023-03-02 17:00:00,4188.9,5.7,17,Thursday,3,Spring
2023-03-02 18:00:00,4615.2,11.6,18,Thursday,3,Spring
2023-03-02 19:00:00,4829.2,10.6,19,Thursday,3,Spring
2023-03-02 20:00:00,4877.8,11.8,20,Thursday,3,Spring
2023-03-02 21:00:00,4712.4,9.5,21,Thursday,3,Spring
2023-03-02 22:00:00,4662.7,6.7,22,Thursday,3,Spring
2023-03-02 23:00:00,4360.3,10.5,23,Thursday,3,Spring
2023-03-03 00:00:00,4119.9,11.6,0,Friday,3,Spring
2023-03-03 01:00:00,4065.3,11.1,1,Friday,3,Spring
2023-03-03 02:00:00,3962.3,8.7,2,Friday,3,Spring
2023-03-03 03:00:00,3621.2,9.8,3,Friday,3,Spring
2023-03-03 04:00:00,3267.4,8.9,4,Friday,3,Spring
2023-03-03 05:00:00,3200.4,8.5,5,Friday,3,Spring
2023-03-03 06:00:00,3080.5,11.1,6,Friday,3,Spring
2023-03-03 07:00:00,2813.8,7.9,7,Friday,3,Spring
2023-03-03 08:00:00,2764.1,8.3,8,Friday,3,Spring
2023-03-03 09:00:00,2745.7,8.0,9,Friday,3,Spring
2023-03-03 10:00:00,2718.9,7.4,10,Friday,3,Spring
2023-03-03 11:00:00,2903.7,9.9,11,Friday,3,Spring
2023-03-03 12:00:00,2982.2,11.4,12,Friday,3,Spring
2023-03-03 13:00:00,3199.6,9.4,13,Friday,3,Spring
2023-03-03 14:00:00,3299.1,7.4,14,Friday,3,Spring
2023-03-03 15:00:00,3569.7,10.9,15,Friday,3,Spring
2023-03-03 16:00:00,3945.4,12.2,16,Friday,3,Spring
2023-03-03 17:00:00,4139.9,8.7,17,Friday,3,Spring
2023-03-03 18:00:00,4697.2,9.0,18,Friday,3,Spring
2023-03-03 19:00:00,4735.2,10.5,19,Friday,3,Spring
2023-03-03 20:00:00,4957.2,12.1,20,Friday,3,Spring
2023-03-03 21:00:00,5009.9,8.9,21,Friday,3,Spring
2023-03-03 22:00:00,4553.1,7.7,22,Friday,3,Spring
2023-03-03 23:00:00,4289.2,10.6,23,Friday,3,Spring
2023-03-04 00:00:00,4049.6,10.7,0,Saturday,3,Spring
2023-03-04 01:00:00,4162.1,9.5,1,Saturday,3,Spring
2023-03-04 02:00:00,3777.6,8.7,2,Saturday,3,Spring
2023-03-04 03:00:00,3842.2,11.0,3,Saturday,3,Spring
2023-03-04 04:00:00,3344.1,10.3,4,Saturday,3,Spring
2023-03-04 05:00:00,3202.4,8.4,5,Saturday,3,Spring
2023-03-04 06:00:00,3128.4,9.6,6,Saturday,3,Spring
2023-03-04 07:00:00,3022.0,7.5,7,Saturday,3,Spring
2023-03-04 08:00:00,2937.0,10.6,8,Saturday,3,Spring
2023-03-04 09:00:00,2847.7,9.1,9,Saturday,3,Spring
2023-03-04 10:00:00,2864.5,8.9,10,Saturday,3,Spring
2023-03-04 11:00:00,2920.3,9.5,11,Saturday,3,Spring
2023-03-04 12:00:00,3071.1,9.6,12,Saturday,3,Spring
2023-03-04 13:00:00,3144.9,10.9,13,Saturday,3,Spring
2023-03-04 14:00:00,3328.4,10.4,14,Saturday,3,Spring
2023-03-04 15:00:00,3634.4,9.3,15,Saturday,3,Spring
2023-03-04 16:00:00,3886.3,10.7,16,Saturday,3,Spring
2023-03-04 17:00:00,4160.8,10.1,17,Saturday,3,Spring
2023-03-04 18:00:00,4613.7,8.9,18,Saturday,3,Spring
2023-03-04 19:00:00,4932.0,9.3,19,Saturday,3,Spring
2023-03-04 20:00:00,4975.4,9.3,20,Saturday,3,Spring
2023-03-04 21:00:00,5112.6,10.3,21,Saturday,3,Spring
2023-03-04 22:00:00,4618.3,9.0,22,Saturday,3,Spring
2023-03-04 23:00:00,4496.6,8.9,23,Saturday,3,Spring
2023-03-05 00:00:00,4164.0,12.3,0,Sunday,3,Spring
2023-03-05 01:00:00,3873.7,10.8,1,Sunday,3,Spring
2023-03-05 02:00:00,3849.6,8.2,2,Sunday,3,Spring
2023-03-05 03:00:00,3625.7,10.2,3,Sunday,3,Spring
2023-03-05 04:00:00,3545.3,9.6,4,Sunday,3,Spring
2023-03-05 05:00:00,3260.9,10.0,5,Sunday,3,Spring
2023-03-05 06:00:00,2955.9,9.6,6,Sunday,3,Spring
2023-03-05 07:00:00,3032.4,11.2,7,Sunday,3,Spring
2023-03-05 08:00:00,2898.7,9.9,8,Sunday,3,Spring
2023-03-05 09:00:00,2824.2,9.3,9,Sunday,3,Spring
2023-03-05 10:00:00,2796.9,11.0,10,Sunday,3,Spring
2023-03-05 11:00:00,2828.5,9.7,11,Sunday,3,Spring
2023-03-05 12:00:00,3005.5,9.6,12,Sunday,3,Spring
2023-03-05 13:00:00,3298.9,9.9,13,Sunday,3,Spring
2023-03-05 14:00:00,3583.2,9.2,14,Sunday,3,Spring
2023-03-05 15:00:00,3801.7,9.4,15,Sunday,3,Spring
2023-03-05 16:00:00,3882.5,8.5,16,Sunday,3,Spring
2023-03-05 17:00:00,4119.6,8.3,17,Sunday,3,Spring
2023-03-05 18:00:00,4582.9,7.9,18,Sunday,3,Spring
2023-03-05 19:00:00,4636.6,7.3,19,Sunday,3,Spring
2023-03-05 20:00:00,5040.0,8.1,20,Sunday,3,Spring
2023-03-05 21:00:00,4947.0,9.1,21,Sunday,3,Spring
2023-03-05 22:00:00,4731.8,9.5,22,Sunday,3,Spring
2023-03-05 23:00:00,4369.1,9.0,23,Sunday,3,Spring
2023-03-06 00:00:00,4324.8,5.7,0,Monday,3,Spring
2023-03-06 01:00:00,4037.6,11.6,1,Monday,3,Spring
2023-03-06 02:00:00,3771.2,10.9,2,Monday,3,Spring
2023-03-06 03:00:00,3399.5,9.9,3,Monday,3,Spring
2023-03-06 04:00:00,3437.8,12.1,4,Monday,3,Spring
2023-03-06 05:00:00,3376.2,7.8,5,Monday,3,Spring
2023-03-06 06:00:00,3181.9,12.1,6,Monday,3,Spring
2023-03-06 07:00:00,2885.2,7.8,7,Monday,3,Spring
2023-03-06 08:00:00,2790.0,9.6,8,Monday,3,Spring
2023-03-06 09:00:00,2836.3,7.3,9,Monday,3,Spring
2023-03-06 10:00:00,2762.0,9.3,10,Monday,3,Spring
2023-03-06 11:00:00,2940.5,9.8,11,Monday,3,Spring
2023-03-06 12:00:00,3113.7,9.0,12,Monday,3,Spring
2023-03-06 13:00:00,3333.4,10.3,13,Monday,3,Spring
2023-03-06 14:00:00,3437.6,9.4,14,Monday,3,Spring
2023-03-06 15:00:00,3667.6,8.5,15,Monday,3,Spring
2023-03-06 16:00:00,3871.4,8.4,16,Monday,3,Spring
2023-03-06 17:00:00,4180.0,10.5,17,Monday,3,Spring
2023-03-06 18:00:00,4573.1,8.3,18,Monday,3,Spring
2023-03-06 19:00:00,4930.2,10.6,19,Monday,3,Spring
2023-03-06 20:00:00,5149.9,11.1,20,Monday,3,Spring
2023-03-06 21:00:00,4900.1,6.7,21,Monday,3,Spring
2023-03-06 22:00:00,5001.4,10.9,22,Monday,3,Spring
2023-03-06 23:00:00,4551.6,12.3,23,Monday,3,Spring
2023-03-07 00:00:00,4297.8,9.5,0,Tuesday,3,Spring
2023-03-07 01:00:00,4044.0,10.0,1,Tuesday,3,Spring
2023-03-07 02:00:00,3675.2,10.7,2,Tuesday,3,Spring
2023-03-07 03:00:00,3769.9,8.7,3,Tuesday,3,Spring
2023-03-07 04:00:00,3528.2,9.4,4,Tuesday,3,Spring
2023-03-07 05:00:00,3232.9,7.1,5,Tuesday,3,Spring
2023-03-07 06:00:00,3081.7,9.3,6,Tuesday,3,Spring
2023-03-07 07:00:00,2977.0,9.9,7,Tuesday,3,Spring
2023-03-07 08:00:00,2741.2,9.9,8,Tuesday,3,Spring
2023-03-07 09:00:00,2785.8,10.7,9,Tuesday,3,Spring
2023-03-07 10:00:00,2909.3,7.9,10,Tuesday,3,Spring
2023-03-07 11:00:00,2847.0,8.3,11,Tuesday,3,Spring
2023-03-07 12:00:00,3099.3,11.9,12,Tuesday,3,Spring
2023-03-07 13:00:00,3146.5,8.9,13,Tuesday,3,Spring
2023-03-07 14:00:00,3511.0,9.4,14,Tuesday,3,Spring
2023-03-07 15:00:00,3709.0,9.0,15,Tuesday,3,Spring
2023-03-07 16:00:00,3825.3,7.9,16,Tuesday,3,Spring
2023-03-07 17:00:00,4423.5,11.5,17,Tuesday,3,Spring
2023-03-07 18:00:00,4546.5,8.3,18,Tuesday,3,Spring
2023-03-07 19:00:00,4820.2,7.4,19,Tuesday,3,Spring
2023-03-07 20:00:00,5095.9,8.4,20,Tuesday,3,Spring
2023-03-07 21:00:00,5180.3,6.1,21,Tuesday,3,Spring
2023-03-07 22:00:00,4732.2,8.1,22,Tuesday,3,Spring
2023-03-07 23:00:00,4622.1,7.7,23,Tuesday,3,Spring
2023-03-08 00:00:00,4376.8,9.9,0,Wednesday,3,Spring
2023-03-08 01:00:00,4221.8,8.0,1,Wednesday,3,Spring
2023-03-08 02:00:00,3957.2,10.3,2,Wednesday,3,Spring
2023-03-08 03:00:00,3680.2,11.1,3,Wednesday,3,Spring
2023-03-08 04:00:00,3416.6,10.1,4,Wednesday,3,Spring
2023-03-08 05:00:00,3285.7,8.6,5,Wednesday,3,Spring
2023-03-08 06:00:00,3015.2,9.2,6,Wednesday,3,Spring
2023-03-08 07:00:00,2743.6,6.7,7,Wednesday,3,Spring
2023-03-08 08:00:00,2904.1,8.8,8,Wednesday,3,Spring
2023-03-08 09:00:00,2907.3,7.7,9,Wednesday,3,Spring
2023-03-08 10:00:00,2703.0,10.0,10,Wednesday,3,Spring
2023-03-08 11:00:00,2885.1,12.8,11,Wednesday,3,Spring
2023-03-08 12:00:00,3146.4,9.7,12,Wednesday,3,Spring
2023-03-08 13:00:00,3448.6,6.0,13,Wednesday,3,Spring
2023-03-08 14:00:00,3496.7,8.4,14,Wednesday,3,Spring
2023-03-08 15:00:00,3670.4,9.2,15,Wednesday,3,Spring
2023-03-08 16:00:00,3995.9,9.1,16,Wednesday,3,Spring
2023-03-08 17:00:00,4477.3,7.9,17,Wednesday,3,Spring
2023-03-08 18:00:00,4588.8,9.3,18,Wednesday,3,Spring
2023-03-08 19:00:00,4855.4,7.1,19,Wednesday,3,Spring
2023-03-08 20:00:00,5044.5,7.6,20,Wednesday,3,Spring
2023-03-08 21:00:00,4950.3,9.9,21,Wednesday,3,Spring
2023-03-08 22:00:00,4904.6,7.4,22,Wednesday,3,Spring
2023-03-08 23:00:00,4836.2,9.8,23,Wednesday,3,Spring
2023-03-09 00:00:00,4396.0,6.8,0,Thursday,3,Spring
2023-03-09 01:00:00,4152.7,11.5,1,Thursday,3,Spring
2023-03-09 02:00:00,3938.5,7.7,2,Thursday,3,Spring
2023-03-09 03:00:00,3594.2,8.5,3,Thursday,3,Spring
2023-03-09 04:00:00,3590.8,9.3,4,Thursday,3,Spring
2023-03-09 05:00:00,3295.2,8.0,5,Thursday,3,Spring
2023-03-09 06:00:00,3105.9,9.0,6,Thursday,3,Spring
2023-03-09 07:00:00,3218.5,9.7,7,Thursday,3,Spring
2023-03-09 08:00:00,2914.5,10.3,8,Thursday,3,Spring
2023-03-09 09:00:00,2809.2,10.0,9,Thursday,3,Spring
2023-03-09 10:00:00,2862.0,8.6,10,Thursday,3,Spring
2023-03-09 11:00:00,3066.1,8.6,11,Thursday,3,Spring
2023-03-09 12:00:00,3129.0,12.4,12,Thursday,3,Spring
2023-03-09 13:00:00,3184.1,10.3,13,Thursday,3,Spring
2023-03-09 14:00:00,3600.3,7.5,14,Thursday,3,Spring
2023-03-09 15:00:00,3701.8,9.0,15,Thursday,3,Spring
2023-03-09 16:00:00,4231.7,8.3,16,Thursday,3,Spring
2023-03-09 17:00:00,4476.6,8.6,17,Thursday,3,Spring
2023-03-09 18:00:00,4644.3,7.0,18,Thursday,3,Spring
2023-03-09 19:00:00,5149.0,8.2,19,Thursday,3,Spring
2023-03-09 20:00:00,5150.7,11.6,20,Thursday,3,Spring
2023-03-09 21:00:00,5215.6,9.7,21,Thursday,3,Spring
2023-03-09 22:00:00,4983.6,5.1,22,Thursday,3,Spring
2023-03-09 23:00:00,4581.0,10.7,23,Thursday,3,Spring
2023-03-10 00:00:00,4320.6,10.3,0,Friday,3,Spring
2023-03-10 01:00:00,4316.6,8.2,1,Friday,3,Spring
2023-03-10 02:00:00,3961.7,9.8,2,Friday,3,Spring
2023-03-10 03:00:00,3728.5,7.4,3,Friday,3,Spring
2023-03-10 04:00:00,3453.4,8.0,4,Friday,3,Spring
2023-03-10 05:00:00,3360.0,10.9,5,Friday,3,Spring
2023-03-10 06:00:00,3303.8,8.3,6,Friday,3,Spring
2023-03-10 07:00:00,2921.3,5.9,7,Friday,3,Spring
2023-03-10 08:00:00,2914.9,8.6,8,Friday,3,Spring
2023-03-10 09:00:00,2984.8,8.6,9,Friday,3,Spring
2023-03-10 10:00:00,2907.3,10.5,10,Friday,3,Spring
2023-03-10 11:00:00,3035.3,8.7,11,Friday,3,Spring
2023-03-10 12:00:00,3058.5,8.1,12,Friday,3,Spring
2023-03-10 13:00:00,3361.6,10.3,13,Friday,3,Spring
2023-03-10 14:00:00,3527.5,8.9,14,Friday,3,Spring
2023-03-10 15:00:00,3884.4,7.6,15,Friday,3,Spring
2023-03-10 16:00:00,4191.5,10.4,16,Friday,3,Spring
2023-03-10 17:00:00,4673.6,9.0,17,Friday,3,Spring
2023-03-10 18:00:00,4798.2,8.7,18,Friday,3,Spring
2023-03-10 19:00:00,5065.0,9.0,19,Friday,3,Spring
2023-03-10 20:00:00,5203.1,7.1,20,Friday,3,Spring
2023-03-10 21:00:00,5097.0,7.9,21,Friday,3,Spring
2023-03-10 22:00:00,5000.3,8.7,22,Friday,3,Spring
2023-03-10 23:00:00,4678.0,8.4,23,Friday,3,Spring
2023-03-11 00:00:00,4440.5,10.5,0,Saturday,3,Spring
2023-03-11 01:00:00,4377.2,8.9,1,Saturday,3,Spring
2023-03-11 02:00:00,3921.8,9.9,2,Saturday,3,Spring
2023-03-11 03:00:00,3900.8,8.6,3,Saturday,3,Spring
2023-03-11 04:00:00,3679.8,10.2,4,Saturday,3,Spring
2023-03-11 05:00:00,3338.0,9.2,5,Saturday,3,Spring
2023-03-11 06:00:00,2995.8,8.6,6,Saturday,3,Spring
2023-03-11 07:00:00,2976.4,8.6,7,Saturday,3,Spring
2023-03-11 08:00:00,3028.5,7.1,8,Saturday,3,Spring
2023-03-11 09:00:00,2901.4,9.3,9,Saturday,3,Spring
2023-03-11 10:00:00,2860.1,8.5,10,Saturday,3,Spring
2023-03-11 11:00:00,2984.2,7.8,11,Saturday,3,Spring
2023-03-11 12:00:00,3230.3,10.2,12,Saturday,3,Spring
2023-03-11 13:00:00,3394.9,6.7,13,Saturday,3,Spring
2023-03-11 14:00:00,3547.4,7.9,14,Saturday,3,Spring
2023-03-11 15:00:00,3782.4,10.1,15,Saturday,3,Spring
2023-03-11 16:00:00,4058.9,9.0,16,Saturday,3,Spring
2023-03-11 17:00:00,4318.1,8.5,17,Saturday,3,Spring
2023-03-11 18:00:00,4955.0,8.9,18,Saturday,3,Spring
2023-03-11 19:00:00,5018.3,8.8,19,Saturday,3,Spring
2023-03-11 20:00:00,5372.6,6.3,20,Saturday,3,Spring
2023-03-11 21:00:00,5375.2,8.0,21,Saturday,3,Spring
2023-03-11 22:00:00,5117.5,11.0,22,Saturday,3,Spring
2023-03-11 23:00:00,4694.4,7.6,23,Saturday,3,Spring
2023-03-12 00:00:00,4497.5,8.0,0,Sunday,3,Spring
2023-03-12 01:00:00,4264.4,7.6,1,Sunday,3,Spring
2023-03-12 02:00:00,3959.4,8.3,2,Sunday,3,Spring
2023-03-12 03:00:00,3850.0,7.6,3,Sunday,3,Spring
2023-03-12 04:00:00,3481.5,9.2,4,Sunday,3,Spring
2023-03-12 05:00:00,3471.3,8.7,5,Sunday,3,Spring
2023-03-12 06:00:00,3148.6,9.6,6,Sunday,3,Spring
2023-03-12 07:00:00,3058.6,6.9,7,Sunday,3,Spring
2023-03-12 08:00:00,2974.7,7.9,8,Sunday,3,Spring
2023-03-12 09:00:00,2904.3,8.1,9,Sunday,3,Spring
2023-03-12 10:00:00,2997.1,9.1,10,Sunday,3,Spring
2023-03-12 11:00:00,3007.2,7.3,11,Sunday,3,Spring
2023-03-12 12:00:00,3255.2,9.8,12,Sunday,3,Spring
2023-03-12 13:00:00,3258.9,10.2,13,Sunday,3,Spring
2023-03-12 14:00:00,3604.9,7.0,14,Sunday,3,Spring
2023-03-12 15:00:00,4030.3,7.7,15,Sunday,3,Spring
2023-03-12 16:00:00,4024.3,7.6,16,Sunday,3,Spring
2023-03-12 17:00:00,4375.3,12.4,17,Sunday,3,Spring
2023-03-12 18:00:00,4857.3,7.8,18,Sunday,3,Spring
2023-03-12 19:00:00,5117.1,11.0,19,Sunday,3,Spring
2023-03-12 20:00:00,5296.2,6.5,20,Sunday,3,Spring
2023-03-12 21:00:00,5278.0,7.0,21,Sunday,3,Spring
2023-03-12 22:00:00,5107.3,7.4,22,Sunday,3,Spring
2023-03-12 23:00:00,4911.2,7.2,23,Sunday,3,Spring
2023-03-13 00:00:00,4529.3,7.9,0,Monday,3,Spring
2023-03-13 01:00:00,4270.6,7.3,1,Monday,3,Spring
2023-03-13 02:00:00,4147.5,7.1,2,Monday,3,Spring
2023-03-13 03:00:00,4028.1,10.1,3,Monday,3,Spring
2023-03-13 04:00:00,3600.0,10.2,4,Monday,3,Spring
2023-03-13 05:00:00,3311.8,9.7,5,Monday,3,Spring
2023-03-13 06:00:00,3296.4,9.1,6,Monday,3,Spring
2023-03-13 07:00:00,3055.1,8.5,7,Monday,3,Spring
2023-03-13 08:00:00,2812.6,7.6,8,Monday,3,Spring
2023-03-13 09:00:00,3005.8,6.9,9,Monday,3,Spring
2023-03-13 10:00:00,2934.4,8.9,10,Monday,3,Spring
2023-03-13 11:00:00,3057.4,6.6,11,Monday,3,Spring
2023-03-13 12:00:00,3234.5,6.8,12,Monday,3,Spring
2023-03-13 13:00:00,3411.9,10.1,13,Monday,3,Spring
2023-03-13 14:00:00,3682.5,11.2,14,Monday,3,Spring
2023-03-13 15:00:00,3828.4,8.9,15,Monday,3,Spring
2023-03-13 16:00:00,4209.4,10.0,16,Monday,3,Spring
2023-03-13 17:00:00,4452.4,8.0,17,Monday,3,Spring
2023-03-13 18:00:00,4918.1,6.3,18,Monday,3,Spring
2023-03-13 19:00:00,5208.3,9.2,19,Monday,3,Spring
2023-03-13 20:00:00,5162.9,9.2,20,Monday,3,Spring
2023-03-13 21:00:00,5392.8,8.4,21,Monday,3,Spring
2023-03-13 22:00:00,4994.5,8.0,22,Monday,3,Spring
2023-03-13 23:00:00,4908.8,9.8,23,Monday,3,Spring
2023-03-14 00:00:00,4555.6,6.7,0,Tuesday,3,Spring
2023-03-14 01:00:00,4524.9,7.0,1,Tuesday,3,Spring
2023-03-14 02:00:00,4084.1,6.7,2,Tuesday,3,Spring
2023-03-14 03:00:00,3838.2,8.3,3,Tuesday,3,Spring
2023-03-14 04:00:00,3635.1,6.6,4,Tuesday,3,Spring
2023-03-14 05:00:00,3391.9,7.2,5,Tuesday,3,Spring
2023-03-14 06:00:00,3294.3,7.1,6,Tuesday,3,Spring
2023-03-14 07:00:00,2960.7,7.8,7,Tuesday,3,Spring
2023-03-14 08:00:00,2915.8,6.0,8,Tuesday,3,Spring
2023-03-14 09:00:00,2884.6,8.3,9,Tuesday,3,Spring
2023-03-14 10:00:00,3065.8,10.1,10,Tuesday,3,Spring
2023-03-14 11:00:00,3217.4,8.4,11,Tuesday,3,Spring
2023-03-14 12:00:00,3221.5,10.5,12,Tuesday,3,Spring
2023-03-14 13:00:00,3404.7,10.2,13,Tuesday,3,Spring
2023-03-14 14:00:00,3649.6,9.4,14,Tuesday,3,Spring
2023-03-14 15:00:00,4010.4,8.3,15,Tuesday,3,Spring
2023-03-14 16:00:00,4087.7,8.2,16,Tuesday,3,Spring
2023-03-14 17:00:00,4539.2,9.3,17,Tuesday,3,Spring
2023-03-14 18:00:00,4980.6,7.6,18,Tuesday,3,Spring
2023-03-14 19:00:00,5229.4,5.4,19,Tuesday,3,Spring
2023-03-14 20:00:00,5348.1,8.9,20,Tuesday,3,Spring
2023-03-14 21:00:00,5418.7,6.5,21,Tuesday,3,Spring
2023-03-14 22:00:00,4752.7,6.8,22,Tuesday,3,Spring
2023-03-14 23:00:00,4926.9,8.2,23,Tuesday,3,Spring
2023-03-15 00:00:00,4470.8,7.9,0,Wednesday,3,Spring
2023-03-15 01:00:00,4156.4,6.0,1,Wednesday,3,Spring
2023-03-15 02:00:00,4188.0,8.3,2,Wednesday,3,Spring
2023-03-15 03:00:00,4032.4,9.5,3,Wednesday,3,Spring
2023-03-15 04:00:00,3649.2,6.4,4,Wednesday,3,Spring
2023-03-15 05:00:00,3523.3,10.0,5,Wednesday,3,Spring
2023-03-15 06:00:00,3383.0,5.7,6,Wednesday,3,Spring
2023-03-15 07:00:00,3208.7,11.3,7,Wednesday,3,Spring
2023-03-15 08:00:00,3138.8,7.5,8,Wednesday,3,Spring
2023-03-15 09:00:00,3039.4,8.3,9,Wednesday,3,Spring
2023-03-15 10:00:00,3020.9,5.2,10,Wednesday,3,Spring
2023-03-15 11:00:00,2982.2,8.0,11,Wednesday,3,Spring
2023-03-15 12:00:00,3232.1,8.4,12,Wednesday,3,Spring
2023-03-15 13:00:00,3370.0,8.0,13,Wednesday,3,Spring
2023-03-15 14:00:00,3867.3,7.2,14,Wednesday,3,Spring
2023-03-15 15:00:00,3906.6,6.7,15,Wednesday,3,Spring
2023-03-15 16:00:00,4226.3,9.8,16,Wednesday,3,Spring
2023-03-15 17:00:00,4605.9,8.1,17,Wednesday,3,Spring
2023-03-15 18:00:00,4900.8,10.4,18,Wednesday,3,Spring
2023-03-15 19:00:00,5420.5,7.3,19,Wednesday,3,Spring
2023-03-15 20:00:00,5275.9,7.4,20,Wednesday,3,Spring
2023-03-15 21:00:00,5348.6,9.3,21,Wednesday,3,Spring
2023-03-15 22:00:00,5036.9,5.6,22,Wednesday,3,Spring
2023-03-15 23:00:00,4717.0,6.3,23,Wednesday,3,Spring
2023-03-16 00:00:00,4506.1,9.6,0,Thursday,3,Spring
2023-03-16 01:00:00,4381.4,6.2,1,Thursday,3,Spring
2023-03-16 02:00:00,4118.7,5.2,2,Thursday,3,Spring
2023-03-16 03:00:00,3857.2,10.8,3,Thursday,3,Spring
2023-03-16 04:00:00,3557.2,5.9,4,Thursday,3,Spring
2023-03-16 05:00:00,3457.5,8.2,5,Thursday,3,Spring
2023-03-16 06:00:00,3150.9,8.1,6,Thursday,3,Spring
2023-03-16 07:00:00,3187.2,3.8,7,Thursday,3,Spring
2023-03-16 08:00:00,3042.0,7.6,8,Thursday,3,Spring
2023-03-16 09:00:00,2894.9,8.6,9,Thursday,3,Spring
2023-03-16 10:00:00,3012.3,8.5,10,Thursday,3,Spring
2023-03-16 11:00:00,3069.0,9.3,11,Thursday,3,Spring
2023-03-16 12:00:00,3300.4,7.4,12,Thursday,3,Spring
2023-03-16 13:00:00,3582.2,9.0,13,Thursday,3,Spring
2023-03-16 14:00:00,3520.1,6.9,14,Thursday,3,Spring
2023-03-16 15:00:00,3962.0,5.9,15,Thursday,3,Spring
2023-03-16 16:00:00,4225.1,6.0,16,Thursday,3,Spring
2023-03-16 17:00:00,4651.0,5.8,17,Thursday,3,Spring
2023-03-16 18:00:00,4955.1,9.5,18,Thursday,3,Spring
2023-03-16 19:00:00,5137.2,5.7,19,Thursday,3,Spring
2023-03-16 20:00:00,5352.9,8.4,20,Thursday,3,Spring
2023-03-16 21:00:00,5252.3,7.6,21,Thursday,3,Spring
2023-03-16 22:00:00,5306.1,7.8,22,Thursday,3,Spring
2023-03-16 23:00:00,4913.8,10.0,23,Thursday,3,Spring
2023-03-17 00:00:00,4826.2,7.2,0,Friday,3,Spring
2023-03-17 01:00:00,4408.5,8.8,1,Friday,3,Spring
2023-03-17 02:00:00,4117.4,7.9,2,Friday,3,Spring
2023-03-17 03:00:00,3802.2,7.6,3,Friday,3,Spring
2023-03-17 04:00:00,3544.5,11.3,4,Friday,3,Spring
2023-03-17 05:00:00,3350.1,5.7,5,Friday,3,Spring
2023-03-17 06:00:00,3318.3,9.8,6,Friday,3,Spring
2023-03-17 07:00:00,3189.0,8.8,7,Friday,3,Spring
2023-03-17 08:00:00,2935.6,7.1,8,Friday,3,Spring
2023-03-17 09:00:00,3092.5,10.3,9,Friday,3,Spring
2023-03-17 10:00:00,3019.5,5.1,10,Friday,3,Spring
2023-03-17 11:00:00,3160.6,7.1,11,Friday,3,Spring
2023-03-17 12:00:00,3429.3,6.0,12,Friday,3,Spring
2023-03-17 13:00:00,3567.8,8.5,13,Friday,3,Spring
2023-03-17 14:00:00,3693.4,6.2,14,Friday,3,Spring
2023-03-17 15:00:00,3888.8,8.5,15,Friday,3,Spring
2023-03-17 16:00:00,4041.1,7.6,16,Friday,3,Spring
2023-03-17 17:00:00,4522.5,7.1,17,Friday,3,Spring
2023-03-17 18:00:00,4936.1,8.4,18,Friday,3,Spring
2023-03-17 19:00:00,5141.1,7.5,19,Friday,3,Spring
2023-03-17 20:00:00,5414.7,6.2,20,Friday,3,Spring
2023-03-17 21:00:00,5405.7,12.1,21,Friday,3,Spring
2023-03-17 22:00:00,5172.9,7.1,22,Friday,3,Spring
2023-03-17 23:00:00,4864.2,4.5,23,Friday,3,Spring
2023-03-18 00:00:00,4657.8,6.5,0,Saturday,3,Spring
2023-03-18 01:00:00,4494.1,5.8,1,Saturday,3,Spring
2023-03-18 02:00:00,4104.9,9.0,2,Saturday,3,Spring
2023-03-18 03:00:00,4118.7,8.2,3,Saturday,3,Spring
2023-03-18 04:00:00,3727.7,8.3,4,Saturday,3,Spring
2023-03-18 05:00:00,3513.5,7.2,5,Saturday,3,Spring
2023-03-18 06:00:00,3377.3,7.3,6,Saturday,3,Spring
2023-03-18 07:00:00,3188.7,7.2,7,Saturday,3,Spring
2023-03-18 08:00:00,3150.3,7.6,8,Saturday,3,Spring
2023-03-18 09:00:00,3067.1,9.0,9,Saturday,3,Spring
2023-03-18 10:00:00,3029.9,8.3,10,Saturday,3,Spring
2023-03-18 11:00:00,3198.9,8.5,11,Saturday,3,Spring
2023-03-18 12:00:00,3223.8,8.5,12,Saturday,3,Spring
2023-03-18 13:00:00,3522.6,9.1,13,Saturday,3,Spring
2023-03-18 14:00:00,3740.3,8.2,14,Saturday,3,Spring
2023-03-18 15:00:00,3983.5,8.3,15,Saturday,3,Spring
2023-03-18 16:00:00,4285.9,9.5,16,Saturday,3,Spring
2023-03-18 17:00:00,4418.2,6.8,17,Saturday,3,Spring
2023-03-18 18:00:00,4927.2,6.5,18,Saturday,3,Spring
2023-03-18 19:00:00,5319.0,6.0,19,Saturday,3,Spring
2023-03-18 20:00:00,5491.1,8.0,20,Saturday,3,Spring
2023-03-18 21:00:00,5292.2,5.0,21,Saturday,3,Spring
2023-03-18 22:00:00,5403.0,8.4,22,Saturday,3,Spring
2023-03-18 23:00:00,4870.1,7.6,23,Saturday,3,Spring
2023-03-19 00:00:00,4782.6,9.3,0,Sunday,3,Spring
2023-03-19 01:00:00,4522.6,6.6,1,Sunday,3,Spring
2023-03-19 02:00:00,4179.6,7.3,2,Sunday,3,Spring
2023-03-19 03:00:00,4182.9,9.3,3,Sunday,3,Spring
2023-03-19 04:00:00,3649.7,9.7,4,Sunday,3,Spring
2023-03-19 05:00:00,3616.6,6.6,5,Sunday,3,Spring
2023-03-19 06:00:00,3424.4,7.9,6,Sunday,3,Spring
2023-03-19 07:00:00,3138.0,8.1,7,Sunday,3,Spring
2023-03-19 08:00:00,3205.5,8.2,8,Sunday,3,Spring
2023-03-19 09:00:00,3046.5,7.2,9,Sunday,3,Spring
2023-03-19 10:00:00,3120.0,9.6,10,Sunday,3,Spring
2023-03-19 11:00:00,3212.3,4.8,11,Sunday,3,Spring
2023-03-19 12:00:00,3329.8,7.0,12,Sunday,3,Spring
2023-03-19 13:00:00,3608.4,8.3,13,Sunday,3,Spring
2023-03-19 14:00:00,3843.3,8.3,14,Sunday,3,Spring
2023-03-19 15:00:00,3855.0,9.7,15,Sunday,3,Spring
2023-03-19 16:00:00,4469.7,9.4,16,Sunday,3,Spring
2023-03-19 17:00:00,4473.5,7.2,17,Sunday,3,Spring
2023-03-19 18:00:00,5159.1,9.6,18,Sunday,3,Spring
2023-03-19 19:00:00,5492.8,6.6,19,Sunday,3,Spring
2023-03-19 20:00:00,5355.8,9.0,20,Sunday,3,Spring
2023-03-19 21:00:00,5412.1,10.4,21,Sunday,3,Spring
2023-03-19 22:00:00,5126.7,9.5,22,Sunday,3,Spring
2023-03-19 23:00:00,4984.4,7.8,23,Sunday,3,Spring
2023-03-20 00:00:00,4664.4,7.0,0,Monday,3,Spring
2023-03-20 01:00:00,4592.5,5.2,1,Monday,3,Spring
2023-03-20 02:00:00,4416.7,8.0,2,Monday,3,Spring
2023-03-20 03:00:00,4172.5,5.9,3,Monday,3,Spring
2023-03-20 04:00:00,3733.8,6.3,4,Monday,3,Spring
2023-03-20 05:00:00,3540.4,5.8,5,Monday,3,Spring
2023-03-20 06:00:00,3221.6,6.8,6,Monday,3,Spring
2023-03-20 07:00:00,3148.1,7.5,7,Monday,3,Spring
2023-03-20 08:00:00,3193.5,7.9,8,Monday,3,Spring
2023-03-20 09:00:00,3210.7,6.6,9,Monday,3,Spring
2023-03-20 10:00:00,3022.1,9.1,10,Monday,3,Spring
2023-03-20 11:00:00,3165.2,7.2,11,Monday,3,Spring
2023-03-20 12:00:00,3361.1,6.4,12,Monday,3,Spring
2023-03-20 13:00:00,3585.2,7.9,13,Monday,3,Spring
2023-03-20 14:00:00,3716.9,10.5,14,Monday,3,Spring
2023-03-20 15:00:00,4101.1,8.0,15,Monday,3,Spring
2023-03-20 16:00:00,4305.8,7.0,16,Monday,3,Spring
2023-03-20 17:00:00,4696.9,5.2,17,Monday,3,Spring
2023-03-20 18:00:00,5132.0,7.2,18,Monday,3,Spring
2023-03-20 19:00:00,5378.9,7.9,19,Monday,3,Spring
2023-03-20 20:00:00,5482.2,7.0,20,Monday,3,Spring
2023-03-20 21:00:00,5489.6,5.0,21,Monday,3,Spring
2023-03-20 22:00:00,5295.9,6.3,22,Monday,3,Spring
2023-03-20 23:00:00,4998.1,9.7,23,Monday,3,Spring
2023-03-21 00:00:00,4701.1,9.6,0,Tuesday,3,Spring
2023-03-21 01:00:00,4715.8,6.1,1,Tuesday,3,Spring
2023-03-21 02:00:00,4365.3,8.4,2,Tuesday,3,Spring
2023-03-21 03:00:00,4028.6,5.7,3,Tuesday,3,Spring
2023-03-21 04:00:00,3878.6,9.5,4,Tuesday,3,Spring
2023-03-21 05:00:00,3552.7,7.8,5,Tuesday,3,Spring
2023-03-21 06:00:00,3484.7,8.9,6,Tuesday,3,Spring
2023-03-21 07:00:00,3264.0,4.9,7,Tuesday,3,Spring
2023-03-21 08:00:00,3130.6,8.5,8,Tuesday,3,Spring
2023-03-21 09:00:00,3141.3,7.4,9,Tuesday,3,Spring
2023-03-21 10:00:00,3015.7,8.7,10,Tuesday,3,Spring
2023-03-21 11:00:00,3143.0,8.8,11,Tuesday,3,Spring
2023-03-21 12:00:00,3284.6,7.5,12,Tuesday,3,Spring
2023-03-21 13:00:00,3596.7,6.5,13,Tuesday,3,Spring
2023-03-21 14:00:00,3984.3,8.6,14,Tuesday,3,Spring
2023-03-21 15:00:00,4312.9,7.3,15,Tuesday,3,Spring
2023-03-21 16:00:00,4456.3,6.1,16,Tuesday,3,Spring
2023-03-21 17:00:00,4789.0,6.1,17,Tuesday,3,Spring
2023-03-21 18:00:00,4867.0,5.2,18,Tuesday,3,Spring
2023-03-21 19:00:00,5340.2,6.7,19,Tuesday,3,Spring
2023-03-21 20:00:00,5469.5,9.1,20,Tuesday,3,Spring
2023-03-21 21:00:00,5455.2,7.7,21,Tuesday,3,Spring
2023-03-21 22:00:00,5320.4,6.6,22,Tuesday,3,Spring
2023-03-21 23:00:00,5018.3,8.6,23,Tuesday,3,Spring
2023-03-22 00:00:00,4527.3,6.1,0,Wednesday,3,Spring
2023-03-22 01:00:00,4649.8,7.5,1,Wednesday,3,Spring
2023-03-22 02:00:00,4217.1,7.1,2,Wednesday,3,Spring
2023-03-22 03:00:00,4109.8,8.5,3,Wednesday,3,Spring
2023-03-22 04:00:00,4036.3,5.0,4,Wednesday,3,Spring
2023-03-22 05:00:00,3523.3,6.1,5,Wednesday,3,Spring
2023-03-22 06:00:00,3192.2,4.9,6,Wednesday,3,Spring
2023-03-22 07:00:00,3232.1,7.0,7,Wednesday,3,Spring
2023-03-22 08:00:00,3246.7,9.2,8,Wednesday,3,Spring
2023-03-22 09:00:00,3280.1,6.6,9,Wednesday,3,Spring
2023-03-22 10:00:00,3062.6,6.6,10,Wednesday,3,Spring
2023-03-22 11:00:00,3295.9,8.7,11,Wednesday,3,Spring
2023-03-22 12:00:00,3368.3,8.9,12,Wednesday,3,Spring
2023-03-22 13:00:00,3598.0,7.2,13,Wednesday,3,Spring
2023-03-22 14:00:00,4098.2,8.4,14,Wednesday,3,Spring
2023-03-22 15:00:00,3957.4,5.7,15,Wednesday,3,Spring
2023-03-22 16:00:00,4443.3,9.4,16,Wednesday,3,Spring
2023-03-22 17:00:00,4816.6,10.6,17,Wednesday,3,Spring
2023-03-22 18:00:00,5269.3,8.1,18,Wednesday,3,Spring
2023-03-22 19:00:00,5462.7,4.2,19,Wednesday,3,Spring
2023-03-22 20:00:00,5659.4,6.5,20,Wednesday,3,Spring
2023-03-22 21:00:00,5523.1,8.3,21,Wednesday,3,Spring
2023-03-22 22:00:00,5414.2,6.7,22,Wednesday,3,Spring
2023-03-22 23:00:00,5067.9,9.3,23,Wednesday,3,Spring
2023-03-23 00:00:00,4868.6,8.1,0,Thursday,3,Spring
2023-03-23 01:00:00,4551.9,6.2,1,Thursday,3,Spring
2023-03-23 02:00:00,4402.8,7.3,2,Thursday,3,Spring
2023-03-23 03:00:00,4109.1,5.9,3,Thursday,3,Spring
2023-03-23 04:00:00,3971.2,7.0,4,Thursday,3,Spring
2023-03-23 05:00:00,3625.1,6.4,5,Thursday,3,Spring
2023-03-23 06:00:00,3278.0,9.0,6,Thursday,3,Spring
2023-03-23 07:00:00,3380.1,10.4,7,Thursday,3,Spring
2023-03-23 08:00:00,3108.4,5.1,8,Thursday,3,Spring
2023-03-23 09:00:00,3096.1,4.4,9,Thursday,3,Spring
2023-03-23 10:00:00,3133.0,6.9,10,Thursday,3,Spring
2023-03-23 11:00:00,3389.4,5.0,11,Thursday,3,Spring
2023-03-23 12:00:00,3247.1,7.3,12,Thursday,3,Spring
2023-03-23 13:00:00,3916.0,8.4,13,Thursday,3,Spring
2023-03-23 14:00:00,3971.3,9.5,14,Thursday,3,Spring
2023-03-23 15:00:00,4161.9,7.6,15,Thursday,3,Spring
2023-03-23 16:00:00,4438.1,7.0,16,Thursday,3,Spring
2023-03-23 17:00:00,4826.3,4.3,17,Thursday,3,Spring
2023-03-23 18:00:00,5230.9,7.3,18,Thursday,3,Spring
2023-03-23 19:00:00,5573.5,7.4,19,Thursday,3,Spring
2023-03-23 20:00:00,5731.5,8.2,20,Thursday,3,Spring
2023-03-23 21:00:00,5626.8,6.2,21,Thursday,3,Spring
2023-03-23 22:00:00,5386.6,6.6,22,Thursday,3,Spring
2023-03-23 23:00:00,5125.7,5.0,23,Thursday,3,Spring
2023-03-24 00:00:00,4801.8,3.7,0,Friday,3,Spring
2023-03-24 01:00:00,4755.3,5.5,1,Friday,3,Spring
2023-03-24 02:00:00,4455.2,4.8,2,Friday,3,Spring
2023-03-24 03:00:00,3834.6,7.7,3,Friday,3,Spring
2023-03-24 04:00:00,3951.3,6.4,4,Friday,3,Spring
2023-03-24 05:00:00,3671.2,6.4,5,Friday,3,Spring
2023-03-24 06:00:00,3450.7,5.7,6,Friday,3,Spring
2023-03-24 07:00:00,3266.0,2.3,7,Friday,3,Spring
2023-03-24 08:00:00,3291.0,9.4,8,Friday,3,Spring
2023-03-24 09:00:00,3243.0,5.7,9,Friday,3,Spring
2023-03-24 10:00:00,3139.2,6.5,10,Friday,3,Spring
2023-03-24 11:00:00,3331.6,5.0,11,Friday,3,Spring
2023-03-24 12:00:00,3368.7,8.6,12,Friday,3,Spring
2023-03-24 13:00:00,3528.7,7.4,13,Friday,3,Spring
2023-03-24 14:00:00,3833.3,5.9,14,Friday,3,Spring
2023-03-24 15:00:00,4255.6,6.6,15,Friday,3,Spring
2023-03-24 16:00:00,4579.6,9.7,16,Friday,3,Spring
2023-03-24 17:00:00,4885.2,7.1,17,Friday,3,Spring
2023-03-24 18:00:00,5291.4,6.9,18,Friday,3,Spring
2023-03-24 19:00:00,5591.9,5.7,19,Friday,3,Spring
2023-03-24 20:00:00,5598.5,4.3,20,Friday,3,Spring
2023-03-24 21:00:00,5711.8,6.9,21,Friday,3,Spring
2023-03-24 22:00:00,5557.5,7.6,22,Friday,3,Spring
2023-03-24 23:00:00,5276.3,8.8,23,Friday,3,Spring
2023-03-25 00:00:00,5000.8,3.7,0,Saturday,3,Spring
2023-03-25 01:00:00,4736.5,5.4,1,Saturday,3,Spring
2023-03-25 02:00:00,4457.2,6.2,2,Saturday,3,Spring
2023-03-25 03:00:00,4277.0,7.1,3,Saturday,3,Spring
2023-03-25 04:00:00,3910.0,6.9,4,Saturday,3,Spring
2023-03-25 05:00:00,3595.9,6.9,5,Saturday,3,Spring
2023-03-25 06:00:00,3460.4,7.7,6,Saturday,3,Spring
2023-03-25 07:00:00,3257.5,5.7,7,Saturday,3,Spring
2023-03-25 08:00:00,3167.3,8.5,8,Saturday,3,Spring
2023-03-25 09:00:00,3176.9,7.7,9,Saturday,3,Spring
2023-03-25 10:00:00,3157.9,6.6,10,Saturday,3,Spring
2023-03-25 11:00:00,3293.8,9.5,11,Saturday,3,Spring
2023-03-25 12:00:00,3310.3,9.4,12,Saturday,3,Spring
2023-03-25 13:00:00,3697.9,8.5,13,Saturday,3,Spring
2023-03-25 14:00:00,3919.6,2.5,14,Saturday,3,Spring
2023-03-25 15:00:00,4107.0,9.4,15,Saturday,3,Spring
2023-03-25 16:00:00,4576.1,8.3,16,Saturday,3,Spring
2023-03-25 17:00:00,4968.2,10.1,17,Saturday,3,Spring
2023-03-25 18:00:00,5020.5,8.9,18,Saturday,3,Spring
2023-03-25 19:00:00,5450.4,9.4,19,Saturday,3,Spring
2023-03-25 20:00:00,5616.3,8.4,20,Saturday,3,Spring
2023-03-25 21:00:00,5553.6,9.1,21,Saturday,3,Spring
2023-03-25 22:00:00,5597.3,10.1,22,Saturday,3,Spring
2023-03-25 23:00:00,5186.8,7.4,23,Saturday,3,Spring
2023-03-26 00:00:00,4855.2,4.6,0,Sunday,3,Spring
2023-03-26 01:00:00,4449.2,6.5,1,Sunday,3,Spring
2023-03-26 02:00:00,4517.4,7.6,2,Sunday,3,Spring
2023-03-26 03:00:00,4062.3,7.1,3,Sunday,3,Spring
2023-03-26 04:00:00,3943.6,5.1,4,Sunday,3,Spring
2023-03-26 05:00:00,3726.2,4.5,5,Sunday,3,Spring
2023-03-26 06:00:00,3615.8,5.9,6,Sunday,3,Spring
2023-03-26 07:00:00,3231.3,8.2,7,Sunday,3,Spring
2023-03-26 08:00:00,2997.6,9.4,8,Sunday,3,Spring
2023-03-26 09:00:00,3223.6,8.4,9,Sunday,3,Spring
2023-03-26 10:00:00,3388.3,8.6,10,Sunday,3,Spring
2023-03-26 11:00:00,3444.1,6.9,11,Sunday,3,Spring
2023-03-26 12:00:00,3515.4,4.4,12,Sunday,3,Spring
2023-03-26 13:00:00,3656.4,6.3,13,Sunday,3,Spring
2023-03-26 14:00:00,4024.2,6.6,14,Sunday,3,Spring
2023-03-26 15:00:00,4116.8,6.2,15,Sunday,3,Spring
2023-03-26 16:00:00,4584.7,7.1,16,Sunday,3,Spring
2023-03-26 17:00:00,4947.3,7.7,17,Sunday,3,Spring
2023-03-26 18:00:00,5403.8,8.3,18,Sunday,3,Spring
2023-03-26 19:00:00,5977.7,6.6,19,Sunday,3,Spring
2023-03-26 20:00:00,5819.7,4.1,20,Sunday,3,Spring
2023-03-26 21:00:00,5650.8,6.3,21,Sunday,3,Spring
2023-03-26 22:00:00,5515.2,7.1,22,Sunday,3,Spring
2023-03-26 23:00:00,5013.5,8.8,23,Sunday,3,Spring
2023-03-27 00:00:00,4833.2,6.1,0,Monday,3,Spring
2023-03-27 01:00:00,4665.4,7.7,1,Monday,3,Spring
2023-03-27 02:00:00,4416.4,7.3,2,Monday,3,Spring
2023-03-27 03:00:00,4234.9,7.0,3,Monday,3,Spring
2023-03-27 04:00:00,3881.3,8.3,4,Monday,3,Spring
2023-03-27 05:00:00,3828.4,5.9,5,Monday,3,Spring
2023-03-27 06:00:00,3519.1,6.0,6,Monday,3,Spring
2023-03-27 07:00:00,3361.1,6.9,7,Monday,3,Spring
2023-03-27 08:00:00,3236.2,5.9,8,Monday,3,Spring
2023-03-27 09:00:00,3241.8,7.7,9,Monday,3,Spring
2023-03-27 10:00:00,3330.3,5.8,10,Monday,3,Spring
2023-03-27 11:00:00,3289.0,7.2,11,Monday,3,Spring
2023-03-27 12:00:00,3461.4,6.8,12,Monday,3,Spring
2023-03-27 13:00:00,3697.1,7.2,13,Monday,3,Spring
2023-03-27 14:00:00,3836.1,6.2,14,Monday,3,Spring
2023-03-27 15:00:00,4159.4,6.4,15,Monday,3,Spring
2023-03-27 16:00:00,4505.3,7.1,16,Monday,3,Spring
2023-03-27 17:00:00,5024.1,7.2,17,Monday,3,Spring
2023-03-27 18:00:00,5332.5,6.9,18,Monday,3,Spring
2023-03-27 19:00:00,5654.7,9.5,19,Monday,3,Spring
2023-03-27 20:00:00,5923.2,5.4,20,Monday,3,Spring
2023-03-27 21:00:00,5740.3,6.8,21,Monday,3,Spring
2023-03-27 22:00:00,5608.1,4.5,22,Monday,3,Spring
2023-03-27 23:00:00,5265.2,7.5,23,Monday,3,Spring
2023-03-28 00:00:00,4982.5,5.2,0,Tuesday,3,Spring
2023-03-28 01:00:00,4674.3,6.4,1,Tuesday,3,Spring
2023-03-28 02:00:00,4228.7,6.3,2,Tuesday,3,Spring
2023-03-28 03:00:00,4231.2,7.3,3,Tuesday,3,Spring
2023-03-28 04:00:00,4129.6,6.0,4,Tuesday,3,Spring
2023-03-28 05:00:00,3834.3,5.9,5,Tuesday,3,Spring
2023-03-28 06:00:00,3626.8,9.0,6,Tuesday,3,Spring
2023-03-28 07:00:00,3487.6,7.3,7,Tuesday,3,Spring
2023-03-28 08:00:00,3290.8,6.0,8,Tuesday,3,Spring
2023-03-28 09:00:00,3265.7,6.5,9,Tuesday,3,Spring
2023-03-28 10:00:00,3232.9,9.3,10,Tuesday,3,Spring
2023-03-28 11:00:00,3356.3,6.5,11,Tuesday,3,Spring
2023-03-28 12:00:00,3596.0,5.8,12,Tuesday,3,Spring
2023-03-28 13:00:00,3861.8,5.8,13,Tuesday,3,Spring
2023-03-28 14:00:00,3980.8,6.0,14,Tuesday,3,Spring
2023-03-28 15:00:00,4225.0,5.9,15,Tuesday,3,Spring
2023-03-28 16:00:00,4588.4,4.9,16,Tuesday,3,Spring
2023-03-28 17:00:00,5022.0,5.1,17,Tuesday,3,Spring
2023-03-28 18:00:00,5138.7,5.6,18,Tuesday,3,Spring
2023-03-28 19:00:00,5337.9,7.7,19,Tuesday,3,Spring
2023-03-28 20:00:00,5756.0,6.3,20,Tuesday,3,Spring
2023-03-28 21:00:00,5619.5,6.5,21,Tuesday,3,Spring
2023-03-28 22:00:00,5517.9,8.7,22,Tuesday,3,Spring
2023-03-28 23:00:00,5292.5,8.8,23,Tuesday,3,Spring
2023-03-29 00:00:00,4924.2,6.3,0,Wednesday,3,Spring
2023-03-29 01:00:00,4946.4,5.8,1,Wednesday,3,Spring
2023-03-29 02:00:00,4568.4,5.5,2,Wednesday,3,Spring
2023-03-29 03:00:00,4304.1,7.8,3,Wednesday,3,Spring
2023-03-29 04:00:00,4075.1,6.5,4,Wednesday,3,Spring
2023-03-29 05:00:00,3663.6,6.2,5,Wednesday,3,Spring
2023-03-29 06:00:00,3656.0,5.5,6,Wednesday,3,Spring
2023-03-29 07:00:00,3397.8,5.6,7,Wednesday,3,Spring
2023-03-29 08:00:00,3359.5,7.2,8,Wednesday,3,Spring
2023-03-29 09:00:00,3182.3,4.8,9,Wednesday,3,Spring
2023-03-29 10:00:00,3175.8,8.2,10,Wednesday,3,Spring
2023-03-29 11:00:00,3473.9,6.0,11,Wednesday,3,Spring
2023-03-29 12:00:00,3597.2,6.5,12,Wednesday,3,Spring
2023-03-29 13:00:00,3687.3,4.8,13,Wednesday,3,Spring
2023-03-29 14:00:00,3932.3,6.7,14,Wednesday,3,Spring
2023-03-29 15:00:00,4420.8,6.3,15,Wednesday,3,Spring
2023-03-29 16:00:00,4479.8,6.7,16,Wednesday,3,Spring
2023-03-29 17:00:00,5183.0,9.0,17,Wednesday,3,Spring
2023-03-29 18:00:00,5243.7,7.0,18,Wednesday,3,Spring
2023-03-29 19:00:00,5789.4,5.6,19,Wednesday,3,Spring
2023-03-29 20:00:00,5824.6,5.7,20,Wednesday,3,Spring
2023-03-29 21:00:00,5920.6,7.7,21,Wednesday,3,Spring
2023-03-29 22:00:00,5547.4,8.7,22,Wednesday,3,Spring
2023-03-29 23:00:00,5323.6,7.2,23,Wednesday,3,Spring
2023-03-30 00:00:00,5016.7,7.7,0,Thursday,3,Spring
2023-03-30 01:00:00,4682.4,7.6,1,Thursday,3,Spring
2023-03-30 02:00:00,4644.0,8.8,2,Thursday,3,Spring
2023-03-30 03:00:00,4243.4,3.8,3,Thursday,3,Spring
2023-03-30 04:00:00,4014.5,7.7,4,Thursday,3,Spring
2023-03-30 05:00:00,3700.1,8.2,5,Thursday,3,Spring
2023-03-30 06:00:00,3355.9,4.7,6,Thursday,3,Spring
2023-03-30 07:00:00,3409.0,5.4,7,Thursday,3,Spring
2023-03-30 08:00:00,3525.1,5.4,8,Thursday,3,Spring
2023-03-30 09:00:00,3354.8,5.6,9,Thursday,3,Spring
2023-03-30 10:00:00,3323.0,6.0,10,Thursday,3,Spring
2023-03-30 11:00:00,3402.9,7.1,11,Thursday,3,Spring
2023-03-30 12:00:00,3587.8,8.0,12,Thursday,3,Spring
2023-03-30 13:00:00,3847.7,8.3,13,Thursday,3,Spring
2023-03-30 14:00:00,3925.3,5.4,14,Thursday,3,Spring
2023-03-30 15:00:00,4447.1,5.4,15,Thursday,3,Spring
2023-03-30 16:00:00,4728.8,8.7,16,Thursday,3,Spring
2023-03-30 17:00:00,5099.4,7.7,17,Thursday,3,Spring
2023-03-30 18:00:00,5457.0,6.8,18,Thursday,3,Spring
2023-03-30 19:00:00,5736.6,7.4,19,Thursday,3,Spring
2023-03-30 20:00:00,6008.7,6.6,20,Thursday,3,Spring
2023-03-30 21:00:00,5955.7,7.5,21,Thursday,3,Spring
2023-03-30 22:00:00,5608.7,6.2,22,Thursday,3,Spring
2023-03-30 23:00:00,5301.4,7.1,23,Thursday,3,Spring
2023-03-31 00:00:00,5055.2,4.4,0,Friday,3,Spring
2023-03-31 01:00:00,5019.4,5.6,1,Friday,3,Spring
2023-03-31 02:00:00,4445.5,5.6,2,Friday,3,Spring
2023-03-31 03:00:00,4166.3,6.1,3,Friday,3,Spring
2023-03-31 04:00:00,4079.2,5.2,4,Friday,3,Spring
2023-03-31 05:00:00,3822.6,5.8,5,Friday,3,Spring
2023-03-31 06:00:00,3623.3,4.3,6,Friday,3,Spring
2023-03-31 07:00:00,3467.4,7.4,7,Friday,3,Spring
2023-03-31 08:00:00,3326.4,6.5,8,Friday,3,Spring
2023-03-31 09:00:00,3433.8,4.1,9,Friday,3,Spring
2023-03-31 10:00:00,3211.2,5.4,10,Friday,3,Spring
2023-03-31 11:00:00,3375.1,7.1,11,Friday,3,Spring
2023-03-31 12:00:00,3598.5,5.8,12,Friday,3,Spring
2023-03-31 13:00:00,3662.3,5.6,13,Friday,3,Spring
2023-03-31 14:00:00,4051.7,6.5,14,Friday,3,Spring
2023-03-31 15:00:00,4534.0,7.1,15,Friday,3,Spring
2023-03-31 16:00:00,4676.7,4.5,16,Friday,3,Spring
2023-03-31 17:00:00,5069.3,7.4,17,Friday,3,Spring
2023-03-31 18:00:00,5259.9,5.4,18,Friday,3,Spring
2023-03-31 19:00:00,5680.2,6.6,19,Friday,3,Spring
2023-03-31 20:00:00,5889.9,6.6,20,Friday,3,Spring
2023-03-31 21:00:00,5858.1,5.8,21,Friday,3,Spring
2023-03-31 22:00:00,5876.0,5.1,22,Friday,3,Spring
2023-03-31 23:00:00,5487.1,6.2,23,Friday,3,Spring
2023-04-01 00:00:00,4932.2,9.0,0,Saturday,4,Spring
2023-04-01 01:00:00,4891.7,4.5,1,Saturday,4,Spring
2023-04-01 02:00:00,4673.0,9.1,2,Saturday,4,Spring
2023-04-01 03:00:00,4475.4,6.2,3,Saturday,4,Spring
2023-04-01 04:00:00,4248.7,6.6,4,Saturday,4,Spring
2023-04-01 05:00:00,3743.6,4.9,5,Saturday,4,Spring
2023-04-01 06:00:00,3556.1,5.4,6,Saturday,4,Spring
2023-04-01 07:00:00,3358.4,5.8,7,Saturday,4,Spring
2023-04-01 08:00:00,3345.8,5.0,8,Saturday,4,Spring
2023-04-01 09:00:00,3369.5,6.2,9,Saturday,4,Spring
2023-04-01 10:00:00,3448.5,5.9,10,Saturday,4,Spring
2023-04-01 11:00:00,3460.9,9.3,11,Saturday,4,Spring
2023-04-01 12:00:00,3600.8,4.8,12,Saturday,4,Spring
2023-04-01 13:00:00,3857.0,6.7,13,Saturday,4,Spring
2023-04-01 14:00:00,4008.9,6.9,14,Saturday,4,Spring
2023-04-01 15:00:00,4608.5,5.0,15,Saturday,4,Spring
2023-04-01 16:00:00,4513.8,7.6,16,Saturday,4,Spring
2023-04-01 17:00:00,5094.4,6.0,17,Saturday,4,Spring
2023-04-01 18:00:00,5740.5,2.8,18,Saturday,4,Spring
2023-04-01 19:00:00,5805.2,7.5,19,Saturday,4,Spring
2023-04-01 20:00:00,5953.5,4.9,20,Saturday,4,Spring
2023-04-01 21:00:00,5887.9,5.0,21,Saturday,4,Spring
2023-04-01 22:00:00,5702.5,7.6,22,Saturday,4,Spring
2023-04-01 23:00:00,5631.5,6.0,23,Saturday,4,Spring
2023-04-02 00:00:00,4821.5,7.9,0,Sunday,4,Spring
2023-04-02 01:00:00,5078.6,8.3,1,Sunday,4,Spring
2023-04-02 02:00:00,4478.1,5.5,2,Sunday,4,Spring
2023-04-02 03:00:00,4348.5,7.7,3,Sunday,4,Spring
2023-04-02 04:00:00,4067.8,5.4,4,Sunday,4,Spring
2023-04-02 05:00:00,3921.1,9.8,5,Sunday,4,Spring
2023-04-02 06:00:00,3505.7,5.5,6,Sunday,4,Spring
2023-04-02 07:00:00,3528.7,8.0,7,Sunday,4,Spring
2023-04-02 08:00:00,3557.1,7.8,8,Sunday,4,Spring
2023-04-02 09:00:00,3236.6,7.0,9,Sunday,4,Spring
2023-04-02 10:00:00,3401.9,5.5,10,Sunday,4,Spring
2023-04-02 11:00:00,3430.7,6.3,11,Sunday,4,Spring
2023-04-02 12:00:00,3690.7,3.3,12,Sunday,4,Spring
2023-04-02 13:00:00,3867.5,6.8,13,Sunday,4,Spring
2023-04-02 14:00:00,4053.0,7.0,14,Sunday,4,Spring
2023-04-02 15:00:00,4459.9,6.7,15,Sunday,4,Spring
2023-04-02 16:00:00,4944.6,2.0,16,Sunday,4,Spring
2023-04-02 17:00:00,5077.3,4.6,17,Sunday,4,Spring
2023-04-02 18:00:00,5596.0,5.4,18,Sunday,4,Spring
2023-04-02 19:00:00,5650.5,6.9,19,Sunday,4,Spring
2023-04-02 20:00:00,5874.2,6.9,20,Sunday,4,Spring
2023-04-02 21:00:00,6047.4,6.2,21,Sunday,4,Spring
2023-04-02 22:00:00,5976.7,7.4,22,Sunday,4,Spring
2023-04-02 23:00:00,5526.2,5.0,23,Sunday,4,Spring
2023-04-03 00:00:00,5094.1,7.4,0,Monday,4,Spring
2023-04-03 01:00:00,4920.3,7.2,1,Monday,4,Spring
2023-04-03 02:00:00,4525.2,7.0,2,Monday,4,Spring
2023-04-03 03:00:00,4470.4,6.2,3,Monday,4,Spring
2023-04-03 04:00:00,4227.7,9.2,4,Monday,4,Spring
2023-04-03 05:00:00,3843.4,7.2,5,Monday,4,Spring
2023-04-03 06:00:00,3630.3,5.0,6,Monday,4,Spring
2023-04-03 07:00:00,3532.6,6.8,7,Monday,4,Spring
2023-04-03 08:00:00,3368.9,7.6,8,Monday,4,Spring
2023-04-03 09:00:00,3365.3,5.6,9,Monday,4,Spring
2023-04-03 10:00:00,3584.9,8.1,10,Monday,4,Spring
2023-04-03 11:00:00,3487.6,7.0,11,Monday,4,Spring
2023-04-03 12:00:00,3640.7,2.9,12,Monday,4,Spring
2023-04-03 13:00:00,3825.8,6.9,13,Monday,4,Spring
2023-04-03 14:00:00,4220.8,5.8,14,Monday,4,Spring
2023-04-03 15:00:00,4412.4,7.2,15,Monday,4,Spring
2023-04-03 16:00:00,4682.3,7.9,16,Monday,4,Spring
2023-04-03 17:00:00,5301.7,6.7,17,Monday,4,Spring
2023-04-03 18:00:00,5726.3,8.9,18,Monday,4,Spring
2023-04-03 19:00:00,5786.1,6.2,19,Monday,4,Spring
2023-04-03 20:00:00,5771.6,7.4,20,Monday,4,Spring
2023-04-03 21:00:00,6164.1,7.6,21,Monday,4,Spring
2023-04-03 22:00:00,5698.2,6.3,22,Monday,4,Spring
2023-04-03 23:00:00,5619.2,7.6,23,Monday,4,Spring
2023-04-04 00:00:00,4910.4,5.5,0,Tuesday,4,Spring
2023-04-04 01:00:00,5060.0,5.8,1,Tuesday,4,Spring
2023-04-04 02:00:00,4556.6,4.4,2,Tuesday,4,Spring
2023-04-04 03:00:00,4510.9,6.7,3,Tuesday,4,Spring
2023-04-04 04:00:00,4162.5,6.9,4,Tuesday,4,Spring
2023-04-04 05:00:00,3817.1,8.2,5,Tuesday,4,Spring
2023-04-04 06:00:00,3657.6,7.6,6,Tuesday,4,Spring
2023-04-04 07:00:00,3590.6,6.0,7,Tuesday,4,Spring
2023-04-04 08:00:00,3435.3,4.6,8,Tuesday,4,Spring
2023-04-04 09:00:00,3440.4,7.0,9,Tuesday,4,Spring
2023-04-04 10:00:00,3595.5,8.1,10,Tuesday,4,Spring
2023-04-04 11:00:00,3392.0,7.5,11,Tuesday,4,Spring
2023-04-04 12:00:00,3844.8,8.0,12,Tuesday,4,Spring
2023-04-04 13:00:00,3922.0,6.1,13,Tuesday,4,Spring
2023-04-04 14:00:00,4074.7,5.7,14,Tuesday,4,Spring
2023-04-04 15:00:00,4310.5,5.3,15,Tuesday,4,Spring
2023-04-04 16:00:00,4765.1,6.3,16,Tuesday,4,Spring
2023-04-04 17:00:00,5281.6,6.3,17,Tuesday,4,Spring
2023-04-04 18:00:00,5545.1,6.7,18,Tuesday,4,Spring
2023-04-04 19:00:00,6132.3,6.2,19,Tuesday,4,Spring
2023-04-04 20:00:00,5869.0,6.2,20,Tuesday,4,Spring
2023-04-04 21:00:00,6046.4,5.2,21,Tuesday,4,Spring
2023-04-04 22:00:00,5649.2,7.8,22,Tuesday,4,Spring
2023-04-04 23:00:00,5593.3,6.5,23,Tuesday,4,Spring
2023-04-05 00:00:00,5310.2,6.1,0,Wednesday,4,Spring
2023-04-05 01:00:00,4926.2,5.2,1,Wednesday,4,Spring
2023-04-05 02:00:00,4418.8,4.3,2,Wednesday,4,Spring
2023-04-05 03:00:00,4478.1,8.3,3,Wednesday,4,Spring
2023-04-05 04:00:00,4231.1,7.2,4,Wednesday,4,Spring
2023-04-05 05:00:00,3973.1,3.9,5,Wednesday,4,Spring
2023-04-05 06:00:00,3831.7,7.5,6,Wednesday,4,Spring
2023-04-05 07:00:00,3455.7,7.7,7,Wednesday,4,Spring
2023-04-05 08:00:00,3505.0,6.5,8,Wednesday,4,Spring
2023-04-05 09:00:00,3512.4,8.7,9,Wednesday,4,Spring
2023-04-05 10:00:00,3293.1,6.7,10,Wednesday,4,Spring
2023-04-05 11:00:00,3579.2,4.2,11,Wednesday,4,Spring
2023-04-05 12:00:00,3670.3,6.9,12,Wednesday,4,Spring
2023-04-05 13:00:00,3926.8,6.7,13,Wednesday,4,Spring
2023-04-05 14:00:00,4229.2,5.4,14,Wednesday,4,Spring
2023-04-05 15:00:00,4430.3,7.2,15,Wednesday,4,Spring
2023-04-05 16:00:00,4734.5,3.8,16,Wednesday,4,Spring
2023-04-05 17:00:00,5197.3,7.8,17,Wednesday,4,Spring
2023-04-05 18:00:00,5443.4,5.0,18,Wednesday,4,Spring
2023-04-05 19:00:00,5782.4,4.9,19,Wednesday,4,Spring
2023-04-05 20:00:00,6200.0,6.2,20,Wednesday,4,Spring
2023-04-05 21:00:00,5909.1,7.0,21,Wednesday,4,Spring
2023-04-05 22:00:00,5963.7,6.6,22,Wednesday,4,Spring
2023-04-05 23:00:00,5640.0,5.2,23,Wednesday,4,Spring
2023-04-06 00:00:00,4999.8,5.5,0,Thursday,4,Spring
2023-04-06 01:00:00,4922.7,4.6,1,Thursday,4,Spring
2023-04-06 02:00:00,4895.9,6.0,2,Thursday,4,Spring
2023-04-06 03:00:00,4371.9,7.9,3,Thursday,4,Spring
2023-04-06 04:00:00,4160.9,6.3,4,Thursday,4,Spring
2023-04-06 05:00:00,4001.9,7.6,5,Thursday,4,Spring
2023-04-06 06:00:00,3811.7,8.5,6,Thursday,4,Spring
2023-04-06 07:00:00,3548.9,5.4,7,Thursday,4,Spring
2023-04-06 08:00:00,3414.6,6.0,8,Thursday,4,Spring
2023-04-06 09:00:00,3552.5,9.5,9,Thursday,4,Spring
2023-04-06 10:00:00,3617.1,8.5,10,Thursday,4,Spring
2023-04-06 11:00:00,3658.8,3.8,11,Thursday,4,Spring
2023-04-06 12:00:00,3746.7,6.9,12,Thursday,4,Spring
2023-04-06 13:00:00,3877.7,6.3,13,Thursday,4,Spring
2023-04-06 14:00:00,4129.6,7.5,14,Thursday,4,Spring
2023-04-06 15:00:00,4570.0,5.2,15,Thursday,4,Spring
2023-04-06 16:00:00,4894.5,5.0,16,Thursday,4,Spring
2023-04-06 17:00:00,5406.1,5.3,17,Thursday,4,Spring
2023-04-06 18:00:00,5719.5,5.4,18,Thursday,4,Spring
2023-04-06 19:00:00,5753.6,7.5,19,Thursday,4,Spring
2023-04-06 20:00:00,6200.0,4.5,20,Thursday,4,Spring
2023-04-06 21:00:00,5966.4,5.4,21,Thursday,4,Spring
2023-04-06 22:00:00,5843.4,3.6,22,Thursday,4,Spring
2023-04-06 23:00:00,5643.0,7.8,23,Thursday,4,Spring
2023-04-07 00:00:00,5517.5,8.2,0,Friday,4,Spring
2023-04-07 01:00:00,5427.9,5.8,1,Friday,4,Spring
2023-04-07 02:00:00,4853.8,5.8,2,Friday,4,Spring
2023-04-07 03:00:00,4487.0,6.9,3,Friday,4,Spring
2023-04-07 04:00:00,4290.5,8.5,4,Friday,4,Spring
2023-04-07 05:00:00,4067.3,6.9,5,Friday,4,Spring
2023-04-07 06:00:00,3729.8,5.2,6,Friday,4,Spring
2023-04-07 07:00:00,3753.2,3.8,7,Friday,4,Spring
2023-04-07 08:00:00,3506.4,4.6,8,Friday,4,Spring
2023-04-07 09:00:00,3493.2,6.4,9,Friday,4,Spring
2023-04-07 10:00:00,3544.4,5.3,10,Friday,4,Spring
2023-04-07 11:00:00,3629.8,6.5,11,Friday,4,Spring
2023-04-07 12:00:00,3839.1,5.4,12,Friday,4,Spring
2023-04-07 13:00:00,3919.0,4.7,13,Friday,4,Spring
2023-04-07 14:00:00,4182.2,4.5,14,Friday,4,Spring
2023-04-07 15:00:00,4412.2,8.6,15,Friday,4,Spring
2023-04-07 16:00:00,4925.2,7.6,16,Friday,4,Spring
2023-04-07 17:00:00,5355.4,8.8,17,Friday,4,Spring
2023-04-07 18:00:00,5725.1,7.1,18,Friday,4,Spring
2023-04-07 19:00:00,6200.0,5.6,19,Friday,4,Spring
2023-04-07 20:00:00,6195.9,8.2,20,Friday,4,Spring
2023-04-07 21:00:00,6200.0,6.2,21,Friday,4,Spring
2023-04-07 22:00:00,5772.0,6.6,22,Friday,4,Spring
2023-04-07 23:00:00,5585.5,6.2,23,Friday,4,Spring
2023-04-08 00:00:00,5377.1,1.8,0,Saturday,4,Spring
2023-04-08 01:00:00,5172.5,8.6,1,Saturday,4,Spring
2023-04-08 02:00:00,4773.2,6.9,2,Saturday,4,Spring
2023-04-08 03:00:00,4525.2,6.7,3,Saturday,4,Spring
2023-04-08 04:00:00,4096.5,6.1,4,Saturday,4,Spring
2023-04-08 05:00:00,3965.9,6.5,5,Saturday,4,Spring
2023-04-08 06:00:00,3865.5,5.3,6,Saturday,4,Spring
2023-04-08 07:00:00,3664.3,7.1,7,Saturday,4,Spring
2023-04-08 08:00:00,3550.0,4.2,8,Saturday,4,Spring
2023-04-08 09:00:00,3474.2,6.5,9,Saturday,4,Spring
2023-04-08 10:00:00,3506.8,7.0,10,Saturday,4,Spring
2023-04-08 11:00:00,3552.8,5.9,11,Saturday,4,Spring
2023-04-08 12:00:00,3847.7,6.8,12,Saturday,4,Spring
2023-04-08 13:00:00,4045.2,4.7,13,Saturday,4,Spring
2023-04-08 14:00:00,4318.0,4.8,14,Saturday,4,Spring
2023-04-08 15:00:00,4502.8,6.6,15,Saturday,4,Spring
2023-04-08 16:00:00,4635.6,7.2,16,Saturday,4,Spring
2023-04-08 17:00:00,5427.9,3.4,17,Saturday,4,Spring
2023-04-08 18:00:00,5624.4,7.0,18,Saturday,4,Spring
2023-04-08 19:00:00,5916.4,5.4,19,Saturday,4,Spring
2023-04-08 20:00:00,6200.0,5.9,20,Saturday,4,Spring
2023-04-08 21:00:00,6128.7,4.2,21,Saturday,4,Spring
2023-04-08 22:00:00,6125.9,4.9,22,Saturday,4,Spring
2023-04-08 23:00:00,5759.7,7.7,23,Saturday,4,Spring
2023-04-09 00:00:00,5405.7,6.2,0,Sunday,4,Spring
2023-04-09 01:00:00,4919.5,5.6,1,Sunday,4,Spring
2023-04-09 02:00:00,4982.1,6.0,2,Sunday,4,Spring
2023-04-09 03:00:00,4588.6,6.9,3,Sunday,4,Spring
2023-04-09 04:00:00,4242.5,6.8,4,Sunday,4,Spring
2023-04-09 05:00:00,4038.5,6.1,5,Sunday,4,Spring
2023-04-09 06:00:00,3633.8,7.8,6,Sunday,4,Spring
2023-04-09 07:00:00,3669.8,7.6,7,Sunday,4,Spring
2023-04-09 08:00:00,3435.1,6.8,8,Sunday,4,Spring
2023-04-09 09:00:00,3371.4,6.3,9,Sunday,4,Spring
2023-04-09 10:00:00,3391.7,7.2,10,Sunday,4,Spring
2023-04-09 11:00:00,3733.8,6.6,11,Sunday,4,Spring
2023-04-09 12:00:00,3743.0,7.8,12,Sunday,4,Spring
2023-04-09 13:00:00,4179.9,7.5,13,Sunday,4,Spring
2023-04-09 14:00:00,4232.1,4.6,14,Sunday,4,Spring
2023-04-09 15:00:00,4392.6,4.5,15,Sunday,4,Spring
2023-04-09 16:00:00,4789.4,5.1,16,Sunday,4,Spring
2023-04-09 17:00:00,5476.9,7.6,17,Sunday,4,Spring
2023-04-09 18:00:00,5702.2,3.8,18,Sunday,4,Spring
2023-04-09 19:00:00,5997.5,6.8,19,Sunday,4,Spring
2023-04-09 20:00:00,6200.0,6.7,20,Sunday,4,Spring
2023-04-09 21:00:00,6200.0,7.9,21,Sunday,4,Spring
2023-04-09 22:00:00,6169.0,6.4,22,Sunday,4,Spring
2023-04-09 23:00:00,5910.7,4.2,23,Sunday,4,Spring
2023-04-10 00:00:00,5296.4,4.7,0,Monday,4,Spring
2023-04-10 01:00:00,4952.0,4.4,1,Monday,4,Spring
2023-04-10 02:00:00,4812.2,5.3,2,Monday,4,Spring
2023-04-10 03:00:00,4614.0,5.9,3,Monday,4,Spring
2023-04-10 04:00:00,4202.1,4.4,4,Monday,4,Spring
2023-04-10 05:00:00,3949.7,8.3,5,Monday,4,Spring
2023-04-10 06:00:00,3856.7,4.1,6,Monday,4,Spring
2023-04-10 07:00:00,3648.5,8.2,7,Monday,4,Spring
2023-04-10 08:00:00,3548.4,7.9,8,Monday,4,Spring
2023-04-10 09:00:00,3442.3,7.5,9,Monday,4,Spring
2023-04-10 10:00:00,3525.1,5.1,10,Monday,4,Spring
2023-04-10 11:00:00,3568.5,6.6,11,Monday,4,Spring
2023-04-10 12:00:00,3909.1,4.2,12,Monday,4,Spring
2023-04-10 13:00:00,4152.8,7.5,13,Monday,4,Spring
2023-04-10 14:00:00,4114.3,6.0,14,Monday,4,Spring
2023-04-10 15:00:00,4506.8,5.5,15,Monday,4,Spring
2023-04-10 16:00:00,4769.0,4.3,16,Monday,4,Spring
2023-04-10 17:00:00,5255.5,2.4,17,Monday,4,Spring
2023-04-10 18:00:00,5744.4,4.6,18,Monday,4,Spring
2023-04-10 19:00:00,5893.1,7.8,19,Monday,4,Spring
2023-04-10 20:00:00,6156.7,5.5,20,Monday,4,Spring
2023-04-10 21:00:00,6101.7,5.9,21,Monday,4,Spring
2023-04-10 22:00:00,6066.0,7.1,22,Monday,4,Spring
2023-04-10 23:00:00,5745.8,8.8,23,Monday,4,Spring
2023-04-11 00:00:00,5276.9,8.1,0,Tuesday,4,Spring
2023-04-11 01:00:00,5172.7,4.6,1,Tuesday,4,Spring
2023-04-11 02:00:00,4822.4,3.2,2,Tuesday,4,Spring
2023-04-11 03:00:00,4578.1,9.6,3,Tuesday,4,Spring
2023-04-11 04:00:00,4510.7,9.5,4,Tuesday,4,Spring
2023-04-11 05:00:00,4205.1,6.4,5,Tuesday,4,Spring
2023-04-11 06:00:00,3719.9,4.2,6,Tuesday,4,Spring
2023-04-11 07:00:00,3749.2,7.6,7,Tuesday,4,Spring
2023-04-11 08:00:00,3637.3,5.9,8,Tuesday,4,Spring
2023-04-11 09:00:00,3426.9,5.9,9,Tuesday,4,Spring
2023-04-11 10:00:00,3638.0,7.4,10,Tuesday,4,Spring
2023-04-11 11:00:00,3814.3,6.6,11,Tuesday,4,Spring
2023-04-11 12:00:00,3737.2,4.3,12,Tuesday,4,Spring
2023-04-11 13:00:00,3976.9,5.6,13,Tuesday,4,Spring
2023-04-11 14:00:00,4447.5,7.1,14,Tuesday,4,Spring
2023-04-11 15:00:00,4670.9,6.9,15,Tuesday,4,Spring
2023-04-11 16:00:00,5050.3,6.5,16,Tuesday,4,Spring
2023-04-11 17:00:00,5417.4,7.5,17,Tuesday,4,Spring
2023-04-11 18:00:00,5844.6,5.6,18,Tuesday,4,Spring
2023-04-11 19:00:00,5944.5,6.4,19,Tuesday,4,Spring
2023-04-11 20:00:00,6200.0,1.0,20,Tuesday,4,Spring
2023-04-11 21:00:00,6200.0,5.4,21,Tuesday,4,Spring
2023-04-11 22:00:00,6033.1,7.3,22,Tuesday,4,Spring
2023-04-11 23:00:00,5761.1,5.5,23,Tuesday,4,Spring
2023-04-12 00:00:00,5196.3,5.4,0,Wednesday,4,Spring
2023-04-12 01:00:00,5244.5,4.5,1,Wednesday,4,Spring
2023-04-12 02:00:00,4986.1,7.6,2,Wednesday,4,Spring
2023-04-12 03:00:00,4627.2,6.9,3,Wednesday,4,Spring
2023-04-12 04:00:00,4475.4,7.3,4,Wednesday,4,Spring
2023-04-12 05:00:00,4056.7,3.5,5,Wednesday,4,Spring
2023-04-12 06:00:00,3920.3,5.8,6,Wednesday,4,Spring
2023-04-12 07:00:00,3598.8,5.7,7,Wednesday,4,Spring
2023-04-12 08:00:00,3582.3,5.7,8,Wednesday,4,Spring
2023-04-12 09:00:00,3531.9,5.2,9,Wednesday,4,Spring
2023-04-12 10:00:00,3604.6,5.6,10,Wednesday,4,Spring
2023-04-12 11:00:00,3658.9,7.4,11,Wednesday,4,Spring
2023-04-12 12:00:00,3853.3,3.2,12,Wednesday,4,Spring
2023-04-12 13:00:00,4176.9,8.7,13,Wednesday,4,Spring
2023-04-12 14:00:00,4313.1,6.8,14,Wednesday,4,Spring
2023-04-12 15:00:00,4477.2,6.0,15,Wednesday,4,Spring
2023-04-12 16:00:00,5227.8,7.4,16,Wednesday,4,Spring
2023-04-12 17:00:00,5587.4,3.9,17,Wednesday,4,Spring
2023-04-12 18:00:00,5631.5,5.1,18,Wednesday,4,Spring
2023-04-12 19:00:00,6200.0,5.9,19,Wednesday,4,Spring
2023-04-12 20:00:00,6200.0,8.1,20,Wednesday,4,Spring
2023-04-12 21:00:00,6200.0,6.0,21,Wednesday,4,Spring
2023-04-12 22:00:00,6145.8,6.8,22,Wednesday,4,Spring
2023-04-12 23:00:00,5764.8,5.2,23,Wednesday,4,Spring
2023-04-13 00:00:00,5325.7,6.8,0,Thursday,4,Spring
2023-04-13 01:00:00,5115.9,8.6,1,Thursday,4,Spring
2023-04-13 02:00:00,4829.0,7.6,2,Thursday,4,Spring
2023-04-13 03:00:00,4562.4,5.9,3,Thursday,4,Spring
2023-04-13 04:00:00,4369.1,7.1,4,Thursday,4,Spring
2023-04-13 05:00:00,4039.3,6.9,5,Thursday,4,Spring
2023-04-13 06:00:00,3952.8,6.8,6,Thursday,4,Spring
2023-04-13 07:00:00,3850.9,7.7,7,Thursday,4,Spring
2023-04-13 08:00:00,3551.4,7.7,8,Thursday,4,Spring
2023-04-13 09:00:00,3587.7,5.9,9,Thursday,4,Spring
2023-04-13 10:00:00,3648.6,7.0,10,Thursday,4,Spring
2023-04-13 11:00:00,3756.7,5.5,11,Thursday,4,Spring
2023-04-13 12:00:00,3894.1,4.7,12,Thursday,4,Spring
2023-04-13 13:00:00,4190.8,5.7,13,Thursday,4,Spring
2023-04-13 14:00:00,4437.0,5.9,14,Thursday,4,Spring
2023-04-13 15:00:00,4544.5,3.6,15,Thursday,4,Spring
2023-04-13 16:00:00,5145.0,7.3,16,Thursday,4,Spring
2023-04-13 17:00:00,5550.3,1.9,17,Thursday,4,Spring
2023-04-13 18:00:00,5739.2,10.1,18,Thursday,4,Spring
2023-04-13 19:00:00,6200.0,8.3,19,Thursday,4,Spring
2023-04-13 20:00:00,6200.0,5.7,20,Thursday,4,Spring
2023-04-13 21:00:00,6200.0,6.1,21,Thursday,4,Spring
2023-04-13 22:00:00,6200.0,6.5,22,Thursday,4,Spring
2023-04-13 23:00:00,6174.4,5.2,23,Thursday,4,Spring
2023-04-14 00:00:00,5353.6,6.3,0,Friday,4,Spring
2023-04-14 01:00:00,5052.7,5.8,1,Friday,4,Spring
2023-04-14 02:00:00,5006.1,5.9,2,Friday,4,Spring
2023-04-14 03:00:00,4768.5,6.3,3,Friday,4,Spring
2023-04-14 04:00:00,4374.3,4.1,4,Friday,4,Spring
2023-04-14 05:00:00,4284.9,6.1,5,Friday,4,Spring
2023-04-14 06:00:00,3776.4,6.3,6,Friday,4,Spring
2023-04-14 07:00:00,3797.2,6.2,7,Friday,4,Spring
2023-04-14 08:00:00,3567.9,5.7,8,Friday,4,Spring
2023-04-14 09:00:00,3739.4,7.7,9,Friday,4,Spring
2023-04-14 10:00:00,3803.2,5.5,10,Friday,4,Spring
2023-04-14 11:00:00,3661.0,6.4,11,Friday,4,Spring
2023-04-14 12:00:00,3853.7,8.0,12,Friday,4,Spring
2023-04-14 13:00:00,4225.1,5.9,13,Friday,4,Spring
2023-04-14 14:00:00,4364.7,6.4,14,Friday,4,Spring
2023-04-14 15:00:00,4709.2,5.9,15,Friday,4,Spring
2023-04-14 16:00:00,5065.5,7.9,16,Friday,4,Spring
2023-04-14 17:00:00,5196.7,5.7,17,Friday,4,Spring
2023-04-14 18:00:00,5879.8,8.0,18,Friday,4,Spring
2023-04-14 19:00:00,6140.2,5.9,19,Friday,4,Spring
2023-04-14 20:00:00,6200.0,4.8,20,Friday,4,Spring
2023-04-14 21:00:00,6200.0,7.1,21,Friday,4,Spring
2023-04-14 22:00:00,5972.5,5.6,22,Friday,4,Spring
2023-04-14 23:00:00,5980.0,7.0,23,Friday,4,Spring
2023-04-15 00:00:00,5451.3,1.9,0,Saturday,4,Spring
2023-04-15 01:00:00,5224.0,6.0,1,Saturday,4,Spring
2023-04-15 02:00:00,5093.1,5.3,2,Saturday,4,Spring
2023-04-15 03:00:00,4748.6,4.4,3,Saturday,4,Spring
2023-04-15 04:00:00,4485.8,5.2,4,Saturday,4,Spring
2023-04-15 05:00:00,4256.9,5.2,5,Saturday,4,Spring
2023-04-15 06:00:00,3895.1,6.0,6,Saturday,4,Spring
2023-04-15 07:00:00,3694.6,4.0,7,Saturday,4,Spring
2023-04-15 08:00:00,3542.9,6.5,8,Saturday,4,Spring
2023-04-15 09:00:00,3529.7,8.1,9,Saturday,4,Spring
2023-04-15 10:00:00,3910.2,6.4,10,Saturday,4,Spring
2023-04-15 11:00:00,3868.9,7.2,11,Saturday,4,Spring
2023-04-15 12:00:00,3795.2,7.7,12,Saturday,4,Spring
2023-04-15 13:00:00,4020.4,7.9,13,Saturday,4,Spring
2023-04-15 14:00:00,4483.8,8.8,14,Saturday,4,Spring
2023-04-15 15:00:00,4804.1,5.3,15,Saturday,4,Spring
2023-04-15 16:00:00,5158.7,4.9,16,Saturday,4,Spring
2023-04-15 17:00:00,5452.3,7.2,17,Saturday,4,Spring
2023-04-15 18:00:00,5894.1,7.1,18,Saturday,4,Spring
2023-04-15 19:00:00,6200.0,7.2,19,Saturday,4,Spring
2023-04-15 20:00:00,6200.0,8.9,20,Saturday,4,Spring
2023-04-15 21:00:00,6072.0,6.0,21,Saturday,4,Spring
2023-04-15 22:00:00,6162.9,6.7,22,Saturday,4,Spring
2023-04-15 23:00:00,5766.2,4.6,23,Saturday,4,Spring
2023-04-16 00:00:00,5542.1,9.2,0,Sunday,4,Spring
2023-04-16 01:00:00,5682.7,5.5,1,Sunday,4,Spring
2023-04-16 02:00:00,5066.4,5.6,2,Sunday,4,Spring
2023-04-16 03:00:00,4695.8,5.5,3,Sunday,4,Spring
2023-04-16 04:00:00,4548.0,5.0,4,Sunday,4,Spring
2023-04-16 05:00:00,4228.3,4.9,5,Sunday,4,Spring
2023-04-16 06:00:00,3989.4,5.2,6,Sunday,4,Spring
2023-04-16 07:00:00,3828.7,4.0,7,Sunday,4,Spring
2023-04-16 08:00:00,3848.8,4.8,8,Sunday,4,Spring
2023-04-16 09:00:00,3520.3,8.9,9,Sunday,4,Spring
2023-04-16 10:00:00,3703.9,7.1,10,Sunday,4,Spring
2023-04-16 11:00:00,3684.2,7.4,11,Sunday,4,Spring
2023-04-16 12:00:00,4003.0,7.8,12,Sunday,4,Spring
2023-04-16 13:00:00,4083.4,8.8,13,Sunday,4,Spring
2023-04-16 14:00:00,4406.9,3.4,14,Sunday,4,Spring
2023-04-16 15:00:00,4728.6,4.2,15,Sunday,4,Spring
2023-04-16 16:00:00,5240.0,4.8,16,Sunday,4,Spring
2023-04-16 17:00:00,5642.3,5.3,17,Sunday,4,Spring
2023-04-16 18:00:00,5758.2,5.6,18,Sunday,4,Spring
2023-04-16 19:00:00,6200.0,5.3,19,Sunday,4,Spring
2023-04-16 20:00:00,6200.0,6.3,20,Sunday,4,Spring
2023-04-16 21:00:00,6200.0,6.1,21,Sunday,4,Spring
2023-04-16 22:00:00,6196.8,4.9,22,Sunday,4,Spring
2023-04-16 23:00:00,5876.4,2.8,23,Sunday,4,Spring
2023-04-17 00:00:00,5882.6,4.5,0,Monday,4,Spring
2023-04-17 01:00:00,5372.6,5.2,1,Monday,4,Spring
2023-04-17 02:00:00,4872.1,5.6,2,Monday,4,Spring
2023-04-17 03:00:00,4689.9,4.3,3,Monday,4,Spring
2023-04-17 04:00:00,4582.4,5.3,4,Monday,4,Spring
2023-04-17 05:00:00,4418.4,4.3,5,Monday,4,Spring
2023-04-17 06:00:00,3810.7,5.8,6,Monday,4,Spring
2023-04-17 07:00:00,3612.6,4.4,7,Monday,4,Spring
2023-04-17 08:00:00,3851.3,4.7,8,Monday,4,Spring
2023-04-17 09:00:00,3676.7,4.0,9,Monday,4,Spring
2023-04-17 10:00:00,3599.4,5.8,10,Monday,4,Spring
2023-04-17 11:00:00,3841.4,4.7,11,Monday,4,Spring
2023-04-17 12:00:00,3706.8,7.4,12,Monday,4,Spring
2023-04-17 13:00:00,4201.1,6.6,13,Monday,4,Spring
2023-04-17 14:00:00,4512.8,5.9,14,Monday,4,Spring
2023-04-17 15:00:00,4898.7,4.8,15,Monday,4,Spring
2023-04-17 16:00:00,5011.0,6.6,16,Monday,4,Spring
2023-04-17 17:00:00,5555.7,7.0,17,Monday,4,Spring
2023-04-17 18:00:00,5835.4,6.2,18,Monday,4,Spring
2023-04-17 19:00:00,6200.0,8.4,19,Monday,4,Spring
2023-04-17 20:00:00,6200.0,6.7,20,Monday,4,Spring
2023-04-17 21:00:00,6200.0,7.4,21,Monday,4,Spring
2023-04-17 22:00:00,6106.5,6.2,22,Monday,4,Spring
2023-04-17 23:00:00,6049.2,7.0,23,Monday,4,Spring
2023-04-18 00:00:00,5693.7,4.8,0,Tuesday,4,Spring
2023-04-18 01:00:00,5310.5,5.3,1,Tuesday,4,Spring
2023-04-18 02:00:00,5076.2,6.5,2,Tuesday,4,Spring
2023-04-18 03:00:00,4607.9,6.5,3,Tuesday,4,Spring
2023-04-18 04:00:00,4457.1,6.8,4,Tuesday,4,Spring
2023-04-18 05:00:00,4215.0,7.7,5,Tuesday,4,Spring
2023-04-18 06:00:00,4249.3,3.9,6,Tuesday,4,Spring
2023-04-18 07:00:00,3703.9,4.5,7,Tuesday,4,Spring
2023-04-18 08:00:00,3833.1,6.3,8,Tuesday,4,Spring
2023-04-18 09:00:00,3750.8,4.9,9,Tuesday,4,Spring
2023-04-18 10:00:00,3723.7,11.1,10,Tuesday,4,Spring
2023-04-18 11:00:00,3977.4,6.8,11,Tuesday,4,Spring
2023-04-18 12:00:00,4025.4,5.9,12,Tuesday,4,Spring
2023-04-18 13:00:00,4262.9,5.2,13,Tuesday,4,Spring
2023-04-18 14:00:00,4492.7,5.3,14,Tuesday,4,Spring
2023-04-18 15:00:00,4959.4,6.0,15,Tuesday,4,Spring
2023-04-18 16:00:00,5308.8,6.2,16,Tuesday,4,Spring
2023-04-18 17:00:00,5484.6,5.3,17,Tuesday,4,Spring
2023-04-18 18:00:00,5805.7,5.6,18,Tuesday,4,Spring
2023-04-18 19:00:00,6200.0,8.0,19,Tuesday,4,Spring
2023-04-18 20:00:00,6200.0,8.1,20,Tuesday,4,Spring
2023-04-18 21:00:00,6200.0,6.4,21,Tuesday,4,Spring
2023-04-18 22:00:00,6200.0,4.0,22,Tuesday,4,Spring
2023-04-18 23:00:00,5913.8,6.8,23,Tuesday,4,Spring
2023-04-19 00:00:00,5595.8,8.3,0,Wednesday,4,Spring
2023-04-19 01:00:00,5376.1,8.1,1,Wednesday,4,Spring
2023-04-19 02:00:00,5204.6,7.1,2,Wednesday,4,Spring
2023-04-19 03:00:00,4534.9,8.1,3,Wednesday,4,Spring
2023-04-19 04:00:00,4444.7,6.1,4,Wednesday,4,Spring
2023-04-19 05:00:00,4263.7,6.9,5,Wednesday,4,Spring
2023-04-19 06:00:00,4128.1,5.0,6,Wednesday,4,Spring
2023-04-19 07:00:00,3781.7,6.4,7,Wednesday,4,Spring
2023-04-19 08:00:00,3541.8,8.0,8,Wednesday,4,Spring
2023-04-19 09:00:00,3734.7,5.1,9,Wednesday,4,Spring
2023-04-19 10:00:00,3657.1,4.7,10,Wednesday,4,Spring
2023-04-19 11:00:00,3714.9,6.1,11,Wednesday,4,Spring
2023-04-19 12:00:00,3945.5,5.7,12,Wednesday,4,Spring
2023-04-19 13:00:00,4223.3,7.0,13,Wednesday,4,Spring
2023-04-19 14:00:00,4452.7,5.3,14,Wednesday,4,Spring
2023-04-19 15:00:00,4569.4,8.6,15,Wednesday,4,Spring
2023-04-19 16:00:00,5309.3,4.1,16,Wednesday,4,Spring
2023-04-19 17:00:00,5777.9,7.9,17,Wednesday,4,Spring
2023-04-19 18:00:00,6131.8,4.9,18,Wednesday,4,Spring
2023-04-19 19:00:00,6200.0,3.3,19,Wednesday,4,Spring
2023-04-19 20:00:00,6200.0,6.4,20,Wednesday,4,Spring
2023-04-19 21:00:00,6200.0,5.6,21,Wednesday,4,Spring
2023-04-19 22:00:00,6200.0,4.3,22,Wednesday,4,Spring
2023-04-19 23:00:00,6112.4,3.5,23,Wednesday,4,Spring
2023-04-20 00:00:00,5525.9,6.0,0,Thursday,4,Spring
2023-04-20 01:00:00,5405.7,7.5,1,Thursday,4,Spring
2023-04-20 02:00:00,5180.0,6.9,2,Thursday,4,Spring
2023-04-20 03:00:00,5004.1,6.1,3,Thursday,4,Spring
2023-04-20 04:00:00,4615.1,6.7,4,Thursday,4,Spring
2023-04-20 05:00:00,4346.1,6.0,5,Thursday,4,Spring
2023-04-20 06:00:00,4035.9,3.9,6,Thursday,4,Spring
2023-04-20 07:00:00,3983.2,3.9,7,Thursday,4,Spring
2023-04-20 08:00:00,3772.6,5.7,8,Thursday,4,Spring
2023-04-20 09:00:00,3616.2,5.8,9,Thursday,4,Spring
2023-04-20 10:00:00,3865.4,7.3,10,Thursday,4,Spring
2023-04-20 11:00:00,3914.7,7.1,11,Thursday,4,Spring
2023-04-20 12:00:00,3983.1,6.9,12,Thursday,4,Spring
2023-04-20 13:00:00,4212.5,5.6,13,Thursday,4,Spring
2023-04-20 14:00:00,4576.8,3.9,14,Thursday,4,Spring
2023-04-20 15:00:00,4916.0,6.6,15,Thursday,4,Spring
2023-04-20 16:00:00,5244.0,6.8,16,Thursday,4,Spring
2023-04-20 17:00:00,5670.7,2.4,17,Thursday,4,Spring
2023-04-20 18:00:00,6200.0,4.8,18,Thursday,4,Spring
2023-04-20 19:00:00,6200.0,5.0,19,Thursday,4,Spring
2023-04-20 20:00:00,6200.0,6.2,20,Thursday,4,Spring
2023-04-20 21:00:00,6200.0,4.8,21,Thursday,4,Spring
2023-04-20 22:00:00,6192.1,5.9,22,Thursday,4,Spring
2023-04-20 23:00:00,6101.5,5.7,23,Thursday,4,Spring
2023-04-21 00:00:00,5912.2,5.8,0,Friday,4,Spring
2023-04-21 01:00:00,5391.1,4.9,1,Friday,4,Spring
2023-04-21 02:00:00,5037.2,5.1,2,Friday,4,Spring
2023-04-21 03:00:00,4772.6,4.4,3,Friday,4,Spring
2023-04-21 04:00:00,4433.0,6.6,4,Friday,4,Spring
2023-04-21 05:00:00,4198.6,6.9,5,Friday,4,Spring
2023-04-21 06:00:00,4009.5,4.9,6,Friday,4,Spring
2023-04-21 07:00:00,3730.2,8.3,7,Friday,4,Spring
2023-04-21 08:00:00,3753.9,5.5,8,Friday,4,Spring
2023-04-21 09:00:00,3797.4,8.3,9,Friday,4,Spring
2023-04-21 10:00:00,3667.2,5.0,10,Friday,4,Spring
2023-04-21 11:00:00,4013.0,3.0,11,Friday,4,Spring
2023-04-21 12:00:00,4098.9,6.6,12,Friday,4,Spring
2023-04-21 13:00:00,4394.6,6.4,13,Friday,4,Spring
2023-04-21 14:00:00,4490.0,6.1,14,Friday,4,Spring
2023-04-21 15:00:00,4987.6,5.0,15,Friday,4,Spring
2023-04-21 16:00:00,5100.3,6.0,16,Friday,4,Spring
2023-04-21 17:00:00,5779.9,5.2,17,Friday,4,Spring
2023-04-21 18:00:00,6118.5,5.6,18,Friday,4,Spring
2023-04-21 19:00:00,6200.0,7.3,19,Friday,4,Spring
2023-04-21 20:00:00,6200.0,6.3,20,Friday,4,Spring
2023-04-21 21:00:00,6200.0,6.9,21,Friday,4,Spring
2023-04-21 22:00:00,6200.0,5.7,22,Friday,4,Spring
2023-04-21 23:00:00,5926.7,5.5,23,Friday,4,Spring
2023-04-22 00:00:00,5749.1,4.3,0,Saturday,4,Spring
2023-04-22 01:00:00,5260.3,5.5,1,Saturday,4,Spring
2023-04-22 02:00:00,5280.3,1.0,2,Saturday,4,Spring
2023-04-22 03:00:00,4724.5,5.1,3,Saturday,4,Spring
2023-04-22 04:00:00,4642.0,5.9,4,Saturday,4,Spring
2023-04-22 05:00:00,4370.3,6.9,5,Saturday,4,Spring
2023-04-22 06:00:00,3995.4,5.6,6,Saturday,4,Spring
2023-04-22 07:00:00,3941.0,6.5,7,Saturday,4,Spring
2023-04-22 08:00:00,3794.8,2.7,8,Saturday,4,Spring
2023-04-22 09:00:00,3681.0,5.9,9,Saturday,4,Spring
2023-04-22 10:00:00,3675.2,3.5,10,Saturday,4,Spring
2023-04-22 11:00:00,3693.9,4.2,11,Saturday,4,Spring
2023-04-22 12:00:00,4102.0,5.7,12,Saturday,4,Spring
2023-04-22 13:00:00,4136.2,7.9,13,Saturday,4,Spring
2023-04-22 14:00:00,4597.8,6.6,14,Saturday,4,Spring
2023-04-22 15:00:00,4874.2,6.0,15,Saturday,4,Spring
2023-04-22 16:00:00,5357.9,6.0,16,Saturday,4,Spring
2023-04-22 17:00:00,5638.0,4.9,17,Saturday,4,Spring
2023-04-22 18:00:00,6070.9,5.2,18,Saturday,4,Spring
2023-04-22 19:00:00,6200.0,6.7,19,Saturday,4,Spring
2023-04-22 20:00:00,6200.0,3.9,20,Saturday,4,Spring
2023-04-22 21:00:00,6200.0,6.9,21,Saturday,4,Spring
2023-04-22 22:00:00,6200.0,5.4,22,Saturday,4,Spring
2023-04-22 23:00:00,5865.3,7.3,23,Saturday,4,Spring
2023-04-23 00:00:00,5818.0,7.5,0,Sunday,4,Spring
2023-04-23 01:00:00,5555.8,3.5,1,Sunday,4,Spring
2023-04-23 02:00:00,5062.9,5.2,2,Sunday,4,Spring
2023-04-23 03:00:00,4867.7,4.7,3,Sunday,4,Spring
2023-04-23 04:00:00,4595.7,3.3,4,Sunday,4,Spring
2023-04-23 05:00:00,4308.7,4.5,5,Sunday,4,Spring
2023-04-23 06:00:00,4119.4,9.7,6,Sunday,4,Spring
2023-04-23 07:00:00,4042.3,6.9,7,Sunday,4,Spring
2023-04-23 08:00:00,3890.4,8.9,8,Sunday,4,Spring
2023-04-23 09:00:00,3625.8,7.3,9,Sunday,4,Spring
2023-04-23 10:00:00,3846.8,4.9,10,Sunday,4,Spring
2023-04-23 11:00:00,4032.4,5.5,11,Sunday,4,Spring
2023-04-23 12:00:00,4125.0,6.9,12,Sunday,4,Spring
2023-04-23 13:00:00,4442.7,6.7,13,Sunday,4,Spring
2023-04-23 14:00:00,4840.2,5.2,14,Sunday,4,Spring
2023-04-23 15:00:00,5055.6,3.8,15,Sunday,4,Spring
2023-04-23 16:00:00,5326.1,11.0,16,Sunday,4,Spring
2023-04-23 17:00:00,5856.7,5.8,17,Sunday,4,Spring
2023-04-23 18:00:00,6172.3,5.5,18,Sunday,4,Spring
2023-04-23 19:00:00,6200.0,6.2,19,Sunday,4,Spring
2023-04-23 20:00:00,6200.0,5.7,20,Sunday,4,Spring
2023-04-23 21:00:00,6200.0,6.2,21,Sunday,4,Spring
2023-04-23 22:00:00,6200.0,8.0,22,Sunday,4,Spring
2023-04-23 23:00:00,6200.0,5.8,23,Sunday,4,Spring
2023-04-24 00:00:00,5808.0,4.3,0,Monday,4,Spring
2023-04-24 01:00:00,5305.0,5.8,1,Monday,4,Spring
2023-04-24 02:00:00,5266.9,5.4,2,Monday,4,Spring
2023-04-24 03:00:00,4661.9,8.2,3,Monday,4,Spring
2023-04-24 04:00:00,4693.8,7.8,4,Monday,4,Spring
2023-04-24 05:00:00,4439.3,6.2,5,Monday,4,Spring
2023-04-24 06:00:00,4043.3,4.1,6,Monday,4,Spring
2023-04-24 07:00:00,3932.8,4.2,7,Monday,4,Spring
2023-04-24 08:00:00,3991.3,6.1,8,Monday,4,Spring
2023-04-24 09:00:00,3718.5,6.6,9,Monday,4,Spring
2023-04-24 10:00:00,3704.7,5.5,10,Monday,4,Spring
2023-04-24 11:00:00,4066.0,5.3,11,Monday,4,Spring
2023-04-24 12:00:00,4305.7,5.2,12,Monday,4,Spring
2023-04-24 13:00:00,4345.1,6.0,13,Monday,4,Spring
2023-04-24 14:00:00,4746.7,2.5,14,Monday,4,Spring
2023-04-24 15:00:00,5118.3,4.4,15,Monday,4,Spring
2023-04-24 16:00:00,5218.9,5.1,16,Monday,4,Spring
2023-04-24 17:00:00,5664.3,7.9,17,Monday,4,Spring
2023-04-24 18:00:00,6200.0,4.8,18,Monday,4,Spring
2023-04-24 19:00:00,6200.0,6.3,19,Monday,4,Spring
2023-04-24 20:00:00,6200.0,6.4,20,Monday,4,Spring
2023-04-24 21:00:00,6200.0,8.0,21,Monday,4,Spring
2023-04-24 22:00:00,6200.0,7.9,22,Monday,4,Spring
2023-04-24 23:00:00,6074.6,6.0,23,Monday,4,Spring
2023-04-25 00:00:00,5714.1,5.4,0,Tuesday,4,Spring
2023-04-25 01:00:00,5569.5,5.1,1,Tuesday,4,Spring
2023-04-25 02:00:00,5446.3,5.7,2,Tuesday,4,Spring
2023-04-25 03:00:00,5048.1,5.4,3,Tuesday,4,Spring
2023-04-25 04:00:00,4690.6,6.9,4,Tuesday,4,Spring
2023-04-25 05:00:00,4413.4,6.7,5,Tuesday,4,Spring
2023-04-25 06:00:00,4127.3,7.0,6,Tuesday,4,Spring
2023-04-25 07:00:00,3993.5,8.0,7,Tuesday,4,Spring
2023-04-25 08:00:00,3581.0,8.9,8,Tuesday,4,Spring
2023-04-25 09:00:00,3755.1,6.3,9,Tuesday,4,Spring
2023-04-25 10:00:00,3845.8,7.7,10,Tuesday,4,Spring
2023-04-25 11:00:00,3825.2,5.5,11,Tuesday,4,Spring
2023-04-25 12:00:00,4162.8,7.8,12,Tuesday,4,Spring
2023-04-25 13:00:00,4342.2,7.7,13,Tuesday,4,Spring
2023-04-25 14:00:00,4854.7,7.6,14,Tuesday,4,Spring
2023-04-25 15:00:00,5170.4,6.2,15,Tuesday,4,Spring
2023-04-25 16:00:00,5279.5,5.1,16,Tuesday,4,Spring
2023-04-25 17:00:00,5738.2,4.0,17,Tuesday,4,Spring
2023-04-25 18:00:00,6195.0,6.0,18,Tuesday,4,Spring
2023-04-25 19:00:00,6200.0,8.4,19,Tuesday,4,Spring
2023-04-25 20:00:00,6200.0,5.6,20,Tuesday,4,Spring
2023-04-25 21:00:00,6200.0,7.2,21,Tuesday,4,Spring
2023-04-25 22:00:00,6200.0,7.3,22,Tuesday,4,Spring
2023-04-25 23:00:00,6200.0,5.6,23,Tuesday,4,Spring
2023-04-26 00:00:00,5879.2,8.1,0,Wednesday,4,Spring
2023-04-26 01:00:00,5435.4,1.7,1,Wednesday,4,Spring
2023-04-26 02:00:00,5383.9,4.3,2,Wednesday,4,Spring
2023-04-26 03:00:00,4886.3,4.7,3,Wednesday,4,Spring
2023-04-26 04:00:00,4692.8,4.9,4,Wednesday,4,Spring
2023-04-26 05:00:00,4472.3,6.6,5,Wednesday,4,Spring
2023-04-26 06:00:00,4137.7,6.5,6,Wednesday,4,Spring
2023-04-26 07:00:00,4001.1,6.7,7,Wednesday,4,Spring
2023-04-26 08:00:00,3790.2,7.0,8,Wednesday,4,Spring
2023-04-26 09:00:00,3781.4,4.7,9,Wednesday,4,Spring
2023-04-26 10:00:00,3820.0,4.3,10,Wednesday,4,Spring
2023-04-26 11:00:00,3882.3,6.7,11,Wednesday,4,Spring
2023-04-26 12:00:00,4123.1,5.1,12,Wednesday,4,Spring
2023-04-26 13:00:00,4214.3,3.7,13,Wednesday,4,Spring
2023-04-26 14:00:00,4614.1,7.6,14,Wednesday,4,Spring
2023-04-26 15:00:00,4961.4,8.2,15,Wednesday,4,Spring
2023-04-26 16:00:00,5331.2,8.4,16,Wednesday,4,Spring
2023-04-26 17:00:00,5750.8,6.4,17,Wednesday,4,Spring
2023-04-26 18:00:00,6200.0,7.0,18,Wednesday,4,Spring
2023-04-26 19:00:00,6200.0,8.1,19,Wednesday,4,Spring
2023-04-26 20:00:00,6200.0,5.1,20,Wednesday,4,Spring
2023-04-26 21:00:00,6200.0,7.8,21,Wednesday,4,Spring
2023-04-26 22:00:00,6200.0,6.5,22,Wednesday,4,Spring
2023-04-26 23:00:00,6050.1,7.5,23,Wednesday,4,Spring
2023-04-27 00:00:00,5742.8,6.4,0,Thursday,4,Spring
2023-04-27 01:00:00,5522.3,8.1,1,Thursday,4,Spring
2023-04-27 02:00:00,5187.4,6.5,2,Thursday,4,Spring
2023-04-27 03:00:00,4824.9,3.9,3,Thursday,4,Spring
2023-04-27 04:00:00,4630.4,8.3,4,Thursday,4,Spring
2023-04-27 05:00:00,4421.6,4.7,5,Thursday,4,Spring
2023-04-27 06:00:00,4221.3,8.0,6,Thursday,4,Spring
2023-04-27 07:00:00,3918.2,6.0,7,Thursday,4,Spring
2023-04-27 08:00:00,3816.9,7.9,8,Thursday,4,Spring
2023-04-27 09:00:00,3728.4,7.8,9,Thursday,4,Spring
2023-04-27 10:00:00,3853.7,6.8,10,Thursday,4,Spring
2023-04-27 11:00:00,3889.3,6.9,11,Thursday,4,Spring
2023-04-27 12:00:00,4219.3,6.8,12,Thursday,4,Spring
2023-04-27 13:00:00,4206.7,3.1,13,Thursday,4,Spring
2023-04-27 14:00:00,4649.8,6.3,14,Thursday,4,Spring
2023-04-27 15:00:00,5056.7,4.4,15,Thursday,4,Spring
2023-04-27 16:00:00,5414.0,6.4,16,Thursday,4,Spring
2023-04-27 17:00:00,6200.0,4.4,17,Thursday,4,Spring
2023-04-27 18:00:00,6200.0,4.3,18,Thursday,4,Spring
2023-04-27 19:00:00,6200.0,8.5,19,Thursday,4,Spring
2023-04-27 20:00:00,6200.0,7.7,20,Thursday,4,Spring
2023-04-27 21:00:00,6200.0,6.1,21,Thursday,4,Spring
2023-04-27 22:00:00,6200.0,6.4,22,Thursday,4,Spring
2023-04-27 23:00:00,6109.4,5.7,23,Thursday,4,Spring
2023-04-28 00:00:00,5972.4,7.0,0,Friday,4,Spring
2023-04-28 01:00:00,5518.6,5.1,1,Friday,4,Spring
2023-04-28 02:00:00,5296.6,7.6,2,Friday,4,Spring
2023-04-28 03:00:00,4928.5,5.8,3,Friday,4,Spring
2023-04-28 04:00:00,4908.5,5.5,4,Friday,4,Spring
2023-04-28 05:00:00,4385.2,6.2,5,Friday,4,Spring
2023-04-28 06:00:00,4368.8,5.3,6,Friday,4,Spring
2023-04-28 07:00:00,4072.0,6.6,7,Friday,4,Spring
2023-04-28 08:00:00,3920.0,5.3,8,Friday,4,Spring
2023-04-28 09:00:00,3868.7,6.9,9,Friday,4,Spring
2023-04-28 10:00:00,3911.5,8.0,10,Friday,4,Spring
2023-04-28 11:00:00,3798.4,5.1,11,Friday,4,Spring
2023-04-28 12:00:00,4148.5,6.0,12,Friday,4,Spring
2023-04-28 13:00:00,4515.8,6.8,13,Friday,4,Spring
2023-04-28 14:00:00,4706.5,5.5,14,Friday,4,Spring
2023-04-28 15:00:00,4863.6,6.8,15,Friday,4,Spring
2023-04-28 16:00:00,5405.4,7.0,16,Friday,4,Spring
2023-04-28 17:00:00,6085.0,7.8,17,Friday,4,Spring
2023-04-28 18:00:00,6200.0,5.2,18,Friday,4,Spring
2023-04-28 19:00:00,6200.0,4.7,19,Friday,4,Spring
2023-04-28 20:00:00,6200.0,5.7,20,Friday,4,Spring
2023-04-28 21:00:00,6200.0,4.7,21,Friday,4,Spring
2023-04-28 22:00:00,6200.0,7.0,22,Friday,4,Spring
2023-04-28 23:00:00,6121.5,4.4,23,Friday,4,Spring
2023-04-29 00:00:00,6092.7,9.7,0,Saturday,4,Spring
2023-04-29 01:00:00,5580.7,8.1,1,Saturday,4,Spring
2023-04-29 02:00:00,5302.2,6.2,2,Saturday,4,Spring
2023-04-29 03:00:00,4991.7,7.5,3,Saturday,4,Spring
2023-04-29 04:00:00,4948.9,3.7,4,Saturday,4,Spring
2023-04-29 05:00:00,4620.0,10.0,5,Saturday,4,Spring
2023-04-29 06:00:00,4427.9,5.3,6,Saturday,4,Spring
2023-04-29 07:00:00,3991.8,6.0,7,Saturday,4,Spring
2023-04-29 08:00:00,3918.6,3.4,8,Saturday,4,Spring
2023-04-29 09:00:00,3703.7,6.9,9,Saturday,4,Spring
2023-04-29 10:00:00,4033.5,4.5,10,Saturday,4,Spring
2023-04-29 11:00:00,3890.7,6.3,11,Saturday,4,Spring
2023-04-29 12:00:00,4218.2,5.4,12,Saturday,4,Spring
2023-04-29 13:00:00,4319.3,4.6,13,Saturday,4,Spring
2023-04-29 14:00:00,4662.6,5.0,14,Saturday,4,Spring
2023-04-29 15:00:00,4956.1,6.5,15,Saturday,4,Spring
2023-04-29 16:00:00,5352.9,4.3,16,Saturday,4,Spring
2023-04-29 17:00:00,5782.1,5.1,17,Saturday,4,Spring
2023-04-29 18:00:00,6200.0,7.2,18,Saturday,4,Spring
2023-04-29 19:00:00,6200.0,10.1,19,Saturday,4,Spring
2023-04-29 20:00:00,6200.0,6.9,20,Saturday,4,Spring
2023-04-29 21:00:00,6200.0,4.8,21,Saturday,4,Spring
2023-04-29 22:00:00,6200.0,5.6,22,Saturday,4,Spring
2023-04-29 23:00:00,6200.0,6.2,23,Saturday,4,Spring
2023-04-30 00:00:00,5782.4,5.7,0,Sunday,4,Spring
2023-04-30 01:00:00,5610.2,7.6,1,Sunday,4,Spring
2023-04-30 02:00:00,5515.0,6.6,2,Sunday,4,Spring
2023-04-30 03:00:00,5074.9,7.6,3,Sunday,4,Spring
2023-04-30 04:00:00,4680.8,5.8,4,Sunday,4,Spring
2023-04-30 05:00:00,4512.0,8.2,5,Sunday,4,Spring
2023-04-30 06:00:00,4096.6,6.0,6,Sunday,4,Spring
2023-04-30 07:00:00,4093.0,4.8,7,Sunday,4,Spring
2023-04-30 08:00:00,3946.0,9.5,8,Sunday,4,Spring
2023-04-30 09:00:00,3836.0,3.5,9,Sunday,4,Spring
2023-04-30 10:00:00,3824.2,5.1,10,Sunday,4,Spring
2023-04-30 11:00:00,3935.3,5.3,11,Sunday,4,Spring
2023-04-30 12:00:00,4269.3,10.0,12,Sunday,4,Spring
2023-04-30 13:00:00,4596.7,8.9,13,Sunday,4,Spring
2023-04-30 14:00:00,4676.4,8.5,14,Sunday,4,Spring
2023-04-30 15:00:00,5141.5,5.7,15,Sunday,4,Spring
2023-04-30 16:00:00,5173.5,9.9,16,Sunday,4,Spring
2023-04-30 17:00:00,5799.6,6.8,17,Sunday,4,Spring
2023-04-30 18:00:00,6200.0,7.7,18,Sunday,4,Spring
2023-04-30 19:00:00,6200.0,6.5,19,Sunday,4,Spring
2023-04-30 20:00:00,6200.0,6.2,20,Sunday,4,Spring
2023-04-30 21:00:00,6200.0,5.8,21,Sunday,4,Spring
2023-04-30 22:00:00,6200.0,5.9,22,Sunday,4,Spring
2023-04-30 23:00:00,6200.0,7.1,23,Sunday,4,Spring
2023-05-01 00:00:00,5581.4,6.8,0,Monday,5,Spring
2023-05-01 01:00:00,5365.5,6.2,1,Monday,5,Spring
2023-05-01 02:00:00,5297.4,8.5,2,Monday,5,Spring
2023-05-01 03:00:00,5129.1,1.8,3,Monday,5,Spring
2023-05-01 04:00:00,4436.1,7.0,4,Monday,5,Spring
2023-05-01 05:00:00,4420.4,7.3,5,Monday,5,Spring
2023-05-01 06:00:00,4174.3,8.0,6,Monday,5,Spring
2023-05-01 07:00:00,4181.2,6.2,7,Monday,5,Spring
2023-05-01 08:00:00,3884.4,6.6,8,Monday,5,Spring
2023-05-01 09:00:00,3918.8,7.7,9,Monday,5,Spring
2023-05-01 10:00:00,3936.0,8.5,10,Monday,5,Spring
2023-05-01 11:00:00,3825.7,5.8,11,Monday,5,Spring
2023-05-01 12:00:00,4311.5,6.7,12,Monday,5,Spring
2023-05-01 13:00:00,4502.1,8.8,13,Monday,5,Spring
2023-05-01 14:00:00,4832.2,3.1,14,Monday,5,Spring
2023-05-01 15:00:00,5605.1,5.2,15,Monday,5,Spring
2023-05-01 16:00:00,5195.1,8.5,16,Monday,5,Spring
2023-05-01 17:00:00,6164.6,7.9,17,Monday,5,Spring
2023-05-01 18:00:00,6200.0,7.0,18,Monday,5,Spring
2023-05-01 19:00:00,6200.0,5.6,19,Monday,5,Spring
2023-05-01 20:00:00,6200.0,4.9,20,Monday,5,Spring
2023-05-01 21:00:00,6200.0,5.4,21,Monday,5,Spring
2023-05-01 22:00:00,6200.0,8.6,22,Monday,5,Spring
2023-05-01 23:00:00,6200.0,5.3,23,Monday,5,Spring
2023-05-02 00:00:00,5710.9,6.5,0,Tuesday,5,Spring
2023-05-02 01:00:00,5795.4,5.2,1,Tuesday,5,Spring
2023-05-02 02:00:00,5344.5,7.6,2,Tuesday,5,Spring
2023-05-02 03:00:00,4947.7,5.5,3,Tuesday,5,Spring
2023-05-02 04:00:00,4728.6,6.2,4,Tuesday,5,Spring
2023-05-02 05:00:00,4635.6,3.8,5,Tuesday,5,Spring
2023-05-02 06:00:00,4190.2,3.9,6,Tuesday,5,Spring
2023-05-02 07:00:00,4093.6,6.3,7,Tuesday,5,Spring
2023-05-02 08:00:00,3866.0,4.3,8,Tuesday,5,Spring
2023-05-02 09:00:00,3971.1,9.5,9,Tuesday,5,Spring
2023-05-02 10:00:00,4005.4,3.2,10,Tuesday,5,Spring
2023-05-02 11:00:00,4244.8,5.1,11,Tuesday,5,Spring
2023-05-02 12:00:00,4228.6,6.3,12,Tuesday,5,Spring
2023-05-02 13:00:00,4571.2,5.8,13,Tuesday,5,Spring
2023-05-02 14:00:00,4802.6,4.7,14,Tuesday,5,Spring
2023-05-02 15:00:00,5290.7,4.9,15,Tuesday,5,Spring
2023-05-02 16:00:00,5403.8,4.8,16,Tuesday,5,Spring
2023-05-02 17:00:00,6044.1,5.9,17,Tuesday,5,Spring
2023-05-02 18:00:00,6200.0,9.2,18,Tuesday,5,Spring
2023-05-02 19:00:00,6200.0,6.4,19,Tuesday,5,Spring
2023-05-02 20:00:00,6200.0,8.1,20,Tuesday,5,Spring
2023-05-02 21:00:00,6200.0,7.1,21,Tuesday,5,Spring
2023-05-02 22:00:00,6200.0,8.0,22,Tuesday,5,Spring
2023-05-02 23:00:00,6200.0,2.1,23,Tuesday,5,Spring
2023-05-03 00:00:00,6194.6,5.9,0,Wednesday,5,Spring
2023-05-03 01:00:00,5851.9,8.3,1,Wednesday,5,Spring
2023-05-03 02:00:00,5539.8,5.5,2,Wednesday,5,Spring
2023-05-03 03:00:00,5053.5,9.0,3,Wednesday,5,Spring
2023-05-03 04:00:00,4694.6,8.6,4,Wednesday,5,Spring
2023-05-03 05:00:00,4619.9,5.7,5,Wednesday,5,Spring
2023-05-03 06:00:00,4357.2,5.6,6,Wednesday,5,Spring
2023-05-03 07:00:00,4223.2,4.8,7,Wednesday,5,Spring
2023-05-03 08:00:00,3893.8,5.4,8,Wednesday,5,Spring
2023-05-03 09:00:00,3890.2,4.5,9,Wednesday,5,Spring
2023-05-03 10:00:00,3791.5,7.0,10,Wednesday,5,Spring
2023-05-03 11:00:00,4033.3,4.2,11,Wednesday,5,Spring
2023-05-03 12:00:00,4370.3,7.3,12,Wednesday,5,Spring
2023-05-03 13:00:00,4461.2,7.3,13,Wednesday,5,Spring
2023-05-03 14:00:00,4886.8,3.9,14,Wednesday,5,Spring
2023-05-03 15:00:00,5120.4,8.7,15,Wednesday,5,Spring
2023-05-03 16:00:00,5569.2,7.1,16,Wednesday,5,Spring
2023-05-03 17:00:00,5786.1,7.5,17,Wednesday,5,Spring
2023-05-03 18:00:00,6200.0,5.2,18,Wednesday,5,Spring
2023-05-03 19:00:00,6200.0,7.3,19,Wednesday,5,Spring
2023-05-03 20:00:00,6200.0,8.0,20,Wednesday,5,Spring
2023-05-03 21:00:00,6200.0,6.2,21,Wednesday,5,Spring
2023-05-03 22:00:00,6200.0,9.4,22,Wednesday,5,Spring
2023-05-03 23:00:00,6200.0,6.4,23,Wednesday,5,Spring
2023-05-04 00:00:00,6052.4,8.1,0,Thursday,5,Spring
2023-05-04 01:00:00,5951.3,6.9,1,Thursday,5,Spring
2023-05-04 02:00:00,5313.9,7.3,2,Thursday,5,Spring
2023-05-04 03:00:00,5355.7,3.9,3,Thursday,5,Spring
2023-05-04 04:00:00,4932.3,7.0,4,Thursday,5,Spring
2023-05-04 05:00:00,4502.9,5.3,5,Thursday,5,Spring
2023-05-04 06:00:00,4401.9,5.1,6,Thursday,5,Spring
2023-05-04 07:00:00,3976.0,9.0,7,Thursday,5,Spring
2023-05-04 08:00:00,3887.0,6.1,8,Thursday,5,Spring
2023-05-04 09:00:00,3868.1,4.9,9,Thursday,5,Spring
2023-05-04 10:00:00,3916.3,5.9,10,Thursday,5,Spring
2023-05-04 11:00:00,3981.1,4.5,11,Thursday,5,Spring
2023-05-04 12:00:00,4411.5,8.6,12,Thursday,5,Spring
2023-05-04 13:00:00,4502.0,5.4,13,Thursday,5,Spring
2023-05-04 14:00:00,4871.0,7.2,14,Thursday,5,Spring
2023-05-04 15:00:00,5091.3,8.4,15,Thursday,5,Spring
2023-05-04 16:00:00,5293.5,5.7,16,Thursday,5,Spring
2023-05-04 17:00:00,6020.5,7.2,17,Thursday,5,Spring
2023-05-04 18:00:00,6135.7,4.9,18,Thursday,5,Spring
2023-05-04 19:00:00,6200.0,10.1,19,Thursday,5,Spring
2023-05-04 20:00:00,6200.0,7.8,20,Thursday,5,Spring
2023-05-04 21:00:00,6200.0,6.1,21,Thursday,5,Spring
2023-05-04 22:00:00,6200.0,5.3,22,Thursday,5,Spring
2023-05-04 23:00:00,6200.0,6.2,23,Thursday,5,Spring
2023-05-05 00:00:00,6195.1,6.0,0,Friday,5,Spring
2023-05-05 01:00:00,5633.4,9.4,1,Friday,5,Spring
2023-05-05 02:00:00,5538.0,4.6,2,Friday,5,Spring
2023-05-05 03:00:00,5176.7,6.7,3,Friday,5,Spring
2023-05-05 04:00:00,4870.2,6.4,4,Friday,5,Spring
2023-05-05 05:00:00,4691.5,6.3,5,Friday,5,Spring
2023-05-05 06:00:00,4375.3,6.3,6,Friday,5,Spring
2023-05-05 07:00:00,4134.3,6.3,7,Friday,5,Spring
2023-05-05 08:00:00,3819.1,7.8,8,Friday,5,Spring
2023-05-05 09:00:00,3848.1,7.4,9,Friday,5,Spring
2023-05-05 10:00:00,3971.7,7.1,10,Friday,5,Spring
2023-05-05 11:00:00,4114.2,1.9,11,Friday,5,Spring
2023-05-05 12:00:00,4175.5,6.9,12,Friday,5,Spring
2023-05-05 13:00:00,4822.8,4.0,13,Friday,5,Spring
2023-05-05 14:00:00,5030.5,7.4,14,Friday,5,Spring
2023-05-05 15:00:00,5262.6,8.7,15,Friday,5,Spring
2023-05-05 16:00:00,5577.0,5.1,16,Friday,5,Spring
2023-05-05 17:00:00,5971.0,6.1,17,Friday,5,Spring
2023-05-05 18:00:00,6200.0,5.6,18,Friday,5,Spring
2023-05-05 19:00:00,6200.0,8.3,19,Friday,5,Spring
2023-05-05 20:00:00,6200.0,6.6,20,Friday,5,Spring
2023-05-05 21:00:00,6200.0,9.1,21,Friday,5,Spring
2023-05-05 22:00:00,6200.0,7.1,22,Friday,5,Spring
2023-05-05 23:00:00,6200.0,6.8,23,Friday,5,Spring
2023-05-06 00:00:00,5740.3,6.6,0,Saturday,5,Spring
2023-05-06 01:00:00,5652.3,7.8,1,Saturday,5,Spring
2023-05-06 02:00:00,5427.4,3.9,2,Saturday,5,Spring
2023-05-06 03:00:00,5414.2,6.7,3,Saturday,5,Spring
2023-05-06 04:00:00,4923.9,6.4,4,Saturday,5,Spring
2023-05-06 05:00:00,4411.5,7.6,5,Saturday,5,Spring
2023-05-06 06:00:00,4365.1,6.2,6,Saturday,5,Spring
2023-05-06 07:00:00,3960.6,5.0,7,Saturday,5,Spring
2023-05-06 08:00:00,4107.0,6.5,8,Saturday,5,Spring
2023-05-06 09:00:00,3910.8,4.9,9,Saturday,5,Spring
2023-05-06 10:00:00,3989.4,3.6,10,Saturday,5,Spring
2023-05-06 11:00:00,4256.5,7.6,11,Saturday,5,Spring
2023-05-06 12:00:00,4174.1,7.4,12,Saturday,5,Spring
2023-05-06 13:00:00,4406.0,7.2,13,Saturday,5,Spring
2023-05-06 14:00:00,4793.8,8.5,14,Saturday,5,Spring
2023-05-06 15:00:00,5338.9,5.5,15,Saturday,5,Spring
2023-05-06 16:00:00,5375.5,4.4,16,Saturday,5,Spring
2023-05-06 17:00:00,5598.6,6.4,17,Saturday,5,Spring
2023-05-06 18:00:00,6200.0,6.0,18,Saturday,5,Spring
2023-05-06 19:00:00,6200.0,5.3,19,Saturday,5,Spring
2023-05-06 20:00:00,6200.0,6.4,20,Saturday,5,Spring
2023-05-06 21:00:00,6200.0,5.6,21,Saturday,5,Spring
2023-05-06 22:00:00,6200.0,3.8,22,Saturday,5,Spring
2023-05-06 23:00:00,6200.0,5.9,23,Saturday,5,Spring
2023-05-07 00:00:00,5767.0,4.9,0,Sunday,5,Spring
2023-05-07 01:00:00,5741.4,6.9,1,Sunday,5,Spring
2023-05-07 02:00:00,5530.3,5.6,2,Sunday,5,Spring
2023-05-07 03:00:00,5247.4,8.3,3,Sunday,5,Spring
2023-05-07 04:00:00,4811.9,9.0,4,Sunday,5,Spring
2023-05-07 05:00:00,4584.4,7.6,5,Sunday,5,Spring
2023-05-07 06:00:00,4059.1,4.3,6,Sunday,5,Spring
2023-05-07 07:00:00,4066.9,8.8,7,Sunday,5,Spring
2023-05-07 08:00:00,4058.9,9.0,8,Sunday,5,Spring
2023-05-07 09:00:00,3874.3,6.6,9,Sunday,5,Spring
2023-05-07 10:00:00,4019.3,8.6,10,Sunday,5,Spring
2023-05-07 11:00:00,4181.2,5.8,11,Sunday,5,Spring
2023-05-07 12:00:00,4291.6,3.8,12,Sunday,5,Spring
2023-05-07 13:00:00,4601.7,5.4,13,Sunday,5,Spring
2023-05-07 14:00:00,4765.1,9.2,14,Sunday,5,Spring
2023-05-07 15:00:00,5195.9,4.4,15,Sunday,5,Spring
2023-05-07 16:00:00,5693.7,6.6,16,Sunday,5,Spring
2023-05-07 17:00:00,6071.0,6.6,17,Sunday,5,Spring
2023-05-07 18:00:00,6200.0,5.8,18,Sunday,5,Spring
2023-05-07 19:00:00,6200.0,5.9,19,Sunday,5,Spring
2023-05-07 20:00:00,6200.0,6.7,20,Sunday,5,Spring
2023-05-07 21:00:00,6200.0,5.7,21,Sunday,5,Spring
2023-05-07 22:00:00,6200.0,4.5,22,Sunday,5,Spring
2023-05-07 23:00:00,6200.0,6.9,23,Sunday,5,Spring
2023-05-08 00:00:00,6136.0,8.3,0,Monday,5,Spring
2023-05-08 01:00:00,5992.5,8.0,1,Monday,5,Spring
2023-05-08 02:00:00,5334.4,5.4,2,Monday,5,Spring
2023-05-08 03:00:00,5115.3,4.8,3,Monday,5,Spring
2023-05-08 04:00:00,4856.2,6.2,4,Monday,5,Spring
2023-05-08 05:00:00,4506.8,9.0,5,Monday,5,Spring
2023-05-08 06:00:00,4532.3,7.6,6,Monday,5,Spring
2023-05-08 07:00:00,4060.8,7.7,7,Monday,5,Spring
2023-05-08 08:00:00,3971.8,8.0,8,Monday,5,Spring
2023-05-08 09:00:00,4006.4,7.3,9,Monday,5,Spring
2023-05-08 10:00:00,3906.7,6.8,10,Monday,5,Spring
2023-05-08 11:00:00,4108.7,7.6,11,Monday,5,Spring
2023-05-08 12:00:00,4378.6,5.8,12,Monday,5,Spring
2023-05-08 13:00:00,4560.3,4.5,13,Monday,5,Spring
2023-05-08 14:00:00,4888.6,7.7,14,Monday,5,Spring
2023-05-08 15:00:00,5172.2,8.5,15,Monday,5,Spring
2023-05-08 16:00:00,5415.1,5.0,16,Monday,5,Spring
2023-05-08 17:00:00,6117.7,7.9,17,Monday,5,Spring
2023-05-08 18:00:00,6200.0,9.2,18,Monday,5,Spring
2023-05-08 19:00:00,6200.0,6.6,19,Monday,5,Spring
2023-05-08 20:00:00,6200.0,5.4,20,Monday,5,Spring
2023-05-08 21:00:00,6200.0,6.8,21,Monday,5,Spring
2023-05-08 22:00:00,6200.0,5.8,22,Monday,5,Spring
2023-05-08 23:00:00,6200.0,5.7,23,Monday,5,Spring
2023-05-09 00:00:00,6123.4,7.4,0,Tuesday,5,Spring
2023-05-09 01:00:00,6076.9,4.3,1,Tuesday,5,Spring
2023-05-09 02:00:00,5441.5,4.6,2,Tuesday,5,Spring
2023-05-09 03:00:00,5463.3,6.8,3,Tuesday,5,Spring
2023-05-09 04:00:00,5003.7,6.7,4,Tuesday,5,Spring
2023-05-09 05:00:00,4676.7,7.2,5,Tuesday,5,Spring
2023-05-09 06:00:00,4384.6,9.5,6,Tuesday,5,Spring
2023-05-09 07:00:00,4138.4,6.9,7,Tuesday,5,Spring
2023-05-09 08:00:00,4163.1,7.6,8,Tuesday,5,Spring
2023-05-09 09:00:00,4014.1,5.3,9,Tuesday,5,Spring
2023-05-09 10:00:00,3843.0,7.9,10,Tuesday,5,Spring
2023-05-09 11:00:00,4048.0,5.9,11,Tuesday,5,Spring
2023-05-09 12:00:00,4339.1,6.8,12,Tuesday,5,Spring
2023-05-09 13:00:00,4650.4,6.6,13,Tuesday,5,Spring
2023-05-09 14:00:00,4910.2,8.3,14,Tuesday,5,Spring
2023-05-09 15:00:00,5420.1,4.8,15,Tuesday,5,Spring
2023-05-09 16:00:00,5372.4,3.3,16,Tuesday,5,Spring
2023-05-09 17:00:00,6111.9,6.4,17,Tuesday,5,Spring
2023-05-09 18:00:00,6200.0,7.4,18,Tuesday,5,Spring
2023-05-09 19:00:00,6200.0,7.0,19,Tuesday,5,Spring
2023-05-09 20:00:00,6200.0,8.6,20,Tuesday,5,Spring
2023-05-09 21:00:00,6200.0,7.4,21,Tuesday,5,Spring
2023-05-09 22:00:00,6200.0,5.9,22,Tuesday,5,Spring
2023-05-09 23:00:00,6200.0,3.2,23,Tuesday,5,Spring
2023-05-10 00:00:00,6200.0,6.4,0,Wednesday,5,Spring
2023-05-10 01:00:00,5944.2,8.3,1,Wednesday,5,Spring
2023-05-10 02:00:00,5544.0,6.2,2,Wednesday,5,Spring
2023-05-10 03:00:00,5319.7,6.8,3,Wednesday,5,Spring
2023-05-10 04:00:00,4838.3,7.4,4,Wednesday,5,Spring
2023-05-10 05:00:00,4727.7,5.3,5,Wednesday,5,Spring
2023-05-10 06:00:00,4554.3,7.7,6,Wednesday,5,Spring
2023-05-10 07:00:00,4290.3,9.2,7,Wednesday,5,Spring
2023-05-10 08:00:00,3981.6,6.5,8,Wednesday,5,Spring
2023-05-10 09:00:00,4050.0,5.1,9,Wednesday,5,Spring
2023-05-10 10:00:00,3924.5,6.7,10,Wednesday,5,Spring
2023-05-10 11:00:00,4238.3,3.5,11,Wednesday,5,Spring
2023-05-10 12:00:00,4423.5,7.3,12,Wednesday,5,Spring
2023-05-10 13:00:00,4413.9,7.5,13,Wednesday,5,Spring
2023-05-10 14:00:00,4790.7,9.3,14,Wednesday,5,Spring
2023-05-10 15:00:00,5240.5,6.5,15,Wednesday,5,Spring
2023-05-10 16:00:00,5624.6,7.4,16,Wednesday,5,Spring
2023-05-10 17:00:00,5926.1,5.5,17,Wednesday,5,Spring
2023-05-10 18:00:00,6200.0,6.3,18,Wednesday,5,Spring
2023-05-10 19:00:00,6200.0,4.5,19,Wednesday,5,Spring
2023-05-10 20:00:00,6200.0,6.5,20,Wednesday,5,Spring
2023-05-10 21:00:00,6200.0,6.3,21,Wednesday,5,Spring
2023-05-10 22:00:00,6200.0,7.2,22,Wednesday,5,Spring
2023-05-10 23:00:00,6200.0,5.9,23,Wednesday,5,Spring
2023-05-11 00:00:00,6059.7,7.0,0,Thursday,5,Spring
2023-05-11 01:00:00,5788.3,6.4,1,Thursday,5,Spring
2023-05-11 02:00:00,5649.2,6.4,2,Thursday,5,Spring
2023-05-11 03:00:00,5214.1,7.0,3,Thursday,5,Spring
2023-05-11 04:00:00,4924.6,6.9,4,Thursday,5,Spring
2023-05-11 05:00:00,4730.0,8.0,5,Thursday,5,Spring
2023-05-11 06:00:00,4179.1,6.7,6,Thursday,5,Spring
2023-05-11 07:00:00,4330.6,6.3,7,Thursday,5,Spring
2023-05-11 08:00:00,4076.6,6.6,8,Thursday,5,Spring
2023-05-11 09:00:00,3985.7,5.8,9,Thursday,5,Spring
2023-05-11 10:00:00,4060.1,6.3,10,Thursday,5,Spring
2023-05-11 11:00:00,4188.5,9.9,11,Thursday,5,Spring
2023-05-11 12:00:00,4198.9,5.5,12,Thursday,5,Spring
2023-05-11 13:00:00,4819.5,6.5,13,Thursday,5,Spring
2023-05-11 14:00:00,4955.6,6.3,14,Thursday,5,Spring
2023-05-11 15:00:00,5354.1,6.5,15,Thursday,5,Spring
2023-05-11 16:00:00,5821.4,6.4,16,Thursday,5,Spring
2023-05-11 17:00:00,5974.8,7.3,17,Thursday,5,Spring
2023-05-11 18:00:00,6200.0,4.3,18,Thursday,5,Spring
2023-05-11 19:00:00,6200.0,8.4,19,Thursday,5,Spring
2023-05-11 20:00:00,6200.0,7.8,20,Thursday,5,Spring
2023-05-11 21:00:00,6200.0,5.0,21,Thursday,5,Spring
2023-05-11 22:00:00,6200.0,3.5,22,Thursday,5,Spring
2023-05-11 23:00:00,6200.0,5.4,23,Thursday,5,Spring
2023-05-12 00:00:00,6200.0,6.6,0,Friday,5,Spring
2023-05-12 01:00:00,5966.8,10.8,1,Friday,5,Spring
2023-05-12 02:00:00,5499.8,7.8,2,Friday,5,Spring
2023-05-12 03:00:00,5184.4,4.2,3,Friday,5,Spring
2023-05-12 04:00:00,4944.2,5.9,4,Friday,5,Spring
2023-05-12 05:00:00,4554.9,6.9,5,Friday,5,Spring
2023-05-12 06:00:00,4495.6,7.3,6,Friday,5,Spring
2023-05-12 07:00:00,4167.3,5.0,7,Friday,5,Spring
2023-05-12 08:00:00,3785.7,6.7,8,Friday,5,Spring
2023-05-12 09:00:00,4002.4,5.9,9,Friday,5,Spring
2023-05-12 10:00:00,3976.4,5.3,10,Friday,5,Spring
2023-05-12 11:00:00,4034.6,7.3,11,Friday,5,Spring
2023-05-12 12:00:00,4266.9,8.1,12,Friday,5,Spring
2023-05-12 13:00:00,4673.8,8.2,13,Friday,5,Spring
2023-05-12 14:00:00,5131.6,7.8,14,Friday,5,Spring
2023-05-12 15:00:00,5354.3,6.2,15,Friday,5,Spring
2023-05-12 16:00:00,5618.2,8.0,16,Friday,5,Spring
2023-05-12 17:00:00,6200.0,7.4,17,Friday,5,Spring
2023-05-12 18:00:00,6200.0,7.1,18,Friday,5,Spring
2023-05-12 19:00:00,6200.0,6.0,19,Friday,5,Spring
2023-05-12 20:00:00,6200.0,6.2,20,Friday,5,Spring
2023-05-12 21:00:00,6200.0,7.1,21,Friday,5,Spring
2023-05-12 22:00:00,6200.0,10.6,22,Friday,5,Spring
2023-05-12 23:00:00,6200.0,7.4,23,Friday,5,Spring
2023-05-13 00:00:00,6158.6,6.1,0,Saturday,5,Spring
2023-05-13 01:00:00,5854.7,5.8,1,Saturday,5,Spring
2023-05-13 02:00:00,5483.9,6.3,2,Saturday,5,Spring
2023-05-13 03:00:00,5375.7,10.3,3,Saturday,5,Spring
2023-05-13 04:00:00,4810.0,6.4,4,Saturday,5,Spring
2023-05-13 05:00:00,4764.8,8.4,5,Saturday,5,Spring
2023-05-13 06:00:00,4306.3,6.5,6,Saturday,5,Spring
2023-05-13 07:00:00,4140.2,7.4,7,Saturday,5,Spring
2023-05-13 08:00:00,3945.3,8.2,8,Saturday,5,Spring
2023-05-13 09:00:00,4002.3,6.2,9,Saturday,5,Spring
2023-05-13 10:00:00,4195.3,6.1,10,Saturday,5,Spring
2023-05-13 11:00:00,4274.0,9.5,11,Saturday,5,Spring
2023-05-13 12:00:00,4525.2,8.5,12,Saturday,5,Spring
2023-05-13 13:00:00,4736.9,8.2,13,Saturday,5,Spring
2023-05-13 14:00:00,4845.0,8.2,14,Saturday,5,Spring
2023-05-13 15:00:00,5285.6,7.7,15,Saturday,5,Spring
2023-05-13 16:00:00,5611.2,10.1,16,Saturday,5,Spring
2023-05-13 17:00:00,6200.0,7.1,17,Saturday,5,Spring
2023-05-13 18:00:00,6200.0,7.9,18,Saturday,5,Spring
2023-05-13 19:00:00,6200.0,4.9,19,Saturday,5,Spring
2023-05-13 20:00:00,6200.0,5.8,20,Saturday,5,Spring
2023-05-13 21:00:00,6200.0,5.2,21,Saturday,5,Spring
2023-05-13 22:00:00,6200.0,8.9,22,Saturday,5,Spring
2023-05-13 23:00:00,6200.0,3.2,23,Saturday,5,Spring
2023-05-14 00:00:00,6200.0,6.5,0,Sunday,5,Spring
2023-05-14 01:00:00,5843.0,2.6,1,Sunday,5,Spring
2023-05-14 02:00:00,5417.9,5.9,2,Sunday,5,Spring
2023-05-14 03:00:00,5062.0,6.4,3,Sunday,5,Spring
2023-05-14 04:00:00,5078.1,9.2,4,Sunday,5,Spring
2023-05-14 05:00:00,4468.0,7.7,5,Sunday,5,Spring
2023-05-14 06:00:00,4389.4,5.9,6,Sunday,5,Spring
2023-05-14 07:00:00,4278.9,8.7,7,Sunday,5,Spring
2023-05-14 08:00:00,4127.2,7.1,8,Sunday,5,Spring
2023-05-14 09:00:00,4109.0,7.2,9,Sunday,5,Spring
2023-05-14 10:00:00,4131.0,5.3,10,Sunday,5,Spring
2023-05-14 11:00:00,4368.0,5.6,11,Sunday,5,Spring
2023-05-14 12:00:00,4325.4,5.9,12,Sunday,5,Spring
2023-05-14 13:00:00,4611.0,7.2,13,Sunday,5,Spring
2023-05-14 14:00:00,4901.4,7.2,14,Sunday,5,Spring
2023-05-14 15:00:00,5457.2,9.4,15,Sunday,5,Spring
2023-05-14 16:00:00,5869.9,7.7,16,Sunday,5,Spring
2023-05-14 17:00:00,6200.0,3.1,17,Sunday,5,Spring
2023-05-14 18:00:00,6200.0,7.5,18,Sunday,5,Spring
2023-05-14 19:00:00,6200.0,4.9,19,Sunday,5,Spring
2023-05-14 20:00:00,6200.0,5.7,20,Sunday,5,Spring
2023-05-14 21:00:00,6200.0,5.9,21,Sunday,5,Spring
2023-05-14 22:00:00,6200.0,6.1,22,Sunday,5,Spring
2023-05-14 23:00:00,6200.0,5.1,23,Sunday,5,Spring
2023-05-15 00:00:00,5954.2,7.5,0,Monday,5,Spring
2023-05-15 01:00:00,5874.6,5.1,1,Monday,5,Spring
2023-05-15 02:00:00,5547.3,7.7,2,Monday,5,Spring
2023-05-15 03:00:00,5423.9,10.6,3,Monday,5,Spring
2023-05-15 04:00:00,4872.9,5.2,4,Monday,5,Spring
2023-05-15 05:00:00,4792.0,6.8,5,Monday,5,Spring
2023-05-15 06:00:00,4596.3,3.4,6,Monday,5,Spring
2023-05-15 07:00:00,4319.3,6.8,7,Monday,5,Spring
2023-05-15 08:00:00,4149.9,8.2,8,Monday,5,Spring
2023-05-15 09:00:00,3977.3,8.3,9,Monday,5,Spring
2023-05-15 10:00:00,4033.4,7.3,10,Monday,5,Spring
2023-05-15 11:00:00,4378.1,8.5,11,Monday,5,Spring
2023-05-15 12:00:00,4530.9,11.0,12,Monday,5,Spring
2023-05-15 13:00:00,4700.0,9.8,13,Monday,5,Spring
2023-05-15 14:00:00,4960.7,6.4,14,Monday,5,Spring
2023-05-15 15:00:00,5090.9,5.0,15,Monday,5,Spring
2023-05-15 16:00:00,5603.9,6.6,16,Monday,5,Spring
2023-05-15 17:00:00,6200.0,5.8,17,Monday,5,Spring
2023-05-15 18:00:00,6200.0,7.9,18,Monday,5,Spring
2023-05-15 19:00:00,6200.0,5.4,19,Monday,5,Spring
2023-05-15 20:00:00,6200.0,7.1,20,Monday,5,Spring
2023-05-15 21:00:00,6200.0,8.5,21,Monday,5,Spring
2023-05-15 22:00:00,6200.0,7.1,22,Monday,5,Spring
2023-05-15 23:00:00,6200.0,5.8,23,Monday,5,Spring
2023-05-16 00:00:00,6200.0,9.1,0,Tuesday,5,Spring
2023-05-16 01:00:00,6200.0,4.5,1,Tuesday,5,Spring
2023-05-16 02:00:00,5431.4,6.8,2,Tuesday,5,Spring
2023-05-16 03:00:00,5484.9,7.2,3,Tuesday,5,Spring
2023-05-16 04:00:00,4997.4,7.3,4,Tuesday,5,Spring
2023-05-16 05:00:00,4807.8,7.6,5,Tuesday,5,Spring
2023-05-16 06:00:00,4506.4,8.2,6,Tuesday,5,Spring
2023-05-16 07:00:00,4180.0,7.2,7,Tuesday,5,Spring
2023-05-16 08:00:00,4156.4,6.7,8,Tuesday,5,Spring
2023-05-16 09:00:00,3900.1,6.7,9,Tuesday,5,Spring
2023-05-16 10:00:00,4195.1,6.4,10,Tuesday,5,Spring
2023-05-16 11:00:00,4289.8,8.5,11,Tuesday,5,Spring
2023-05-16 12:00:00,4528.6,6.3,12,Tuesday,5,Spring
2023-05-16 13:00:00,4843.3,8.6,13,Tuesday,5,Spring
2023-05-16 14:00:00,5074.1,7.3,14,Tuesday,5,Spring
2023-05-16 15:00:00,5398.2,6.5,15,Tuesday,5,Spring
2023-05-16 16:00:00,5647.8,8.2,16,Tuesday,5,Spring
2023-05-16 17:00:00,6116.3,6.2,17,Tuesday,5,Spring
2023-05-16 18:00:00,6200.0,8.3,18,Tuesday,5,Spring
2023-05-16 19:00:00,6200.0,7.6,19,Tuesday,5,Spring
2023-05-16 20:00:00,6200.0,6.4,20,Tuesday,5,Spring
2023-05-16 21:00:00,6200.0,8.1,21,Tuesday,5,Spring
2023-05-16 22:00:00,6200.0,8.1,22,Tuesday,5,Spring
2023-05-16 23:00:00,6200.0,9.0,23,Tuesday,5,Spring
2023-05-17 00:00:00,6200.0,8.8,0,Wednesday,5,Spring
2023-05-17 01:00:00,6200.0,8.1,1,Wednesday,5,Spring
2023-05-17 02:00:00,5559.3,5.7,2,Wednesday,5,Spring
2023-05-17 03:00:00,5308.2,11.1,3,Wednesday,5,Spring
2023-05-17 04:00:00,5062.6,5.3,4,Wednesday,5,Spring
2023-05-17 05:00:00,4806.8,8.8,5,Wednesday,5,Spring
2023-05-17 06:00:00,4445.9,8.0,6,Wednesday,5,Spring
2023-05-17 07:00:00,4177.0,5.6,7,Wednesday,5,Spring
2023-05-17 08:00:00,4236.0,7.2,8,Wednesday,5,Spring
2023-05-17 09:00:00,4175.8,7.3,9,Wednesday,5,Spring
2023-05-17 10:00:00,4049.7,9.3,10,Wednesday,5,Spring
2023-05-17 11:00:00,4415.0,6.3,11,Wednesday,5,Spring
2023-05-17 12:00:00,4601.0,7.0,12,Wednesday,5,Spring
2023-05-17 13:00:00,4747.9,3.9,13,Wednesday,5,Spring
2023-05-17 14:00:00,5052.3,10.0,14,Wednesday,5,Spring
2023-05-17 15:00:00,5468.4,5.8,15,Wednesday,5,Spring
2023-05-17 16:00:00,5666.8,7.9,16,Wednesday,5,Spring
2023-05-17 17:00:00,6200.0,7.2,17,Wednesday,5,Spring
2023-05-17 18:00:00,6200.0,7.2,18,Wednesday,5,Spring
2023-05-17 19:00:00,6200.0,8.6,19,Wednesday,5,Spring
2023-05-17 20:00:00,6200.0,9.9,20,Wednesday,5,Spring
2023-05-17 21:00:00,6200.0,7.8,21,Wednesday,5,Spring
2023-05-17 22:00:00,6200.0,8.4,22,Wednesday,5,Spring
2023-05-17 23:00:00,6200.0,7.9,23,Wednesday,5,Spring
2023-05-18 00:00:00,6166.8,9.0,0,Thursday,5,Spring
2023-05-18 01:00:00,5960.8,6.8,1,Thursday,5,Spring
2023-05-18 02:00:00,5902.2,9.1,2,Thursday,5,Spring
2023-05-18 03:00:00,5039.6,9.2,3,Thursday,5,Spring
2023-05-18 04:00:00,5208.7,9.1,4,Thursday,5,Spring
2023-05-18 05:00:00,4783.6,6.5,5,Thursday,5,Spring
2023-05-18 06:00:00,4347.2,7.2,6,Thursday,5,Spring
2023-05-18 07:00:00,4167.0,7.8,7,Thursday,5,Spring
2023-05-18 08:00:00,4330.4,5.4,8,Thursday,5,Spring
2023-05-18 09:00:00,4016.0,9.9,9,Thursday,5,Spring
2023-05-18 10:00:00,4036.4,7.5,10,Thursday,5,Spring
2023-05-18 11:00:00,4403.9,7.9,11,Thursday,5,Spring
2023-05-18 12:00:00,4520.7,6.6,12,Thursday,5,Spring
2023-05-18 13:00:00,4634.0,5.5,13,Thursday,5,Spring
2023-05-18 14:00:00,5083.8,6.6,14,Thursday,5,Spring
2023-05-18 15:00:00,5270.1,7.8,15,Thursday,5,Spring
2023-05-18 16:00:00,5967.6,8.5,16,Thursday,5,Spring
2023-05-18 17:00:00,6200.0,7.7,17,Thursday,5,Spring
2023-05-18 18:00:00,6200.0,8.0,18,Thursday,5,Spring
2023-05-18 19:00:00,6200.0,7.0,19,Thursday,5,Spring
2023-05-18 20:00:00,6200.0,8.2,20,Thursday,5,Spring
2023-05-18 21:00:00,6200.0,9.7,21,Thursday,5,Spring
2023-05-18 22:00:00,6200.0,8.5,22,Thursday,5,Spring
2023-05-18 23:00:00,6200.0,8.7,23,Thursday,5,Spring
2023-05-19 00:00:00,6200.0,8.0,0,Friday,5,Spring
2023-05-19 01:00:00,5867.6,5.3,1,Friday,5,Spring
2023-05-19 02:00:00,5663.9,6.0,2,Friday,5,Spring
2023-05-19 03:00:00,5444.5,8.3,3,Friday,5,Spring
2023-05-19 04:00:00,5054.4,7.6,4,Friday,5,Spring
2023-05-19 05:00:00,4639.6,8.3,5,Friday,5,Spring
2023-05-19 06:00:00,4620.7,10.1,6,Friday,5,Spring
2023-05-19 07:00:00,4542.8,8.7,7,Friday,5,Spring
2023-05-19 08:00:00,4187.9,9.5,8,Friday,5,Spring
2023-05-19 09:00:00,4031.2,7.7,9,Friday,5,Spring
2023-05-19 10:00:00,4006.1,6.4,10,Friday,5,Spring
2023-05-19 11:00:00,4321.5,7.5,11,Friday,5,Spring
2023-05-19 12:00:00,4618.9,6.4,12,Friday,5,Spring
2023-05-19 13:00:00,4814.7,9.9,13,Friday,5,Spring
2023-05-19 14:00:00,5069.8,8.8,14,Friday,5,Spring
2023-05-19 15:00:00,5343.6,8.4,15,Friday,5,Spring
2023-05-19 16:00:00,5664.5,9.4,16,Friday,5,Spring
2023-05-19 17:00:00,6200.0,4.6,17,Friday,5,Spring
2023-05-19 18:00:00,6200.0,8.5,18,Friday,5,Spring
2023-05-19 19:00:00,6200.0,5.6,19,Friday,5,Spring
2023-05-19 20:00:00,6200.0,7.6,20,Friday,5,Spring
2023-05-19 21:00:00,6200.0,7.1,21,Friday,5,Spring
2023-05-19 22:00:00,6200.0,8.6,22,Friday,5,Spring
2023-05-19 23:00:00,6200.0,7.9,23,Friday,5,Spring
2023-05-20 00:00:00,6083.6,9.7,0,Saturday,5,Spring
2023-05-20 01:00:00,6013.7,6.8,1,Saturday,5,Spring
2023-05-20 02:00:00,5802.6,8.8,2,Saturday,5,Spring
2023-05-20 03:00:00,5645.2,7.9,3,Saturday,5,Spring
2023-05-20 04:00:00,5164.2,5.2,4,Saturday,5,Spring
2023-05-20 05:00:00,4740.0,6.3,5,Saturday,5,Spring
2023-05-20 06:00:00,4390.8,7.5,6,Saturday,5,Spring
2023-05-20 07:00:00,4437.5,9.4,7,Saturday,5,Spring
2023-05-20 08:00:00,4077.7,8.4,8,Saturday,5,Spring
2023-05-20 09:00:00,4303.7,5.9,9,Saturday,5,Spring
2023-05-20 10:00:00,4148.8,7.5,10,Saturday,5,Spring
2023-05-20 11:00:00,4476.3,10.7,11,Saturday,5,Spring
2023-05-20 12:00:00,4583.2,7.9,12,Saturday,5,Spring
2023-05-20 13:00:00,4754.3,7.2,13,Saturday,5,Spring
2023-05-20 14:00:00,5017.5,8.4,14,Saturday,5,Spring
2023-05-20 15:00:00,5391.4,8.8,15,Saturday,5,Spring
2023-05-20 16:00:00,5901.4,7.0,16,Saturday,5,Spring
2023-05-20 17:00:00,6200.0,8.4,17,Saturday,5,Spring
2023-05-20 18:00:00,6200.0,7.2,18,Saturday,5,Spring
2023-05-20 19:00:00,6200.0,8.8,19,Saturday,5,Spring
2023-05-20 20:00:00,6200.0,7.9,20,Saturday,5,Spring
2023-05-20 21:00:00,6200.0,8.4,21,Saturday,5,Spring
2023-05-20 22:00:00,6200.0,6.6,22,Saturday,5,Spring
2023-05-20 23:00:00,6200.0,6.5,23,Saturday,5,Spring
2023-05-21 00:00:00,6132.7,9.2,0,Sunday,5,Spring
2023-05-21 01:00:00,5796.3,7.7,1,Sunday,5,Spring
2023-05-21 02:00:00,5487.5,8.2,2,Sunday,5,Spring
2023-05-21 03:00:00,5232.8,7.3,3,Sunday,5,Spring
2023-05-21 04:00:00,4997.4,9.2,4,Sunday,5,Spring
2023-05-21 05:00:00,5014.6,6.9,5,Sunday,5,Spring
2023-05-21 06:00:00,4458.6,7.6,6,Sunday,5,Spring
2023-05-21 07:00:00,4335.3,9.0,7,Sunday,5,Spring
2023-05-21 08:00:00,4231.1,9.6,8,Sunday,5,Spring
2023-05-21 09:00:00,4159.5,7.0,9,Sunday,5,Spring
2023-05-21 10:00:00,4181.1,10.7,10,Sunday,5,Spring
2023-05-21 11:00:00,4187.1,8.3,11,Sunday,5,Spring
2023-05-21 12:00:00,4682.1,6.2,12,Sunday,5,Spring
2023-05-21 13:00:00,4999.0,8.4,13,Sunday,5,Spring
2023-05-21 14:00:00,4882.1,7.2,14,Sunday,5,Spring
2023-05-21 15:00:00,5312.1,8.5,15,Sunday,5,Spring
2023-05-21 16:00:00,5812.9,7.7,16,Sunday,5,Spring
2023-05-21 17:00:00,6159.9,7.9,17,Sunday,5,Spring
2023-05-21 18:00:00,6200.0,6.4,18,Sunday,5,Spring
2023-05-21 19:00:00,6200.0,9.3,19,Sunday,5,Spring
2023-05-21 20:00:00,6200.0,6.1,20,Sunday,5,Spring
2023-05-21 21:00:00,6200.0,6.1,21,Sunday,5,Spring
2023-05-21 22:00:00,6200.0,8.4,22,Sunday,5,Spring
2023-05-21 23:00:00,6200.0,10.2,23,Sunday,5,Spring
2023-05-22 00:00:00,6200.0,7.4,0,Monday,5,Spring
2023-05-22 01:00:00,5981.1,9.0,1,Monday,5,Spring
2023-05-22 02:00:00,5641.9,9.5,2,Monday,5,Spring
2023-05-22 03:00:00,5440.4,9.1,3,Monday,5,Spring
2023-05-22 04:00:00,5210.0,7.4,4,Monday,5,Spring
2023-05-22 05:00:00,4809.6,6.3,5,Monday,5,Spring
2023-05-22 06:00:00,4350.6,4.6,6,Monday,5,Spring
2023-05-22 07:00:00,4239.9,7.5,7,Monday,5,Spring
2023-05-22 08:00:00,4191.8,9.7,8,Monday,5,Spring
2023-05-22 09:00:00,4148.3,6.2,9,Monday,5,Spring
2023-05-22 10:00:00,4406.6,9.0,10,Monday,5,Spring
2023-05-22 11:00:00,4176.9,6.5,11,Monday,5,Spring
2023-05-22 12:00:00,4586.7,8.1,12,Monday,5,Spring
2023-05-22 13:00:00,4973.2,9.0,13,Monday,5,Spring
2023-05-22 14:00:00,5399.2,6.9,14,Monday,5,Spring
2023-05-22 15:00:00,5409.9,8.2,15,Monday,5,Spring
2023-05-22 16:00:00,5940.4,7.3,16,Monday,5,Spring
2023-05-22 17:00:00,6200.0,9.0,17,Monday,5,Spring
2023-05-22 18:00:00,6200.0,8.3,18,Monday,5,Spring
2023-05-22 19:00:00,6200.0,8.0,19,Monday,5,Spring
2023-05-22 20:00:00,6200.0,10.3,20,Monday,5,Spring
2023-05-22 21:00:00,6200.0,8.9,21,Monday,5,Spring
2023-05-22 22:00:00,6200.0,6.9,22,Monday,5,Spring
2023-05-22 23:00:00,6200.0,7.8,23,Monday,5,Spring
2023-05-23 00:00:00,6200.0,7.9,0,Tuesday,5,Spring
2023-05-23 01:00:00,6200.0,8.1,1,Tuesday,5,Spring
2023-05-23 02:00:00,5675.8,11.8,2,Tuesday,5,Spring
2023-05-23 03:00:00,5387.9,8.6,3,Tuesday,5,Spring
2023-05-23 04:00:00,5366.9,5.0,4,Tuesday,5,Spring
2023-05-23 05:00:00,4704.5,7.2,5,Tuesday,5,Spring
2023-05-23 06:00:00,4477.6,5.1,6,Tuesday,5,Spring
2023-05-23 07:00:00,4321.2,7.5,7,Tuesday,5,Spring
2023-05-23 08:00:00,4298.1,5.0,8,Tuesday,5,Spring
2023-05-23 09:00:00,4187.7,6.7,9,Tuesday,5,Spring
2023-05-23 10:00:00,4073.6,5.7,10,Tuesday,5,Spring
2023-05-23 11:00:00,4279.5,8.6,11,Tuesday,5,Spring
2023-05-23 12:00:00,4471.4,8.0,12,Tuesday,5,Spring
2023-05-23 13:00:00,4796.9,8.5,13,Tuesday,5,Spring
2023-05-23 14:00:00,5175.8,7.9,14,Tuesday,5,Spring
2023-05-23 15:00:00,5535.5,5.9,15,Tuesday,5,Spring
2023-05-23 16:00:00,5621.2,8.8,16,Tuesday,5,Spring
2023-05-23 17:00:00,6200.0,10.9,17,Tuesday,5,Spring
2023-05-23 18:00:00,6200.0,8.6,18,Tuesday,5,Spring
2023-05-23 19:00:00,6200.0,7.4,19,Tuesday,5,Spring
2023-05-23 20:00:00,6200.0,5.9,20,Tuesday,5,Spring
2023-05-23 21:00:00,6200.0,6.7,21,Tuesday,5,Spring
2023-05-23 22:00:00,6200.0,8.7,22,Tuesday,5,Spring
2023-05-23 23:00:00,6200.0,9.6,23,Tuesday,5,Spring
2023-05-24 00:00:00,6200.0,8.5,0,Wednesday,5,Spring
2023-05-24 01:00:00,6080.3,9.3,1,Wednesday,5,Spring
2023-05-24 02:00:00,6115.3,9.2,2,Wednesday,5,Spring
2023-05-24 03:00:00,5576.6,8.9,3,Wednesday,5,Spring
2023-05-24 04:00:00,5197.7,7.2,4,Wednesday,5,Spring
2023-05-24 05:00:00,4661.9,8.4,5,Wednesday,5,Spring
2023-05-24 06:00:00,4404.0,6.9,6,Wednesday,5,Spring
2023-05-24 07:00:00,4379.0,8.2,7,Wednesday,5,Spring
2023-05-24 08:00:00,4234.7,8.6,8,Wednesday,5,Spring
2023-05-24 09:00:00,4111.6,10.7,9,Wednesday,5,Spring
2023-05-24 10:00:00,4234.2,6.2,10,Wednesday,5,Spring
2023-05-24 11:00:00,4519.9,8.9,11,Wednesday,5,Spring
2023-05-24 12:00:00,4629.9,10.4,12,Wednesday,5,Spring
2023-05-24 13:00:00,4679.9,9.3,13,Wednesday,5,Spring
2023-05-24 14:00:00,5118.9,9.4,14,Wednesday,5,Spring
2023-05-24 15:00:00,5380.4,9.0,15,Wednesday,5,Spring
2023-05-24 16:00:00,5838.8,10.1,16,Wednesday,5,Spring
2023-05-24 17:00:00,6200.0,6.5,17,Wednesday,5,Spring
2023-05-24 18:00:00,6200.0,6.1,18,Wednesday,5,Spring
2023-05-24 19:00:00,6200.0,8.1,19,Wednesday,5,Spring
2023-05-24 20:00:00,6200.0,4.9,20,Wednesday,5,Spring
2023-05-24 21:00:00,6200.0,10.0,21,Wednesday,5,Spring
2023-05-24 22:00:00,6200.0,10.0,22,Wednesday,5,Spring
2023-05-24 23:00:00,6200.0,7.5,23,Wednesday,5,Spring
2023-05-25 00:00:00,6200.0,7.7,0,Thursday,5,Spring
2023-05-25 01:00:00,6051.4,8.2,1,Thursday,5,Spring
2023-05-25 02:00:00,5802.3,8.3,2,Thursday,5,Spring
2023-05-25 03:00:00,5307.4,8.5,3,Thursday,5,Spring
2023-05-25 04:00:00,5353.4,9.1,4,Thursday,5,Spring
2023-05-25 05:00:00,5055.2,8.0,5,Thursday,5,Spring
2023-05-25 06:00:00,4578.6,9.7,6,Thursday,5,Spring
2023-05-25 07:00:00,4468.4,8.9,7,Thursday,5,Spring
2023-05-25 08:00:00,4247.3,7.4,8,Thursday,5,Spring
2023-05-25 09:00:00,4045.2,10.3,9,Thursday,5,Spring
2023-05-25 10:00:00,4185.2,6.2,10,Thursday,5,Spring
2023-05-25 11:00:00,4371.3,8.1,11,Thursday,5,Spring
2023-05-25 12:00:00,4509.1,9.7,12,Thursday,5,Spring
2023-05-25 13:00:00,4801.7,7.2,13,Thursday,5,Spring
2023-05-25 14:00:00,5132.9,8.7,14,Thursday,5,Spring
2023-05-25 15:00:00,5492.0,9.1,15,Thursday,5,Spring
2023-05-25 16:00:00,5916.9,7.0,16,Thursday,5,Spring
2023-05-25 17:00:00,6200.0,8.2,17,Thursday,5,Spring
2023-05-25 18:00:00,6200.0,8.0,18,Thursday,5,Spring
2023-05-25 19:00:00,6200.0,7.4,19,Thursday,5,Spring
2023-05-25 20:00:00,6200.0,11.7,20,Thursday,5,Spring
2023-05-25 21:00:00,6200.0,7.1,21,Thursday,5,Spring
2023-05-25 22:00:00,6200.0,9.8,22,Thursday,5,Spring
2023-05-25 23:00:00,6200.0,7.7,23,Thursday,5,Spring
2023-05-26 00:00:00,6200.0,6.8,0,Friday,5,Spring
2023-05-26 01:00:00,5723.6,8.5,1,Friday,5,Spring
2023-05-26 02:00:00,5759.5,9.4,2,Friday,5,Spring
2023-05-26 03:00:00,5470.6,9.8,3,Friday,5,Spring
2023-05-26 04:00:00,5016.7,10.7,4,Friday,5,Spring
2023-05-26 05:00:00,4774.4,12.8,5,Friday,5,Spring
2023-05-26 06:00:00,4745.4,8.8,6,Friday,5,Spring
2023-05-26 07:00:00,4438.9,7.4,7,Friday,5,Spring
2023-05-26 08:00:00,4139.9,9.1,8,Friday,5,Spring
2023-05-26 09:00:00,4026.6,8.0,9,Friday,5,Spring
2023-05-26 10:00:00,4203.2,9.8,10,Friday,5,Spring
2023-05-26 11:00:00,4343.0,6.4,11,Friday,5,Spring
2023-05-26 12:00:00,4627.5,11.9,12,Friday,5,Spring
2023-05-26 13:00:00,4773.7,9.7,13,Friday,5,Spring
2023-05-26 14:00:00,5221.7,5.9,14,Friday,5,Spring
2023-05-26 15:00:00,5781.8,7.3,15,Friday,5,Spring
2023-05-26 16:00:00,6042.6,9.6,16,Friday,5,Spring
2023-05-26 17:00:00,6200.0,10.1,17,Friday,5,Spring
2023-05-26 18:00:00,6200.0,6.5,18,Friday,5,Spring
2023-05-26 19:00:00,6200.0,9.5,19,Friday,5,Spring
2023-05-26 20:00:00,6200.0,5.5,20,Friday,5,Spring
2023-05-26 21:00:00,6200.0,8.2,21,Friday,5,Spring
2023-05-26 22:00:00,6200.0,10.1,22,Friday,5,Spring
2023-05-26 23:00:00,6200.0,7.6,23,Friday,5,Spring
2023-05-27 00:00:00,6200.0,6.2,0,Saturday,5,Spring
2023-05-27 01:00:00,5924.2,8.7,1,Saturday,5,Spring
2023-05-27 02:00:00,5871.1,7.6,2,Saturday,5,Spring
2023-05-27 03:00:00,5482.4,9.5,3,Saturday,5,Spring
2023-05-27 04:00:00,5221.9,7.2,4,Saturday,5,Spring
2023-05-27 05:00:00,4782.1,7.3,5,Saturday,5,Spring
2023-05-27 06:00:00,4719.8,5.5,6,Saturday,5,Spring
2023-05-27 07:00:00,4279.4,8.8,7,Saturday,5,Spring
2023-05-27 08:00:00,4428.4,8.3,8,Saturday,5,Spring
2023-05-27 09:00:00,4019.2,6.7,9,Saturday,5,Spring
2023-05-27 10:00:00,4292.8,8.8,10,Saturday,5,Spring
2023-05-27 11:00:00,4427.4,10.0,11,Saturday,5,Spring
2023-05-27 12:00:00,4489.2,8.2,12,Saturday,5,Spring
2023-05-27 13:00:00,4900.0,8.9,13,Saturday,5,Spring
2023-05-27 14:00:00,5331.7,8.9,14,Saturday,5,Spring
2023-05-27 15:00:00,5220.2,6.7,15,Saturday,5,Spring
2023-05-27 16:00:00,6008.7,11.6,16,Saturday,5,Spring
2023-05-27 17:00:00,5999.9,7.8,17,Saturday,5,Spring
2023-05-27 18:00:00,6200.0,9.5,18,Saturday,5,Spring
2023-05-27 19:00:00,6200.0,9.7,19,Saturday,5,Spring
2023-05-27 20:00:00,6200.0,8.3,20,Saturday,5,Spring
2023-05-27 21:00:00,6200.0,9.4,21,Saturday,5,Spring
2023-05-27 22:00:00,6200.0,8.9,22,Saturday,5,Spring
2023-05-27 23:00:00,6200.0,6.4,23,Saturday,5,Spring
2023-05-28 00:00:00,6120.5,8.1,0,Sunday,5,Spring
2023-05-28 01:00:00,5985.4,7.7,1,Sunday,5,Spring
2023-05-28 02:00:00,6054.2,7.9,2,Sunday,5,Spring
2023-05-28 03:00:00,5757.2,6.7,3,Sunday,5,Spring
2023-05-28 04:00:00,5154.3,10.3,4,Sunday,5,Spring
2023-05-28 05:00:00,4706.0,11.0,5,Sunday,5,Spring
2023-05-28 06:00:00,4829.6,10.1,6,Sunday,5,Spring
2023-05-28 07:00:00,4558.8,10.5,7,Sunday,5,Spring
2023-05-28 08:00:00,4327.4,8.1,8,Sunday,5,Spring
2023-05-28 09:00:00,4125.6,7.7,9,Sunday,5,Spring
2023-05-28 10:00:00,4249.9,7.5,10,Sunday,5,Spring
2023-05-28 11:00:00,4366.5,9.6,11,Sunday,5,Spring
2023-05-28 12:00:00,4627.4,9.0,12,Sunday,5,Spring
2023-05-28 13:00:00,5034.4,8.5,13,Sunday,5,Spring
2023-05-28 14:00:00,5290.5,10.6,14,Sunday,5,Spring
2023-05-28 15:00:00,5388.3,9.2,15,Sunday,5,Spring
2023-05-28 16:00:00,6150.6,7.4,16,Sunday,5,Spring
2023-05-28 17:00:00,6200.0,7.6,17,Sunday,5,Spring
2023-05-28 18:00:00,6200.0,9.7,18,Sunday,5,Spring
2023-05-28 19:00:00,6200.0,10.2,19,Sunday,5,Spring
2023-05-28 20:00:00,6200.0,9.5,20,Sunday,5,Spring
2023-05-28 21:00:00,6200.0,11.5,21,Sunday,5,Spring
2023-05-28 22:00:00,6200.0,11.1,22,Sunday,5,Spring
2023-05-28 23:00:00,6200.0,9.3,23,Sunday,5,Spring
2023-05-29 00:00:00,6200.0,7.5,0,Monday,5,Spring
2023-05-29 01:00:00,6200.0,6.8,1,Monday,5,Spring
2023-05-29 02:00:00,5577.9,8.2,2,Monday,5,Spring
2023-05-29 03:00:00,5507.8,9.9,3,Monday,5,Spring
2023-05-29 04:00:00,5260.5,11.5,4,Monday,5,Spring
2023-05-29 05:00:00,4880.7,9.4,5,Monday,5,Spring
2023-05-29 06:00:00,4584.9,10.5,6,Monday,5,Spring
2023-05-29 07:00:00,4249.8,8.4,7,Monday,5,Spring
2023-05-29 08:00:00,4288.1,9.7,8,Monday,5,Spring
2023-05-29 09:00:00,4139.4,10.0,9,Monday,5,Spring
2023-05-29 10:00:00,4029.9,5.8,10,Monday,5,Spring
2023-05-29 11:00:00,4523.7,8.1,11,Monday,5,Spring
2023-05-29 12:00:00,4708.4,10.2,12,Monday,5,Spring
2023-05-29 13:00:00,4873.8,9.2,13,Monday,5,Spring
2023-05-29 14:00:00,5216.3,7.0,14,Monday,5,Spring
2023-05-29 15:00:00,5697.1,5.1,15,Monday,5,Spring
2023-05-29 16:00:00,5990.8,8.2,16,Monday,5,Spring
2023-05-29 17:00:00,6200.0,8.7,17,Monday,5,Spring
2023-05-29 18:00:00,6200.0,7.4,18,Monday,5,Spring
2023-05-29 19:00:00,6200.0,9.0,19,Monday,5,Spring
2023-05-29 20:00:00,6200.0,9.5,20,Monday,5,Spring
2023-05-29 21:00:00,6200.0,9.8,21,Monday,5,Spring
2023-05-29 22:00:00,6200.0,5.2,22,Monday,5,Spring
2023-05-29 23:00:00,6200.0,6.8,23,Monday,5,Spring
2023-05-30 00:00:00,6200.0,8.4,0,Tuesday,5,Spring
2023-05-30 01:00:00,6071.5,9.8,1,Tuesday,5,Spring
2023-05-30 02:00:00,5738.2,9.6,2,Tuesday,5,Spring
2023-05-30 03:00:00,5375.1,9.6,3,Tuesday,5,Spring
2023-05-30 04:00:00,5462.6,8.3,4,Tuesday,5,Spring
2023-05-30 05:00:00,5036.9,8.4,5,Tuesday,5,Spring
2023-05-30 06:00:00,4827.5,7.8,6,Tuesday,5,Spring
2023-05-30 07:00:00,4266.0,10.1,7,Tuesday,5,Spring
2023-05-30 08:00:00,4278.7,7.5,8,Tuesday,5,Spring
2023-05-30 09:00:00,4090.3,10.2,9,Tuesday,5,Spring
2023-05-30 10:00:00,4196.8,9.2,10,Tuesday,5,Spring
2023-05-30 11:00:00,4299.5,8.8,11,Tuesday,5,Spring
2023-05-30 12:00:00,4749.4,7.9,12,Tuesday,5,Spring
2023-05-30 13:00:00,4828.1,6.9,13,Tuesday,5,Spring
2023-05-30 14:00:00,5334.9,7.9,14,Tuesday,5,Spring
2023-05-30 15:00:00,5642.2,8.4,15,Tuesday,5,Spring
2023-05-30 16:00:00,6200.0,5.3,16,Tuesday,5,Spring
2023-05-30 17:00:00,6197.6,8.6,17,Tuesday,5,Spring
2023-05-30 18:00:00,6200.0,10.3,18,Tuesday,5,Spring
2023-05-30 19:00:00,6200.0,9.8,19,Tuesday,5,Spring
2023-05-30 20:00:00,6200.0,8.2,20,Tuesday,5,Spring
2023-05-30 21:00:00,6200.0,9.0,21,Tuesday,5,Spring
2023-05-30 22:00:00,6200.0,8.1,22,Tuesday,5,Spring
2023-05-30 23:00:00,6200.0,9.1,23,Tuesday,5,Spring
2023-05-31 00:00:00,6200.0,11.3,0,Wednesday,5,Spring
2023-05-31 01:00:00,6069.7,10.5,1,Wednesday,5,Spring
2023-05-31 02:00:00,6168.5,9.8,2,Wednesday,5,Spring
2023-05-31 03:00:00,5532.1,8.3,3,Wednesday,5,Spring
2023-05-31 04:00:00,5297.7,10.2,4,Wednesday,5,Spring
2023-05-31 05:00:00,4786.6,6.5,5,Wednesday,5,Spring
2023-05-31 06:00:00,4524.5,8.7,6,Wednesday,5,Spring
2023-05-31 07:00:00,4527.4,9.9,7,Wednesday,5,Spring
2023-05-31 08:00:00,4134.2,10.1,8,Wednesday,5,Spring
2023-05-31 09:00:00,4190.4,10.0,9,Wednesday,5,Spring
2023-05-31 10:00:00,4282.2,9.5,10,Wednesday,5,Spring
2023-05-31 11:00:00,4420.5,8.7,11,Wednesday,5,Spring
2023-05-31 12:00:00,4594.0,9.8,12,Wednesday,5,Spring
2023-05-31 13:00:00,4933.3,7.6,13,Wednesday,5,Spring
2023-05-31 14:00:00,5295.4,7.8,14,Wednesday,5,Spring
2023-05-31 15:00:00,5670.3,9.1,15,Wednesday,5,Spring
2023-05-31 16:00:00,5831.4,9.3,16,Wednesday,5,Spring
2023-05-31 17:00:00,6200.0,6.3,17,Wednesday,5,Spring
2023-05-31 18:00:00,6200.0,9.7,18,Wednesday,5,Spring
2023-05-31 19:00:00,6200.0,10.2,19,Wednesday,5,Spring
2023-05-31 20:00:00,6200.0,8.9,20,Wednesday,5,Spring
2023-05-31 21:00:00,6200.0,12.6,21,Wednesday,5,Spring
2023-05-31 22:00:00,6200.0,8.0,22,Wednesday,5,Spring
2023-05-31 23:00:00,6200.0,8.5,23,Wednesday,5,Spring
2023-06-01 00:00:00,6200.0,14.6,0,Thursday,6,Summer
2023-06-01 01:00:00,6200.0,15.1,1,Thursday,6,Summer
2023-06-01 02:00:00,6042.8,14.7,2,Thursday,6,Summer
2023-06-01 03:00:00,5929.4,13.1,3,Thursday,6,Summer
2023-06-01 04:00:00,5254.3,14.4,4,Thursday,6,Summer
2023-06-01 05:00:00,5054.7,15.0,5,Thursday,6,Summer
2023-06-01 06:00:00,4925.6,17.0,6,Thursday,6,Summer
2023-06-01 07:00:00,4562.8,18.5,7,Thursday,6,Summer
2023-06-01 08:00:00,4473.5,17.2,8,Thursday,6,Summer
2023-06-01 09:00:00,4536.4,14.0,9,Thursday,6,Summer
2023-06-01 10:00:00,4547.4,14.1,10,Thursday,6,Summer
2023-06-01 11:00:00,4667.3,14.9,11,Thursday,6,Summer
2023-06-01 12:00:00,4812.4,17.9,12,Thursday,6,Summer
2023-06-01 13:00:00,5185.3,14.9,13,Thursday,6,Summer
2023-06-01 14:00:00,5457.7,13.2,14,Thursday,6,Summer
2023-06-01 15:00:00,5923.2,14.4,15,Thursday,6,Summer
2023-06-01 16:00:00,6200.0,16.3,16,Thursday,6,Summer
2023-06-01 17:00:00,6200.0,16.2,17,Thursday,6,Summer
2023-06-01 18:00:00,6200.0,14.9,18,Thursday,6,Summer
2023-06-01 19:00:00,6200.0,16.2,19,Thursday,6,Summer
2023-06-01 20:00:00,6200.0,11.8,20,Thursday,6,Summer
2023-06-01 21:00:00,6200.0,15.3,21,Thursday,6,Summer
2023-06-01 22:00:00,6200.0,16.5,22,Thursday,6,Summer
2023-06-01 23:00:00,6200.0,13.9,23,Thursday,6,Summer
2023-06-02 00:00:00,6200.0,14.1,0,Friday,6,Summer
2023-06-02 01:00:00,6200.0,12.5,1,Friday,6,Summer
2023-06-02 02:00:00,6200.0,17.7,2,Friday,6,Summer
2023-06-02 03:00:00,5907.8,14.2,3,Friday,6,Summer
2023-06-02 04:00:00,5534.6,15.7,4,Friday,6,Summer
2023-06-02 05:00:00,5037.9,16.2,5,Friday,6,Summer
2023-06-02 06:00:00,4879.1,17.6,6,Friday,6,Summer
2023-06-02 07:00:00,4686.0,15.1,7,Friday,6,Summer
2023-06-02 08:00:00,4508.0,14.5,8,Friday,6,Summer
2023-06-02 09:00:00,4227.9,15.6,9,Friday,6,Summer
2023-06-02 10:00:00,4525.3,17.2,10,Friday,6,Summer
2023-06-02 11:00:00,4900.6,15.1,11,Friday,6,Summer
2023-06-02 12:00:00,4817.5,13.9,12,Friday,6,Summer
2023-06-02 13:00:00,5052.3,13.0,13,Friday,6,Summer
2023-06-02 14:00:00,5534.5,13.5,14,Friday,6,Summer
2023-06-02 15:00:00,5911.3,16.6,15,Friday,6,Summer
2023-06-02 16:00:00,6200.0,14.8,16,Friday,6,Summer
2023-06-02 17:00:00,6200.0,14.4,17,Friday,6,Summer
2023-06-02 18:00:00,6200.0,14.2,18,Friday,6,Summer
2023-06-02 19:00:00,6200.0,15.4,19,Friday,6,Summer
2023-06-02 20:00:00,6200.0,15.0,20,Friday,6,Summer
2023-06-02 21:00:00,6200.0,14.9,21,Friday,6,Summer
2023-06-02 22:00:00,6200.0,17.3,22,Friday,6,Summer
2023-06-02 23:00:00,6200.0,17.6,23,Friday,6,Summer
2023-06-03 00:00:00,6200.0,13.0,0,Saturday,6,Summer
2023-06-03 01:00:00,6200.0,16.0,1,Saturday,6,Summer
2023-06-03 02:00:00,6180.7,14.3,2,Saturday,6,Summer
2023-06-03 03:00:00,5847.0,15.1,3,Saturday,6,Summer
2023-06-03 04:00:00,5492.0,15.9,4,Saturday,6,Summer
2023-06-03 05:00:00,5132.5,15.1,5,Saturday,6,Summer
2023-06-03 06:00:00,5013.3,15.8,6,Saturday,6,Summer
2023-06-03 07:00:00,4641.0,16.5,7,Saturday,6,Summer
2023-06-03 08:00:00,4387.6,15.9,8,Saturday,6,Summer
2023-06-03 09:00:00,4423.4,14.5,9,Saturday,6,Summer
2023-06-03 10:00:00,4534.1,14.5,10,Saturday,6,Summer
2023-06-03 11:00:00,4793.7,13.3,11,Saturday,6,Summer
2023-06-03 12:00:00,4942.0,14.2,12,Saturday,6,Summer
2023-06-03 13:00:00,5044.1,18.4,13,Saturday,6,Summer
2023-06-03 14:00:00,5832.8,14.3,14,Saturday,6,Summer
2023-06-03 15:00:00,5913.2,13.7,15,Saturday,6,Summer
2023-06-03 16:00:00,6200.0,15.9,16,Saturday,6,Summer
2023-06-03 17:00:00,6200.0,15.3,17,Saturday,6,Summer
2023-06-03 18:00:00,6200.0,15.2,18,Saturday,6,Summer
2023-06-03 19:00:00,6200.0,17.6,19,Saturday,6,Summer
2023-06-03 20:00:00,6200.0,16.3,20,Saturday,6,Summer
2023-06-03 21:00:00,6200.0,14.7,21,Saturday,6,Summer
2023-06-03 22:00:00,6200.0,14.8,22,Saturday,6,Summer
2023-06-03 23:00:00,6200.0,14.7,23,Saturday,6,Summer
2023-06-04 00:00:00,6200.0,16.9,0,Sunday,6,Summer
2023-06-04 01:00:00,6200.0,15.1,1,Sunday,6,Summer
2023-06-04 02:00:00,6200.0,12.9,2,Sunday,6,Summer
2023-06-04 03:00:00,5812.1,15.5,3,Sunday,6,Summer
2023-06-04 04:00:00,5636.0,13.3,4,Sunday,6,Summer
2023-06-04 05:00:00,5346.5,18.9,5,Sunday,6,Summer
2023-06-04 06:00:00,4763.6,14.2,6,Sunday,6,Summer
2023-06-04 07:00:00,4559.9,15.4,7,Sunday,6,Summer
2023-06-04 08:00:00,4504.5,16.0,8,Sunday,6,Summer
2023-06-04 09:00:00,4508.1,15.2,9,Sunday,6,Summer
2023-06-04 10:00:00,4461.1,15.2,10,Sunday,6,Summer
2023-06-04 11:00:00,4814.8,16.2,11,Sunday,6,Summer
2023-06-04 12:00:00,4927.2,17.9,12,Sunday,6,Summer
2023-06-04 13:00:00,5166.2,16.8,13,Sunday,6,Summer
2023-06-04 14:00:00,5302.0,17.8,14,Sunday,6,Summer
2023-06-04 15:00:00,5689.2,14.0,15,Sunday,6,Summer
2023-06-04 16:00:00,6200.0,16.1,16,Sunday,6,Summer
2023-06-04 17:00:00,6200.0,15.8,17,Sunday,6,Summer
2023-06-04 18:00:00,6200.0,16.1,18,Sunday,6,Summer
2023-06-04 19:00:00,6200.0,17.7,19,Sunday,6,Summer
2023-06-04 20:00:00,6200.0,15.3,20,Sunday,6,Summer
2023-06-04 21:00:00,6200.0,15.0,21,Sunday,6,Summer
2023-06-04 22:00:00,6200.0,16.4,22,Sunday,6,Summer
2023-06-04 23:00:00,6200.0,12.9,23,Sunday,6,Summer
2023-06-05 00:00:00,6200.0,15.4,0,Monday,6,Summer
2023-06-05 01:00:00,6200.0,15.6,1,Monday,6,Summer
2023-06-05 02:00:00,5953.6,14.4,2,Monday,6,Summer
2023-06-05 03:00:00,5591.2,17.3,3,Monday,6,Summer
2023-06-05 04:00:00,5411.7,14.2,4,Monday,6,Summer
2023-06-05 05:00:00,5241.4,15.6,5,Monday,6,Summer
2023-06-05 06:00:00,4942.4,16.2,6,Monday,6,Summer
2023-06-05 07:00:00,4788.4,17.8,7,Monday,6,Summer
2023-06-05 08:00:00,4390.7,15.7,8,Monday,6,Summer
2023-06-05 09:00:00,4220.3,17.2,9,Monday,6,Summer
2023-06-05 10:00:00,4623.6,16.8,10,Monday,6,Summer
2023-06-05 11:00:00,4567.1,15.9,11,Monday,6,Summer
2023-06-05 12:00:00,4635.7,14.1,12,Monday,6,Summer
2023-06-05 13:00:00,5186.8,13.6,13,Monday,6,Summer
2023-06-05 14:00:00,5616.1,15.9,14,Monday,6,Summer
2023-06-05 15:00:00,5872.7,14.9,15,Monday,6,Summer
2023-06-05 16:00:00,6200.0,17.1,16,Monday,6,Summer
2023-06-05 17:00:00,6200.0,16.9,17,Monday,6,Summer
2023-06-05 18:00:00,6200.0,15.5,18,Monday,6,Summer
2023-06-05 19:00:00,6200.0,14.0,19,Monday,6,Summer
2023-06-05 20:00:00,6200.0,16.5,20,Monday,6,Summer
2023-06-05 21:00:00,6200.0,14.2,21,Monday,6,Summer
2023-06-05 22:00:00,6200.0,14.6,22,Monday,6,Summer
2023-06-05 23:00:00,6200.0,14.3,23,Monday,6,Summer
2023-06-06 00:00:00,6200.0,15.7,0,Tuesday,6,Summer
2023-06-06 01:00:00,6200.0,17.7,1,Tuesday,6,Summer
2023-06-06 02:00:00,5877.4,15.9,2,Tuesday,6,Summer
2023-06-06 03:00:00,5886.1,15.2,3,Tuesday,6,Summer
2023-06-06 04:00:00,5700.8,13.6,4,Tuesday,6,Summer
2023-06-06 05:00:00,4982.0,16.7,5,Tuesday,6,Summer
2023-06-06 06:00:00,4816.4,14.7,6,Tuesday,6,Summer
2023-06-06 07:00:00,4708.0,16.1,7,Tuesday,6,Summer
2023-06-06 08:00:00,4674.2,15.4,8,Tuesday,6,Summer
2023-06-06 09:00:00,4435.1,17.2,9,Tuesday,6,Summer
2023-06-06 10:00:00,4453.8,15.7,10,Tuesday,6,Summer
2023-06-06 11:00:00,4439.7,15.8,11,Tuesday,6,Summer
2023-06-06 12:00:00,4900.9,16.6,12,Tuesday,6,Summer
2023-06-06 13:00:00,5438.7,19.1,13,Tuesday,6,Summer
2023-06-06 14:00:00,5552.1,17.2,14,Tuesday,6,Summer
2023-06-06 15:00:00,5894.8,15.8,15,Tuesday,6,Summer
2023-06-06 16:00:00,6200.0,15.9,16,Tuesday,6,Summer
2023-06-06 17:00:00,6200.0,15.1,17,Tuesday,6,Summer
2023-06-06 18:00:00,6200.0,14.5,18,Tuesday,6,Summer
2023-06-06 19:00:00,6200.0,15.1,19,Tuesday,6,Summer
2023-06-06 20:00:00,6200.0,14.7,20,Tuesday,6,Summer
2023-06-06 21:00:00,6200.0,16.9,21,Tuesday,6,Summer
2023-06-06 22:00:00,6200.0,14.3,22,Tuesday,6,Summer
2023-06-06 23:00:00,6200.0,17.9,23,Tuesday,6,Summer
2023-06-07 00:00:00,6200.0,17.2,0,Wednesday,6,Summer
2023-06-07 01:00:00,6200.0,16.1,1,Wednesday,6,Summer
2023-06-07 02:00:00,6200.0,16.1,2,Wednesday,6,Summer
2023-06-07 03:00:00,5793.9,15.2,3,Wednesday,6,Summer
2023-06-07 04:00:00,5403.0,16.5,4,Wednesday,6,Summer
2023-06-07 05:00:00,5080.4,17.7,5,Wednesday,6,Summer
2023-06-07 06:00:00,4677.1,15.0,6,Wednesday,6,Summer
2023-06-07 07:00:00,4730.2,13.8,7,Wednesday,6,Summer
2023-06-07 08:00:00,4329.9,17.1,8,Wednesday,6,Summer
2023-06-07 09:00:00,4352.8,16.5,9,Wednesday,6,Summer
2023-06-07 10:00:00,4302.1,14.4,10,Wednesday,6,Summer
2023-06-07 11:00:00,4665.0,15.0,11,Wednesday,6,Summer
2023-06-07 12:00:00,4875.7,14.8,12,Wednesday,6,Summer
2023-06-07 13:00:00,5138.4,15.0,13,Wednesday,6,Summer
2023-06-07 14:00:00,5376.5,15.6,14,Wednesday,6,Summer
2023-06-07 15:00:00,5732.0,15.7,15,Wednesday,6,Summer
2023-06-07 16:00:00,6200.0,15.1,16,Wednesday,6,Summer
2023-06-07 17:00:00,6200.0,14.9,17,Wednesday,6,Summer
2023-06-07 18:00:00,6200.0,15.7,18,Wednesday,6,Summer
2023-06-07 19:00:00,6200.0,16.3,19,Wednesday,6,Summer
2023-06-07 20:00:00,6200.0,15.6,20,Wednesday,6,Summer
2023-06-07 21:00:00,6200.0,17.8,21,Wednesday,6,Summer
2023-06-07 22:00:00,6200.0,16.8,22,Wednesday,6,Summer
2023-06-07 23:00:00,6200.0,13.7,23,Wednesday,6,Summer
2023-06-08 00:00:00,6200.0,17.0,0,Thursday,6,Summer
2023-06-08 01:00:00,6200.0,17.1,1,Thursday,6,Summer
2023-06-08 02:00:00,6200.0,15.6,2,Thursday,6,Summer
2023-06-08 03:00:00,5825.5,14.0,3,Thursday,6,Summer
2023-06-08 04:00:00,5494.1,16.2,4,Thursday,6,Summer
2023-06-08 05:00:00,5212.0,16.2,5,Thursday,6,Summer
2023-06-08 06:00:00,4777.5,14.5,6,Thursday,6,Summer
2023-06-08 07:00:00,4561.4,14.0,7,Thursday,6,Summer
2023-06-08 08:00:00,4384.9,16.1,8,Thursday,6,Summer
2023-06-08 09:00:00,4315.8,15.9,9,Thursday,6,Summer
2023-06-08 10:00:00,4404.4,15.6,10,Thursday,6,Summer
2023-06-08 11:00:00,4698.9,16.1,11,Thursday,6,Summer
2023-06-08 12:00:00,4790.1,14.6,12,Thursday,6,Summer
2023-06-08 13:00:00,5253.0,15.6,13,Thursday,6,Summer
2023-06-08 14:00:00,5531.2,17.0,14,Thursday,6,Summer
2023-06-08 15:00:00,5620.7,15.7,15,Thursday,6,Summer
2023-06-08 16:00:00,6200.0,13.7,16,Thursday,6,Summer
2023-06-08 17:00:00,6200.0,15.5,17,Thursday,6,Summer
2023-06-08 18:00:00,6200.0,14.6,18,Thursday,6,Summer
2023-06-08 19:00:00,6200.0,16.6,19,Thursday,6,Summer
2023-06-08 20:00:00,6200.0,16.7,20,Thursday,6,Summer
2023-06-08 21:00:00,6200.0,13.7,21,Thursday,6,Summer
2023-06-08 22:00:00,6200.0,17.4,22,Thursday,6,Summer
2023-06-08 23:00:00,6200.0,14.5,23,Thursday,6,Summer
2023-06-09 00:00:00,6200.0,18.7,0,Friday,6,Summer
2023-06-09 01:00:00,6200.0,16.3,1,Friday,6,Summer
2023-06-09 02:00:00,6174.3,14.5,2,Friday,6,Summer
2023-06-09 03:00:00,5705.3,14.7,3,Friday,6,Summer
2023-06-09 04:00:00,5467.2,16.9,4,Friday,6,Summer
2023-06-09 05:00:00,5224.7,15.8,5,Friday,6,Summer
2023-06-09 06:00:00,4898.7,16.2,6,Friday,6,Summer
2023-06-09 07:00:00,4706.4,18.8,7,Friday,6,Summer
2023-06-09 08:00:00,4471.1,15.3,8,Friday,6,Summer
2023-06-09 09:00:00,4632.1,16.5,9,Friday,6,Summer
2023-06-09 10:00:00,4413.5,18.5,10,Friday,6,Summer
2023-06-09 11:00:00,4742.1,16.8,11,Friday,6,Summer
2023-06-09 12:00:00,5049.4,14.0,12,Friday,6,Summer
2023-06-09 13:00:00,5254.1,17.1,13,Friday,6,Summer
2023-06-09 14:00:00,5504.1,14.6,14,Friday,6,Summer
2023-06-09 15:00:00,5839.5,18.5,15,Friday,6,Summer
2023-06-09 16:00:00,6200.0,15.1,16,Friday,6,Summer
2023-06-09 17:00:00,6200.0,20.8,17,Friday,6,Summer
2023-06-09 18:00:00,6200.0,18.6,18,Friday,6,Summer
2023-06-09 19:00:00,6200.0,15.2,19,Friday,6,Summer
2023-06-09 20:00:00,6200.0,16.4,20,Friday,6,Summer
2023-06-09 21:00:00,6200.0,17.5,21,Friday,6,Summer
2023-06-09 22:00:00,6200.0,17.6,22,Friday,6,Summer
2023-06-09 23:00:00,6200.0,17.0,23,Friday,6,Summer
2023-06-10 00:00:00,6200.0,18.4,0,Saturday,6,Summer
2023-06-10 01:00:00,6200.0,16.4,1,Saturday,6,Summer
2023-06-10 02:00:00,6200.0,16.0,2,Saturday,6,Summer
2023-06-10 03:00:00,5683.1,16.0,3,Saturday,6,Summer
2023-06-10 04:00:00,5749.9,17.8,4,Saturday,6,Summer
2023-06-10 05:00:00,5302.2,17.1,5,Saturday,6,Summer
2023-06-10 06:00:00,5042.6,17.0,6,Saturday,6,Summer
2023-06-10 07:00:00,4635.1,17.7,7,Saturday,6,Summer
2023-06-10 08:00:00,4534.4,13.5,8,Saturday,6,Summer
2023-06-10 09:00:00,4343.1,17.0,9,Saturday,6,Summer
2023-06-10 10:00:00,4491.8,16.9,10,Saturday,6,Summer
2023-06-10 11:00:00,4747.3,19.0,11,Saturday,6,Summer
2023-06-10 12:00:00,5068.1,14.2,12,Saturday,6,Summer
2023-06-10 13:00:00,5052.7,18.9,13,Saturday,6,Summer
2023-06-10 14:00:00,5486.7,16.6,14,Saturday,6,Summer
2023-06-10 15:00:00,5900.8,17.3,15,Saturday,6,Summer
2023-06-10 16:00:00,6138.2,19.0,16,Saturday,6,Summer
2023-06-10 17:00:00,6200.0,17.4,17,Saturday,6,Summer
2023-06-10 18:00:00,6200.0,17.1,18,Saturday,6,Summer
2023-06-10 19:00:00,6200.0,16.9,19,Saturday,6,Summer
2023-06-10 20:00:00,6200.0,15.8,20,Saturday,6,Summer
2023-06-10 21:00:00,6200.0,16.5,21,Saturday,6,Summer
2023-06-10 22:00:00,6200.0,15.5,22,Saturday,6,Summer
2023-06-10 23:00:00,6200.0,16.5,23,Saturday,6,Summer
2023-06-11 00:00:00,6200.0,13.2,0,Sunday,6,Summer
2023-06-11 01:00:00,6200.0,17.3,1,Sunday,6,Summer
2023-06-11 02:00:00,6200.0,16.5,2,Sunday,6,Summer
2023-06-11 03:00:00,6133.4,16.2,3,Sunday,6,Summer
2023-06-11 04:00:00,5551.7,17.0,4,Sunday,6,Summer
2023-06-11 05:00:00,5328.6,14.5,5,Sunday,6,Summer
2023-06-11 06:00:00,4742.2,19.6,6,Sunday,6,Summer
2023-06-11 07:00:00,4711.9,16.5,7,Sunday,6,Summer
2023-06-11 08:00:00,4430.4,16.5,8,Sunday,6,Summer
2023-06-11 09:00:00,4341.9,15.3,9,Sunday,6,Summer
2023-06-11 10:00:00,4471.2,16.7,10,Sunday,6,Summer
2023-06-11 11:00:00,4833.3,18.8,11,Sunday,6,Summer
2023-06-11 12:00:00,5030.0,18.3,12,Sunday,6,Summer
2023-06-11 13:00:00,5232.6,18.0,13,Sunday,6,Summer
2023-06-11 14:00:00,5329.7,17.5,14,Sunday,6,Summer
2023-06-11 15:00:00,5899.2,16.2,15,Sunday,6,Summer
2023-06-11 16:00:00,6200.0,14.5,16,Sunday,6,Summer
2023-06-11 17:00:00,6200.0,16.4,17,Sunday,6,Summer
2023-06-11 18:00:00,6200.0,16.3,18,Sunday,6,Summer
2023-06-11 19:00:00,6200.0,18.3,19,Sunday,6,Summer
2023-06-11 20:00:00,6200.0,17.2,20,Sunday,6,Summer
2023-06-11 21:00:00,6200.0,19.1,21,Sunday,6,Summer
2023-06-11 22:00:00,6200.0,18.5,22,Sunday,6,Summer
2023-06-11 23:00:00,6200.0,16.0,23,Sunday,6,Summer
2023-06-12 00:00:00,6200.0,14.2,0,Monday,6,Summer
2023-06-12 01:00:00,6200.0,18.9,1,Monday,6,Summer
2023-06-12 02:00:00,6200.0,18.9,2,Monday,6,Summer
2023-06-12 03:00:00,5980.3,14.8,3,Monday,6,Summer
2023-06-12 04:00:00,5425.9,19.1,4,Monday,6,Summer
2023-06-12 05:00:00,4955.0,17.4,5,Monday,6,Summer
2023-06-12 06:00:00,4868.5,17.1,6,Monday,6,Summer
2023-06-12 07:00:00,4814.7,19.3,7,Monday,6,Summer
2023-06-12 08:00:00,4717.8,18.9,8,Monday,6,Summer
2023-06-12 09:00:00,4592.0,17.8,9,Monday,6,Summer
2023-06-12 10:00:00,4607.9,17.6,10,Monday,6,Summer
2023-06-12 11:00:00,4741.7,17.8,11,Monday,6,Summer
2023-06-12 12:00:00,4848.7,16.3,12,Monday,6,Summer
2023-06-12 13:00:00,5188.1,16.8,13,Monday,6,Summer
2023-06-12 14:00:00,5777.8,15.5,14,Monday,6,Summer
2023-06-12 15:00:00,5793.1,16.4,15,Monday,6,Summer
2023-06-12 16:00:00,6200.0,16.3,16,Monday,6,Summer
2023-06-12 17:00:00,6200.0,15.9,17,Monday,6,Summer
2023-06-12 18:00:00,6200.0,17.1,18,Monday,6,Summer
2023-06-12 19:00:00,6200.0,16.4,19,Monday,6,Summer
2023-06-12 20:00:00,6200.0,17.6,20,Monday,6,Summer
2023-06-12 21:00:00,6200.0,14.4,21,Monday,6,Summer
2023-06-12 22:00:00,6200.0,16.7,22,Monday,6,Summer
2023-06-12 23:00:00,6200.0,17.1,23,Monday,6,Summer
2023-06-13 00:00:00,6200.0,16.6,0,Tuesday,6,Summer
2023-06-13 01:00:00,6200.0,16.8,1,Tuesday,6,Summer
2023-06-13 02:00:00,6022.2,14.7,2,Tuesday,6,Summer
2023-06-13 03:00:00,5885.0,17.6,3,Tuesday,6,Summer
2023-06-13 04:00:00,5528.4,18.0,4,Tuesday,6,Summer
2023-06-13 05:00:00,5278.1,17.8,5,Tuesday,6,Summer
2023-06-13 06:00:00,5037.0,18.6,6,Tuesday,6,Summer
2023-06-13 07:00:00,4693.4,17.3,7,Tuesday,6,Summer
2023-06-13 08:00:00,4773.7,17.7,8,Tuesday,6,Summer
2023-06-13 09:00:00,4540.3,17.3,9,Tuesday,6,Summer
2023-06-13 10:00:00,4522.6,18.1,10,Tuesday,6,Summer
2023-06-13 11:00:00,4511.0,14.7,11,Tuesday,6,Summer
2023-06-13 12:00:00,4888.2,15.7,12,Tuesday,6,Summer
2023-06-13 13:00:00,5164.9,19.4,13,Tuesday,6,Summer
2023-06-13 14:00:00,5683.4,13.3,14,Tuesday,6,Summer
2023-06-13 15:00:00,6005.6,16.8,15,Tuesday,6,Summer
2023-06-13 16:00:00,6187.0,18.8,16,Tuesday,6,Summer
2023-06-13 17:00:00,6200.0,16.9,17,Tuesday,6,Summer
2023-06-13 18:00:00,6200.0,16.4,18,Tuesday,6,Summer
2023-06-13 19:00:00,6200.0,17.2,19,Tuesday,6,Summer
2023-06-13 20:00:00,6200.0,16.5,20,Tuesday,6,Summer
2023-06-13 21:00:00,6200.0,17.1,21,Tuesday,6,Summer
2023-06-13 22:00:00,6200.0,16.0,22,Tuesday,6,Summer
2023-06-13 23:00:00,6200.0,18.7,23,Tuesday,6,Summer
2023-06-14 00:00:00,6200.0,19.3,0,Wednesday,6,Summer
2023-06-14 01:00:00,6200.0,17.0,1,Wednesday,6,Summer
2023-06-14 02:00:00,6200.0,15.1,2,Wednesday,6,Summer
2023-06-14 03:00:00,5788.2,16.4,3,Wednesday,6,Summer
2023-06-14 04:00:00,5596.4,16.9,4,Wednesday,6,Summer
2023-06-14 05:00:00,5370.2,18.0,5,Wednesday,6,Summer
2023-06-14 06:00:00,4849.8,15.7,6,Wednesday,6,Summer
2023-06-14 07:00:00,4422.2,16.0,7,Wednesday,6,Summer
2023-06-14 08:00:00,4517.9,18.0,8,Wednesday,6,Summer
2023-06-14 09:00:00,4620.9,18.6,9,Wednesday,6,Summer
2023-06-14 10:00:00,4626.3,16.3,10,Wednesday,6,Summer
2023-06-14 11:00:00,4753.6,15.2,11,Wednesday,6,Summer
2023-06-14 12:00:00,4889.1,22.1,12,Wednesday,6,Summer
2023-06-14 13:00:00,5045.2,18.4,13,Wednesday,6,Summer
2023-06-14 14:00:00,5625.1,16.8,14,Wednesday,6,Summer
2023-06-14 15:00:00,5816.7,18.5,15,Wednesday,6,Summer
2023-06-14 16:00:00,6200.0,17.0,16,Wednesday,6,Summer
2023-06-14 17:00:00,6200.0,18.5,17,Wednesday,6,Summer
2023-06-14 18:00:00,6200.0,17.4,18,Wednesday,6,Summer
2023-06-14 19:00:00,6200.0,17.3,19,Wednesday,6,Summer
2023-06-14 20:00:00,6200.0,17.0,20,Wednesday,6,Summer
2023-06-14 21:00:00,6200.0,15.0,21,Wednesday,6,Summer
2023-06-14 22:00:00,6200.0,20.1,22,Wednesday,6,Summer
2023-06-14 23:00:00,6200.0,15.8,23,Wednesday,6,Summer
2023-06-15 00:00:00,6200.0,15.3,0,Thursday,6,Summer
2023-06-15 01:00:00,6200.0,17.1,1,Thursday,6,Summer
2023-06-15 02:00:00,6200.0,15.9,2,Thursday,6,Summer
2023-06-15 03:00:00,6018.8,17.3,3,Thursday,6,Summer
2023-06-15 04:00:00,5462.5,18.4,4,Thursday,6,Summer
2023-06-15 05:00:00,5260.1,18.9,5,Thursday,6,Summer
2023-06-15 06:00:00,4964.2,18.6,6,Thursday,6,Summer
2023-06-15 07:00:00,4483.4,16.9,7,Thursday,6,Summer
2023-06-15 08:00:00,4797.4,17.4,8,Thursday,6,Summer
2023-06-15 09:00:00,4666.0,18.0,9,Thursday,6,Summer
2023-06-15 10:00:00,4522.0,14.7,10,Thursday,6,Summer
2023-06-15 11:00:00,4576.1,18.2,11,Thursday,6,Summer
2023-06-15 12:00:00,4968.9,15.2,12,Thursday,6,Summer
2023-06-15 13:00:00,5225.9,20.4,13,Thursday,6,Summer
2023-06-15 14:00:00,5605.9,16.8,14,Thursday,6,Summer
2023-06-15 15:00:00,5972.2,17.1,15,Thursday,6,Summer
2023-06-15 16:00:00,6200.0,16.2,16,Thursday,6,Summer
2023-06-15 17:00:00,6200.0,16.4,17,Thursday,6,Summer
2023-06-15 18:00:00,6200.0,20.8,18,Thursday,6,Summer
2023-06-15 19:00:00,6200.0,18.8,19,Thursday,6,Summer
2023-06-15 20:00:00,6200.0,15.0,20,Thursday,6,Summer
2023-06-15 21:00:00,6200.0,19.6,21,Thursday,6,Summer
2023-06-15 22:00:00,6200.0,19.2,22,Thursday,6,Summer
2023-06-15 23:00:00,6200.0,16.9,23,Thursday,6,Summer
2023-06-16 00:00:00,6200.0,18.0,0,Friday,6,Summer
2023-06-16 01:00:00,6200.0,17.5,1,Friday,6,Summer
2023-06-16 02:00:00,6200.0,20.5,2,Friday,6,Summer
2023-06-16 03:00:00,5827.0,16.3,3,Friday,6,Summer
2023-06-16 04:00:00,5816.2,17.8,4,Friday,6,Summer
2023-06-16 05:00:00,5114.1,16.9,5,Friday,6,Summer
2023-06-16 06:00:00,4720.0,15.4,6,Friday,6,Summer
2023-06-16 07:00:00,4652.4,20.8,7,Friday,6,Summer
2023-06-16 08:00:00,4343.7,15.8,8,Friday,6,Summer
2023-06-16 09:00:00,4607.1,17.9,9,Friday,6,Summer
2023-06-16 10:00:00,4333.5,14.9,10,Friday,6,Summer
2023-06-16 11:00:00,4711.2,16.9,11,Friday,6,Summer
2023-06-16 12:00:00,4672.4,18.2,12,Friday,6,Summer
2023-06-16 13:00:00,5175.2,16.3,13,Friday,6,Summer
2023-06-16 14:00:00,5787.4,18.4,14,Friday,6,Summer
2023-06-16 15:00:00,6000.1,17.1,15,Friday,6,Summer
2023-06-16 16:00:00,6200.0,19.3,16,Friday,6,Summer
2023-06-16 17:00:00,6200.0,19.6,17,Friday,6,Summer
2023-06-16 18:00:00,6200.0,16.7,18,Friday,6,Summer
2023-06-16 19:00:00,6200.0,17.7,19,Friday,6,Summer
2023-06-16 20:00:00,6200.0,17.8,20,Friday,6,Summer
2023-06-16 21:00:00,6200.0,18.5,21,Friday,6,Summer
2023-06-16 22:00:00,6200.0,17.6,22,Friday,6,Summer
2023-06-16 23:00:00,6200.0,17.8,23,Friday,6,Summer
2023-06-17 00:00:00,6200.0,17.4,0,Saturday,6,Summer
2023-06-17 01:00:00,6200.0,17.9,1,Saturday,6,Summer
2023-06-17 02:00:00,6200.0,19.7,2,Saturday,6,Summer
2023-06-17 03:00:00,5702.5,18.7,3,Saturday,6,Summer
2023-06-17 04:00:00,5414.7,18.8,4,Saturday,6,Summer
2023-06-17 05:00:00,5242.9,18.8,5,Saturday,6,Summer
2023-06-17 06:00:00,4920.1,17.5,6,Saturday,6,Summer
2023-06-17 07:00:00,4641.4,18.2,7,Saturday,6,Summer
2023-06-17 08:00:00,4516.1,16.1,8,Saturday,6,Summer
2023-06-17 09:00:00,4602.6,19.6,9,Saturday,6,Summer
2023-06-17 10:00:00,4511.9,13.5,10,Saturday,6,Summer
2023-06-17 11:00:00,4699.2,17.6,11,Saturday,6,Summer
2023-06-17 12:00:00,5197.6,19.4,12,Saturday,6,Summer
2023-06-17 13:00:00,5033.2,15.7,13,Saturday,6,Summer
2023-06-17 14:00:00,5303.6,18.3,14,Saturday,6,Summer
2023-06-17 15:00:00,6065.2,16.7,15,Saturday,6,Summer
2023-06-17 16:00:00,6200.0,17.2,16,Saturday,6,Summer
2023-06-17 17:00:00,6200.0,19.1,17,Saturday,6,Summer
2023-06-17 18:00:00,6200.0,18.0,18,Saturday,6,Summer
2023-06-17 19:00:00,6200.0,14.7,19,Saturday,6,Summer
2023-06-17 20:00:00,6200.0,16.3,20,Saturday,6,Summer
2023-06-17 21:00:00,6200.0,19.2,21,Saturday,6,Summer
2023-06-17 22:00:00,6200.0,18.4,22,Saturday,6,Summer
2023-06-17 23:00:00,6200.0,20.3,23,Saturday,6,Summer
2023-06-18 00:00:00,6200.0,20.4,0,Sunday,6,Summer
2023-06-18 01:00:00,6136.4,17.4,1,Sunday,6,Summer
2023-06-18 02:00:00,6143.9,21.7,2,Sunday,6,Summer
2023-06-18 03:00:00,6053.3,17.9,3,Sunday,6,Summer
2023-06-18 04:00:00,5624.7,16.5,4,Sunday,6,Summer
2023-06-18 05:00:00,5189.6,16.9,5,Sunday,6,Summer
2023-06-18 06:00:00,4928.5,14.5,6,Sunday,6,Summer
2023-06-18 07:00:00,4629.8,20.3,7,Sunday,6,Summer
2023-06-18 08:00:00,4595.8,20.3,8,Sunday,6,Summer
2023-06-18 09:00:00,4611.8,16.4,9,Sunday,6,Summer
2023-06-18 10:00:00,4387.7,17.6,10,Sunday,6,Summer
2023-06-18 11:00:00,4746.2,18.0,11,Sunday,6,Summer
2023-06-18 12:00:00,5046.5,16.5,12,Sunday,6,Summer
2023-06-18 13:00:00,5166.2,15.3,13,Sunday,6,Summer
2023-06-18 14:00:00,5660.1,17.6,14,Sunday,6,Summer
2023-06-18 15:00:00,6200.0,17.4,15,Sunday,6,Summer
2023-06-18 16:00:00,6200.0,17.3,16,Sunday,6,Summer
2023-06-18 17:00:00,6200.0,18.2,17,Sunday,6,Summer
2023-06-18 18:00:00,6200.0,20.0,18,Sunday,6,Summer
2023-06-18 19:00:00,6200.0,17.4,19,Sunday,6,Summer
2023-06-18 20:00:00,6200.0,18.2,20,Sunday,6,Summer
2023-06-18 21:00:00,6200.0,19.0,21,Sunday,6,Summer
2023-06-18 22:00:00,6200.0,18.7,22,Sunday,6,Summer
2023-06-18 23:00:00,6200.0,17.0,23,Sunday,6,Summer
2023-06-19 00:00:00,6200.0,18.2,0,Monday,6,Summer
2023-06-19 01:00:00,6200.0,18.9,1,Monday,6,Summer
2023-06-19 02:00:00,6200.0,16.4,2,Monday,6,Summer
2023-06-19 03:00:00,5878.0,20.0,3,Monday,6,Summer
2023-06-19 04:00:00,5658.2,20.2,4,Monday,6,Summer
2023-06-19 05:00:00,5256.0,17.0,5,Monday,6,Summer
2023-06-19 06:00:00,4815.0,18.4,6,Monday,6,Summer
2023-06-19 07:00:00,4749.4,19.0,7,Monday,6,Summer
2023-06-19 08:00:00,4459.9,17.3,8,Monday,6,Summer
2023-06-19 09:00:00,4454.4,18.8,9,Monday,6,Summer
2023-06-19 10:00:00,4595.0,18.3,10,Monday,6,Summer
2023-06-19 11:00:00,4746.9,15.9,11,Monday,6,Summer
2023-06-19 12:00:00,4785.9,18.8,12,Monday,6,Summer
2023-06-19 13:00:00,5359.1,16.4,13,Monday,6,Summer
2023-06-19 14:00:00,5643.4,19.5,14,Monday,6,Summer
2023-06-19 15:00:00,5846.7,17.1,15,Monday,6,Summer
2023-06-19 16:00:00,6144.9,17.8,16,Monday,6,Summer
2023-06-19 17:00:00,6200.0,20.1,17,Monday,6,Summer
2023-06-19 18:00:00,6200.0,18.8,18,Monday,6,Summer
2023-06-19 19:00:00,6200.0,16.5,19,Monday,6,Summer
2023-06-19 20:00:00,6200.0,16.6,20,Monday,6,Summer
2023-06-19 21:00:00,6200.0,17.2,21,Monday,6,Summer
2023-06-19 22:00:00,6200.0,18.7,22,Monday,6,Summer
2023-06-19 23:00:00,6200.0,18.6,23,Monday,6,Summer
2023-06-20 00:00:00,6200.0,17.0,0,Tuesday,6,Summer
2023-06-20 01:00:00,6200.0,16.5,1,Tuesday,6,Summer
2023-06-20 02:00:00,6200.0,18.7,2,Tuesday,6,Summer
2023-06-20 03:00:00,5631.2,18.0,3,Tuesday,6,Summer
2023-06-20 04:00:00,5736.8,21.5,4,Tuesday,6,Summer
2023-06-20 05:00:00,5190.9,18.3,5,Tuesday,6,Summer
2023-06-20 06:00:00,5038.9,21.0,6,Tuesday,6,Summer
2023-06-20 07:00:00,4721.9,16.5,7,Tuesday,6,Summer
2023-06-20 08:00:00,4704.2,15.9,8,Tuesday,6,Summer
2023-06-20 09:00:00,4482.8,16.6,9,Tuesday,6,Summer
2023-06-20 10:00:00,4448.2,20.0,10,Tuesday,6,Summer
2023-06-20 11:00:00,4879.8,20.9,11,Tuesday,6,Summer
2023-06-20 12:00:00,4919.2,17.1,12,Tuesday,6,Summer
2023-06-20 13:00:00,5251.0,17.6,13,Tuesday,6,Summer
2023-06-20 14:00:00,5736.3,16.5,14,Tuesday,6,Summer
2023-06-20 15:00:00,5798.7,15.5,15,Tuesday,6,Summer
2023-06-20 16:00:00,6200.0,19.3,16,Tuesday,6,Summer
2023-06-20 17:00:00,6200.0,18.6,17,Tuesday,6,Summer
2023-06-20 18:00:00,6200.0,18.3,18,Tuesday,6,Summer
2023-06-20 19:00:00,6200.0,16.2,19,Tuesday,6,Summer
2023-06-20 20:00:00,6200.0,20.7,20,Tuesday,6,Summer
2023-06-20 21:00:00,6200.0,17.5,21,Tuesday,6,Summer
2023-06-20 22:00:00,6200.0,19.1,22,Tuesday,6,Summer
2023-06-20 23:00:00,6200.0,16.1,23,Tuesday,6,Summer
2023-06-21 00:00:00,6200.0,18.2,0,Wednesday,6,Summer
2023-06-21 01:00:00,6200.0,18.9,1,Wednesday,6,Summer
2023-06-21 02:00:00,6200.0,18.9,2,Wednesday,6,Summer
2023-06-21 03:00:00,6114.6,18.7,3,Wednesday,6,Summer
2023-06-21 04:00:00,5527.2,19.2,4,Wednesday,6,Summer
2023-06-21 05:00:00,5250.7,16.7,5,Wednesday,6,Summer
2023-06-21 06:00:00,5074.4,18.7,6,Wednesday,6,Summer
2023-06-21 07:00:00,4621.1,18.6,7,Wednesday,6,Summer
2023-06-21 08:00:00,4752.3,18.8,8,Wednesday,6,Summer
2023-06-21 09:00:00,4353.6,18.5,9,Wednesday,6,Summer
2023-06-21 10:00:00,4760.4,16.5,10,Wednesday,6,Summer
2023-06-21 11:00:00,4668.8,16.5,11,Wednesday,6,Summer
2023-06-21 12:00:00,4903.5,15.1,12,Wednesday,6,Summer
2023-06-21 13:00:00,4975.6,19.7,13,Wednesday,6,Summer
2023-06-21 14:00:00,5501.4,19.7,14,Wednesday,6,Summer
2023-06-21 15:00:00,5797.8,19.7,15,Wednesday,6,Summer
2023-06-21 16:00:00,6200.0,18.9,16,Wednesday,6,Summer
2023-06-21 17:00:00,6200.0,15.2,17,Wednesday,6,Summer
2023-06-21 18:00:00,6200.0,16.9,18,Wednesday,6,Summer
2023-06-21 19:00:00,6200.0,18.7,19,Wednesday,6,Summer
2023-06-21 20:00:00,6200.0,18.6,20,Wednesday,6,Summer
2023-06-21 21:00:00,6200.0,18.1,21,Wednesday,6,Summer
2023-06-21 22:00:00,6200.0,19.0,22,Wednesday,6,Summer
2023-06-21 23:00:00,6200.0,18.5,23,Wednesday,6,Summer
2023-06-22 00:00:00,6200.0,18.8,0,Thursday,6,Summer
2023-06-22 01:00:00,6200.0,17.7,1,Thursday,6,Summer
2023-06-22 02:00:00,6200.0,20.1,2,Thursday,6,Summer
2023-06-22 03:00:00,5914.1,18.0,3,Thursday,6,Summer
2023-06-22 04:00:00,5703.4,16.6,4,Thursday,6,Summer
2023-06-22 05:00:00,5386.2,17.5,5,Thursday,6,Summer
2023-06-22 06:00:00,4919.2,18.1,6,Thursday,6,Summer
2023-06-22 07:00:00,4666.7,20.1,7,Thursday,6,Summer
2023-06-22 08:00:00,4567.5,18.6,8,Thursday,6,Summer
2023-06-22 09:00:00,4564.8,18.3,9,Thursday,6,Summer
2023-06-22 10:00:00,4675.8,16.7,10,Thursday,6,Summer
2023-06-22 11:00:00,4713.0,19.8,11,Thursday,6,Summer
2023-06-22 12:00:00,5009.5,17.6,12,Thursday,6,Summer
2023-06-22 13:00:00,5436.0,18.5,13,Thursday,6,Summer
2023-06-22 14:00:00,5617.5,20.8,14,Thursday,6,Summer
2023-06-22 15:00:00,5998.7,19.4,15,Thursday,6,Summer
2023-06-22 16:00:00,6148.7,16.2,16,Thursday,6,Summer
2023-06-22 17:00:00,6200.0,16.0,17,Thursday,6,Summer
2023-06-22 18:00:00,6200.0,18.5,18,Thursday,6,Summer
2023-06-22 19:00:00,6200.0,16.8,19,Thursday,6,Summer
2023-06-22 20:00:00,6200.0,19.6,20,Thursday,6,Summer
2023-06-22 21:00:00,6200.0,18.7,21,Thursday,6,Summer
2023-06-22 22:00:00,6200.0,18.9,22,Thursday,6,Summer
2023-06-22 23:00:00,6200.0,17.6,23,Thursday,6,Summer
2023-06-23 00:00:00,6200.0,21.4,0,Friday,6,Summer
2023-06-23 01:00:00,6200.0,23.1,1,Friday,6,Summer
2023-06-23 02:00:00,6200.0,18.4,2,Friday,6,Summer
2023-06-23 03:00:00,5881.0,19.3,3,Friday,6,Summer
2023-06-23 04:00:00,5627.2,19.0,4,Friday,6,Summer
2023-06-23 05:00:00,5157.3,18.4,5,Friday,6,Summer
2023-06-23 06:00:00,4852.2,17.6,6,Friday,6,Summer
2023-06-23 07:00:00,4721.8,17.2,7,Friday,6,Summer
2023-06-23 08:00:00,4574.8,17.1,8,Friday,6,Summer
2023-06-23 09:00:00,4580.3,19.4,9,Friday,6,Summer
2023-06-23 10:00:00,4542.6,18.0,10,Friday,6,Summer
2023-06-23 11:00:00,4495.6,14.9,11,Friday,6,Summer
2023-06-23 12:00:00,4879.2,19.5,12,Friday,6,Summer
2023-06-23 13:00:00,5325.1,18.7,13,Friday,6,Summer
2023-06-23 14:00:00,5522.4,20.8,14,Friday,6,Summer
2023-06-23 15:00:00,5914.9,19.4,15,Friday,6,Summer
2023-06-23 16:00:00,6200.0,16.6,16,Friday,6,Summer
2023-06-23 17:00:00,6200.0,15.5,17,Friday,6,Summer
2023-06-23 18:00:00,6200.0,17.7,18,Friday,6,Summer
2023-06-23 19:00:00,6200.0,17.9,19,Friday,6,Summer
2023-06-23 20:00:00,6200.0,20.2,20,Friday,6,Summer
2023-06-23 21:00:00,6200.0,18.8,21,Friday,6,Summer
2023-06-23 22:00:00,6200.0,20.5,22,Friday,6,Summer
2023-06-23 23:00:00,6200.0,16.8,23,Friday,6,Summer
2023-06-24 00:00:00,6200.0,20.4,0,Saturday,6,Summer
2023-06-24 01:00:00,6200.0,20.1,1,Saturday,6,Summer
2023-06-24 02:00:00,6200.0,16.0,2,Saturday,6,Summer
2023-06-24 03:00:00,5861.2,21.0,3,Saturday,6,Summer
2023-06-24 04:00:00,5591.6,19.1,4,Saturday,6,Summer
2023-06-24 05:00:00,5152.1,19.6,5,Saturday,6,Summer
2023-06-24 06:00:00,4826.9,17.7,6,Saturday,6,Summer
2023-06-24 07:00:00,4642.0,20.9,7,Saturday,6,Summer
2023-06-24 08:00:00,4517.6,17.2,8,Saturday,6,Summer
2023-06-24 09:00:00,4565.8,20.2,9,Saturday,6,Summer
2023-06-24 10:00:00,4840.9,20.2,10,Saturday,6,Summer
2023-06-24 11:00:00,4626.6,17.5,11,Saturday,6,Summer
2023-06-24 12:00:00,4880.2,22.0,12,Saturday,6,Summer
2023-06-24 13:00:00,5212.2,19.3,13,Saturday,6,Summer
2023-06-24 14:00:00,5617.7,20.0,14,Saturday,6,Summer
2023-06-24 15:00:00,5989.5,16.7,15,Saturday,6,Summer
2023-06-24 16:00:00,6200.0,22.2,16,Saturday,6,Summer
2023-06-24 17:00:00,6200.0,17.2,17,Saturday,6,Summer
2023-06-24 18:00:00,6200.0,20.5,18,Saturday,6,Summer
2023-06-24 19:00:00,6200.0,17.5,19,Saturday,6,Summer
2023-06-24 20:00:00,6200.0,18.1,20,Saturday,6,Summer
2023-06-24 21:00:00,6200.0,20.2,21,Saturday,6,Summer
2023-06-24 22:00:00,6200.0,20.5,22,Saturday,6,Summer
2023-06-24 23:00:00,6200.0,17.1,23,Saturday,6,Summer
2023-06-25 00:00:00,6200.0,20.8,0,Sunday,6,Summer
2023-06-25 01:00:00,6200.0,20.7,1,Sunday,6,Summer
2023-06-25 02:00:00,6114.5,17.8,2,Sunday,6,Summer
2023-06-25 03:00:00,5766.9,21.6,3,Sunday,6,Summer
2023-06-25 04:00:00,5566.7,17.0,4,Sunday,6,Summer
2023-06-25 05:00:00,5135.3,18.2,5,Sunday,6,Summer
2023-06-25 06:00:00,4990.8,19.9,6,Sunday,6,Summer
2023-06-25 07:00:00,4373.5,17.9,7,Sunday,6,Summer
2023-06-25 08:00:00,4473.1,19.6,8,Sunday,6,Summer
2023-06-25 09:00:00,4396.5,19.5,9,Sunday,6,Summer
2023-06-25 10:00:00,4541.8,18.9,10,Sunday,6,Summer
2023-06-25 11:00:00,4646.2,20.4,11,Sunday,6,Summer
2023-06-25 12:00:00,5028.5,18.8,12,Sunday,6,Summer
2023-06-25 13:00:00,4976.3,19.5,13,Sunday,6,Summer
2023-06-25 14:00:00,5567.4,20.9,14,Sunday,6,Summer
2023-06-25 15:00:00,6031.7,20.4,15,Sunday,6,Summer
2023-06-25 16:00:00,6200.0,20.4,16,Sunday,6,Summer
2023-06-25 17:00:00,6200.0,17.5,17,Sunday,6,Summer
2023-06-25 18:00:00,6200.0,20.0,18,Sunday,6,Summer
2023-06-25 19:00:00,6200.0,17.9,19,Sunday,6,Summer
2023-06-25 20:00:00,6200.0,17.3,20,Sunday,6,Summer
2023-06-25 21:00:00,6200.0,19.1,21,Sunday,6,Summer
2023-06-25 22:00:00,6200.0,17.8,22,Sunday,6,Summer
2023-06-25 23:00:00,6200.0,20.4,23,Sunday,6,Summer
2023-06-26 00:00:00,6200.0,20.6,0,Monday,6,Summer
2023-06-26 01:00:00,6200.0,16.5,1,Monday,6,Summer
2023-06-26 02:00:00,6200.0,18.1,2,Monday,6,Summer
2023-06-26 03:00:00,5970.0,17.2,3,Monday,6,Summer
2023-06-26 04:00:00,5587.7,18.7,4,Monday,6,Summer
2023-06-26 05:00:00,5216.2,20.1,5,Monday,6,Summer
2023-06-26 06:00:00,4734.5,19.0,6,Monday,6,Summer
2023-06-26 07:00:00,4867.4,18.5,7,Monday,6,Summer
2023-06-26 08:00:00,4499.6,21.3,8,Monday,6,Summer
2023-06-26 09:00:00,4579.2,15.9,9,Monday,6,Summer
2023-06-26 10:00:00,4390.8,21.2,10,Monday,6,Summer
2023-06-26 11:00:00,4569.0,18.6,11,Monday,6,Summer
2023-06-26 12:00:00,5105.2,19.3,12,Monday,6,Summer
2023-06-26 13:00:00,5171.7,18.6,13,Monday,6,Summer
2023-06-26 14:00:00,5761.0,21.7,14,Monday,6,Summer
2023-06-26 15:00:00,5934.8,17.5,15,Monday,6,Summer
2023-06-26 16:00:00,6091.1,19.4,16,Monday,6,Summer
2023-06-26 17:00:00,6200.0,20.2,17,Monday,6,Summer
2023-06-26 18:00:00,6200.0,17.0,18,Monday,6,Summer
2023-06-26 19:00:00,6200.0,18.0,19,Monday,6,Summer
2023-06-26 20:00:00,6200.0,19.1,20,Monday,6,Summer
2023-06-26 21:00:00,6200.0,18.0,21,Monday,6,Summer
2023-06-26 22:00:00,6200.0,18.1,22,Monday,6,Summer
2023-06-26 23:00:00,6200.0,18.8,23,Monday,6,Summer
2023-06-27 00:00:00,6200.0,20.5,0,Tuesday,6,Summer
2023-06-27 01:00:00,6200.0,19.0,1,Tuesday,6,Summer
2023-06-27 02:00:00,6200.0,21.2,2,Tuesday,6,Summer
2023-06-27 03:00:00,5936.4,18.1,3,Tuesday,6,Summer
2023-06-27 04:00:00,5575.9,17.7,4,Tuesday,6,Summer
2023-06-27 05:00:00,5070.5,22.5,5,Tuesday,6,Summer
2023-06-27 06:00:00,4954.6,18.6,6,Tuesday,6,Summer
2023-06-27 07:00:00,4827.5,17.6,7,Tuesday,6,Summer
2023-06-27 08:00:00,4471.9,17.0,8,Tuesday,6,Summer
2023-06-27 09:00:00,4681.1,21.2,9,Tuesday,6,Summer
2023-06-27 10:00:00,4556.9,19.1,10,Tuesday,6,Summer
2023-06-27 11:00:00,4601.3,19.2,11,Tuesday,6,Summer
2023-06-27 12:00:00,5049.0,19.3,12,Tuesday,6,Summer
2023-06-27 13:00:00,5177.3,21.1,13,Tuesday,6,Summer
2023-06-27 14:00:00,5662.0,19.3,14,Tuesday,6,Summer
2023-06-27 15:00:00,5900.4,23.1,15,Tuesday,6,Summer
2023-06-27 16:00:00,6200.0,19.8,16,Tuesday,6,Summer
2023-06-27 17:00:00,6200.0,21.2,17,Tuesday,6,Summer
2023-06-27 18:00:00,6200.0,20.8,18,Tuesday,6,Summer
2023-06-27 19:00:00,6200.0,19.5,19,Tuesday,6,Summer
2023-06-27 20:00:00,6200.0,18.7,20,Tuesday,6,Summer
2023-06-27 21:00:00,6200.0,20.1,21,Tuesday,6,Summer
2023-06-27 22:00:00,6200.0,20.3,22,Tuesday,6,Summer
2023-06-27 23:00:00,6200.0,18.7,23,Tuesday,6,Summer
2023-06-28 00:00:00,6200.0,20.0,0,Wednesday,6,Summer
2023-06-28 01:00:00,6200.0,21.6,1,Wednesday,6,Summer
2023-06-28 02:00:00,5944.1,22.9,2,Wednesday,6,Summer
2023-06-28 03:00:00,5887.3,21.0,3,Wednesday,6,Summer
2023-06-28 04:00:00,5460.9,22.6,4,Wednesday,6,Summer
2023-06-28 05:00:00,5084.1,18.8,5,Wednesday,6,Summer
2023-06-28 06:00:00,4914.8,20.8,6,Wednesday,6,Summer
2023-06-28 07:00:00,4746.0,21.8,7,Wednesday,6,Summer
2023-06-28 08:00:00,4803.8,18.4,8,Wednesday,6,Summer
2023-06-28 09:00:00,4347.0,19.0,9,Wednesday,6,Summer
2023-06-28 10:00:00,4697.2,22.4,10,Wednesday,6,Summer
2023-06-28 11:00:00,4817.7,18.3,11,Wednesday,6,Summer
2023-06-28 12:00:00,4827.6,17.7,12,Wednesday,6,Summer
2023-06-28 13:00:00,5238.4,22.0,13,Wednesday,6,Summer
2023-06-28 14:00:00,5490.0,21.6,14,Wednesday,6,Summer
2023-06-28 15:00:00,5968.2,20.4,15,Wednesday,6,Summer
2023-06-28 16:00:00,6200.0,19.7,16,Wednesday,6,Summer
2023-06-28 17:00:00,6200.0,19.1,17,Wednesday,6,Summer
2023-06-28 18:00:00,6200.0,20.2,18,Wednesday,6,Summer
2023-06-28 19:00:00,6200.0,22.1,19,Wednesday,6,Summer
2023-06-28 20:00:00,6200.0,20.1,20,Wednesday,6,Summer
2023-06-28 21:00:00,6200.0,23.0,21,Wednesday,6,Summer
2023-06-28 22:00:00,6200.0,18.4,22,Wednesday,6,Summer
2023-06-28 23:00:00,6200.0,19.7,23,Wednesday,6,Summer
2023-06-29 00:00:00,6200.0,19.4,0,Thursday,6,Summer
2023-06-29 01:00:00,6200.0,18.3,1,Thursday,6,Summer
2023-06-29 02:00:00,6102.7,19.7,2,Thursday,6,Summer
2023-06-29 03:00:00,5781.7,20.6,3,Thursday,6,Summer
2023-06-29 04:00:00,5481.8,20.7,4,Thursday,6,Summer
2023-06-29 05:00:00,5029.0,23.2,5,Thursday,6,Summer
2023-06-29 06:00:00,4800.4,20.6,6,Thursday,6,Summer
2023-06-29 07:00:00,4783.0,21.7,7,Thursday,6,Summer
2023-06-29 08:00:00,4413.0,20.0,8,Thursday,6,Summer
2023-06-29 09:00:00,4334.6,22.5,9,Thursday,6,Summer
2023-06-29 10:00:00,4490.3,23.5,10,Thursday,6,Summer
2023-06-29 11:00:00,4786.4,20.7,11,Thursday,6,Summer
2023-06-29 12:00:00,4896.3,18.5,12,Thursday,6,Summer
2023-06-29 13:00:00,5148.2,19.1,13,Thursday,6,Summer
2023-06-29 14:00:00,5556.3,20.4,14,Thursday,6,Summer
2023-06-29 15:00:00,5677.9,20.6,15,Thursday,6,Summer
2023-06-29 16:00:00,6200.0,21.0,16,Thursday,6,Summer
2023-06-29 17:00:00,6200.0,20.6,17,Thursday,6,Summer
2023-06-29 18:00:00,6200.0,20.0,18,Thursday,6,Summer
2023-06-29 19:00:00,6200.0,19.0,19,Thursday,6,Summer
2023-06-29 20:00:00,6200.0,20.6,20,Thursday,6,Summer
2023-06-29 21:00:00,6200.0,22.7,21,Thursday,6,Summer
2023-06-29 22:00:00,6200.0,21.5,22,Thursday,6,Summer
2023-06-29 23:00:00,6200.0,20.8,23,Thursday,6,Summer
2023-06-30 00:00:00,6200.0,21.7,0,Friday,6,Summer
2023-06-30 01:00:00,6200.0,19.6,1,Friday,6,Summer
2023-06-30 02:00:00,6200.0,19.4,2,Friday,6,Summer
2023-06-30 03:00:00,5735.8,19.0,3,Friday,6,Summer
2023-06-30 04:00:00,5431.1,20.0,4,Friday,6,Summer
2023-06-30 05:00:00,5338.0,19.5,5,Friday,6,Summer
2023-06-30 06:00:00,4843.6,22.0,6,Friday,6,Summer
2023-06-30 07:00:00,4802.8,19.4,7,Friday,6,Summer
2023-06-30 08:00:00,4752.6,18.9,8,Friday,6,Summer
2023-06-30 09:00:00,4466.5,23.1,9,Friday,6,Summer
2023-06-30 10:00:00,4636.6,19.5,10,Friday,6,Summer
2023-06-30 11:00:00,4561.6,20.4,11,Friday,6,Summer
2023-06-30 12:00:00,5009.9,20.8,12,Friday,6,Summer
2023-06-30 13:00:00,5231.0,18.4,13,Friday,6,Summer
2023-06-30 14:00:00,5611.9,22.0,14,Friday,6,Summer
2023-06-30 15:00:00,5837.1,21.1,15,Friday,6,Summer
2023-06-30 16:00:00,6106.0,22.5,16,Friday,6,Summer
2023-06-30 17:00:00,6200.0,19.1,17,Friday,6,Summer
2023-06-30 18:00:00,6200.0,20.3,18,Friday,6,Summer
2023-06-30 19:00:00,6200.0,20.2,19,Friday,6,Summer
2023-06-30 20:00:00,6200.0,20.5,20,Friday,6,Summer
2023-06-30 21:00:00,6200.0,18.0,21,Friday,6,Summer
2023-06-30 22:00:00,6200.0,20.3,22,Friday,6,Summer
2023-06-30 23:00:00,6200.0,18.0,23,Friday,6,Summer
2023-07-01 00:00:00,6200.0,20.9,0,Saturday,7,Summer
2023-07-01 01:00:00,6200.0,17.1,1,Saturday,7,Summer
2023-07-01 02:00:00,6200.0,17.6,2,Saturday,7,Summer
2023-07-01 03:00:00,5656.9,21.6,3,Saturday,7,Summer
2023-07-01 04:00:00,5402.3,19.5,4,Saturday,7,Summer
2023-07-01 05:00:00,5126.2,18.9,5,Saturday,7,Summer
2023-07-01 06:00:00,4662.9,22.2,6,Saturday,7,Summer
2023-07-01 07:00:00,4699.0,20.8,7,Saturday,7,Summer
2023-07-01 08:00:00,4527.0,21.6,8,Saturday,7,Summer
2023-07-01 09:00:00,4319.8,20.1,9,Saturday,7,Summer
2023-07-01 10:00:00,4601.4,24.4,10,Saturday,7,Summer
2023-07-01 11:00:00,4777.5,19.4,11,Saturday,7,Summer
2023-07-01 12:00:00,4941.2,23.0,12,Saturday,7,Summer
2023-07-01 13:00:00,5158.9,20.2,13,Saturday,7,Summer
2023-07-01 14:00:00,5624.0,17.9,14,Saturday,7,Summer
2023-07-01 15:00:00,6029.1,21.1,15,Saturday,7,Summer
2023-07-01 16:00:00,6200.0,20.8,16,Saturday,7,Summer
2023-07-01 17:00:00,6200.0,18.8,17,Saturday,7,Summer
2023-07-01 18:00:00,6200.0,19.0,18,Saturday,7,Summer
2023-07-01 19:00:00,6200.0,20.3,19,Saturday,7,Summer
2023-07-01 20:00:00,6200.0,20.9,20,Saturday,7,Summer
2023-07-01 21:00:00,6200.0,16.6,21,Saturday,7,Summer
2023-07-01 22:00:00,6200.0,21.9,22,Saturday,7,Summer
2023-07-01 23:00:00,6200.0,19.6,23,Saturday,7,Summer
2023-07-02 00:00:00,6200.0,18.5,0,Sunday,7,Summer
2023-07-02 01:00:00,6200.0,21.9,1,Sunday,7,Summer
2023-07-02 02:00:00,5970.3,20.5,2,Sunday,7,Summer
2023-07-02 03:00:00,5804.5,22.4,3,Sunday,7,Summer
2023-07-02 04:00:00,5376.7,21.2,4,Sunday,7,Summer
2023-07-02 05:00:00,5212.2,20.5,5,Sunday,7,Summer
2023-07-02 06:00:00,5030.8,20.3,6,Sunday,7,Summer
2023-07-02 07:00:00,4765.1,21.3,7,Sunday,7,Summer
2023-07-02 08:00:00,4281.6,19.9,8,Sunday,7,Summer
2023-07-02 09:00:00,4734.4,19.3,9,Sunday,7,Summer
2023-07-02 10:00:00,4585.1,21.5,10,Sunday,7,Summer
2023-07-02 11:00:00,4598.4,20.3,11,Sunday,7,Summer
2023-07-02 12:00:00,4928.4,20.6,12,Sunday,7,Summer
2023-07-02 13:00:00,5219.5,22.2,13,Sunday,7,Summer
2023-07-02 14:00:00,5445.0,20.4,14,Sunday,7,Summer
2023-07-02 15:00:00,5952.5,20.6,15,Sunday,7,Summer
2023-07-02 16:00:00,6200.0,19.6,16,Sunday,7,Summer
2023-07-02 17:00:00,6200.0,21.2,17,Sunday,7,Summer
2023-07-02 18:00:00,6200.0,21.1,18,Sunday,7,Summer
2023-07-02 19:00:00,6200.0,21.9,19,Sunday,7,Summer
2023-07-02 20:00:00,6200.0,19.7,20,Sunday,7,Summer
2023-07-02 21:00:00,6200.0,19.9,21,Sunday,7,Summer
2023-07-02 22:00:00,6200.0,21.7,22,Sunday,7,Summer
2023-07-02 23:00:00,6200.0,20.9,23,Sunday,7,Summer
2023-07-03 00:00:00,6200.0,19.4,0,Monday,7,Summer
2023-07-03 01:00:00,6200.0,22.7,1,Monday,7,Summer
2023-07-03 02:00:00,6200.0,18.2,2,Monday,7,Summer
2023-07-03 03:00:00,5679.8,21.9,3,Monday,7,Summer
2023-07-03 04:00:00,5398.1,18.8,4,Monday,7,Summer
2023-07-03 05:00:00,5064.7,23.6,5,Monday,7,Summer
2023-07-03 06:00:00,5036.6,18.4,6,Monday,7,Summer
2023-07-03 07:00:00,4795.4,22.5,7,Monday,7,Summer
2023-07-03 08:00:00,4602.6,20.6,8,Monday,7,Summer
2023-07-03 09:00:00,4620.8,20.2,9,Monday,7,Summer
2023-07-03 10:00:00,4447.3,21.0,10,Monday,7,Summer
2023-07-03 11:00:00,4725.9,21.7,11,Monday,7,Summer
2023-07-03 12:00:00,4889.1,19.4,12,Monday,7,Summer
2023-07-03 13:00:00,5301.6,19.5,13,Monday,7,Summer
2023-07-03 14:00:00,5516.1,21.7,14,Monday,7,Summer
2023-07-03 15:00:00,5860.7,18.2,15,Monday,7,Summer
2023-07-03 16:00:00,6200.0,19.9,16,Monday,7,Summer
2023-07-03 17:00:00,6200.0,25.3,17,Monday,7,Summer
2023-07-03 18:00:00,6200.0,19.3,18,Monday,7,Summer
2023-07-03 19:00:00,6200.0,22.5,19,Monday,7,Summer
2023-07-03 20:00:00,6200.0,19.9,20,Monday,7,Summer
2023-07-03 21:00:00,6200.0,21.5,21,Monday,7,Summer
2023-07-03 22:00:00,6200.0,21.7,22,Monday,7,Summer
2023-07-03 23:00:00,6200.0,22.4,23,Monday,7,Summer
2023-07-04 00:00:00,6200.0,20.6,0,Tuesday,7,Summer
2023-07-04 01:00:00,6200.0,23.9,1,Tuesday,7,Summer
2023-07-04 02:00:00,6175.3,20.1,2,Tuesday,7,Summer
2023-07-04 03:00:00,5547.6,21.3,3,Tuesday,7,Summer
2023-07-04 04:00:00,5705.7,21.3,4,Tuesday,7,Summer
2023-07-04 05:00:00,5043.7,19.3,5,Tuesday,7,Summer
2023-07-04 06:00:00,5052.9,20.5,6,Tuesday,7,Summer
2023-07-04 07:00:00,4790.9,21.2,7,Tuesday,7,Summer
2023-07-04 08:00:00,4440.3,20.3,8,Tuesday,7,Summer
2023-07-04 09:00:00,4368.3,24.6,9,Tuesday,7,Summer
2023-07-04 10:00:00,4582.4,19.7,10,Tuesday,7,Summer
2023-07-04 11:00:00,4581.5,22.7,11,Tuesday,7,Summer
2023-07-04 12:00:00,4912.0,22.2,12,Tuesday,7,Summer
2023-07-04 13:00:00,5123.8,20.9,13,Tuesday,7,Summer
2023-07-04 14:00:00,5280.4,19.6,14,Tuesday,7,Summer
2023-07-04 15:00:00,5581.9,19.8,15,Tuesday,7,Summer
2023-07-04 16:00:00,6200.0,20.2,16,Tuesday,7,Summer
2023-07-04 17:00:00,6200.0,18.3,17,Tuesday,7,Summer
2023-07-04 18:00:00,6200.0,19.4,18,Tuesday,7,Summer
2023-07-04 19:00:00,6200.0,18.7,19,Tuesday,7,Summer
2023-07-04 20:00:00,6200.0,23.0,20,Tuesday,7,Summer
2023-07-04 21:00:00,6200.0,21.9,21,Tuesday,7,Summer
2023-07-04 22:00:00,6200.0,22.1,22,Tuesday,7,Summer
2023-07-04 23:00:00,6200.0,21.8,23,Tuesday,7,Summer
2023-07-05 00:00:00,6200.0,21.4,0,Wednesday,7,Summer
2023-07-05 01:00:00,6200.0,23.3,1,Wednesday,7,Summer
2023-07-05 02:00:00,6200.0,20.2,2,Wednesday,7,Summer
2023-07-05 03:00:00,5966.6,21.3,3,Wednesday,7,Summer
2023-07-05 04:00:00,5243.9,22.3,4,Wednesday,7,Summer
2023-07-05 05:00:00,5080.2,19.2,5,Wednesday,7,Summer
2023-07-05 06:00:00,4786.3,25.8,6,Wednesday,7,Summer
2023-07-05 07:00:00,4686.7,21.2,7,Wednesday,7,Summer
2023-07-05 08:00:00,4592.1,21.3,8,Wednesday,7,Summer
2023-07-05 09:00:00,4658.7,23.0,9,Wednesday,7,Summer
2023-07-05 10:00:00,4481.4,22.5,10,Wednesday,7,Summer
2023-07-05 11:00:00,4617.0,21.2,11,Wednesday,7,Summer
2023-07-05 12:00:00,5034.7,21.3,12,Wednesday,7,Summer
2023-07-05 13:00:00,5219.1,18.9,13,Wednesday,7,Summer
2023-07-05 14:00:00,5695.3,20.3,14,Wednesday,7,Summer
2023-07-05 15:00:00,5947.7,21.9,15,Wednesday,7,Summer
2023-07-05 16:00:00,6157.3,21.8,16,Wednesday,7,Summer
2023-07-05 17:00:00,6200.0,23.0,17,Wednesday,7,Summer
2023-07-05 18:00:00,6200.0,21.0,18,Wednesday,7,Summer
2023-07-05 19:00:00,6200.0,19.1,19,Wednesday,7,Summer
2023-07-05 20:00:00,6200.0,22.7,20,Wednesday,7,Summer
2023-07-05 21:00:00,6200.0,23.3,21,Wednesday,7,Summer
2023-07-05 22:00:00,6200.0,22.5,22,Wednesday,7,Summer
2023-07-05 23:00:00,6200.0,20.9,23,Wednesday,7,Summer
2023-07-06 00:00:00,6200.0,22.9,0,Thursday,7,Summer
2023-07-06 01:00:00,6200.0,26.5,1,Thursday,7,Summer
2023-07-06 02:00:00,6200.0,21.5,2,Thursday,7,Summer
2023-07-06 03:00:00,5921.1,19.4,3,Thursday,7,Summer
2023-07-06 04:00:00,5519.0,20.5,4,Thursday,7,Summer
2023-07-06 05:00:00,5222.8,22.3,5,Thursday,7,Summer
2023-07-06 06:00:00,4927.5,18.9,6,Thursday,7,Summer
2023-07-06 07:00:00,4819.4,21.6,7,Thursday,7,Summer
2023-07-06 08:00:00,4679.0,21.9,8,Thursday,7,Summer
2023-07-06 09:00:00,4546.4,23.6,9,Thursday,7,Summer
2023-07-06 10:00:00,4628.1,23.3,10,Thursday,7,Summer
2023-07-06 11:00:00,4729.6,22.6,11,Thursday,7,Summer
2023-07-06 12:00:00,4831.9,18.1,12,Thursday,7,Summer
2023-07-06 13:00:00,5272.4,22.7,13,Thursday,7,Summer
2023-07-06 14:00:00,5321.6,22.4,14,Thursday,7,Summer
2023-07-06 15:00:00,6053.5,21.7,15,Thursday,7,Summer
2023-07-06 16:00:00,6144.1,18.7,16,Thursday,7,Summer
2023-07-06 17:00:00,6200.0,20.2,17,Thursday,7,Summer
2023-07-06 18:00:00,6200.0,19.6,18,Thursday,7,Summer
2023-07-06 19:00:00,6200.0,18.3,19,Thursday,7,Summer
2023-07-06 20:00:00,6200.0,21.3,20,Thursday,7,Summer
2023-07-06 21:00:00,6200.0,20.1,21,Thursday,7,Summer
2023-07-06 22:00:00,6200.0,25.3,22,Thursday,7,Summer
2023-07-06 23:00:00,6200.0,21.1,23,Thursday,7,Summer
2023-07-07 00:00:00,6200.0,23.5,0,Friday,7,Summer
2023-07-07 01:00:00,6200.0,19.2,1,Friday,7,Summer
2023-07-07 02:00:00,6200.0,20.7,2,Friday,7,Summer
2023-07-07 03:00:00,5712.4,21.7,3,Friday,7,Summer
2023-07-07 04:00:00,5416.2,20.2,4,Friday,7,Summer
2023-07-07 05:00:00,5106.9,20.9,5,Friday,7,Summer
2023-07-07 06:00:00,4986.4,21.2,6,Friday,7,Summer
2023-07-07 07:00:00,4859.2,21.2,7,Friday,7,Summer
2023-07-07 08:00:00,4435.4,24.3,8,Friday,7,Summer
2023-07-07 09:00:00,4600.3,22.1,9,Friday,7,Summer
2023-07-07 10:00:00,4281.0,22.3,10,Friday,7,Summer
2023-07-07 11:00:00,4524.4,22.3,11,Friday,7,Summer
2023-07-07 12:00:00,4765.1,22.5,12,Friday,7,Summer
2023-07-07 13:00:00,4993.3,21.4,13,Friday,7,Summer
2023-07-07 14:00:00,5288.8,21.1,14,Friday,7,Summer
2023-07-07 15:00:00,5951.5,21.8,15,Friday,7,Summer
2023-07-07 16:00:00,6200.0,23.3,16,Friday,7,Summer
2023-07-07 17:00:00,6200.0,23.2,17,Friday,7,Summer
2023-07-07 18:00:00,6200.0,21.2,18,Friday,7,Summer
2023-07-07 19:00:00,6200.0,22.7,19,Friday,7,Summer
2023-07-07 20:00:00,6200.0,21.2,20,Friday,7,Summer
2023-07-07 21:00:00,6200.0,21.6,21,Friday,7,Summer
2023-07-07 22:00:00,6200.0,20.8,22,Friday,7,Summer
2023-07-07 23:00:00,6200.0,21.3,23,Friday,7,Summer
2023-07-08 00:00:00,6200.0,23.8,0,Saturday,7,Summer
2023-07-08 01:00:00,6200.0,21.9,1,Saturday,7,Summer
2023-07-08 02:00:00,6171.9,21.9,2,Saturday,7,Summer
2023-07-08 03:00:00,5711.3,19.6,3,Saturday,7,Summer
2023-07-08 04:00:00,5432.5,21.3,4,Saturday,7,Summer
2023-07-08 05:00:00,5203.6,21.4,5,Saturday,7,Summer
2023-07-08 06:00:00,4917.7,20.5,6,Saturday,7,Summer
2023-07-08 07:00:00,4552.8,21.8,7,Saturday,7,Summer
2023-07-08 08:00:00,4465.3,21.1,8,Saturday,7,Summer
2023-07-08 09:00:00,4593.9,21.9,9,Saturday,7,Summer
2023-07-08 10:00:00,4576.5,21.9,10,Saturday,7,Summer
2023-07-08 11:00:00,4899.0,20.3,11,Saturday,7,Summer
2023-07-08 12:00:00,5019.4,21.1,12,Saturday,7,Summer
2023-07-08 13:00:00,5308.7,21.9,13,Saturday,7,Summer
2023-07-08 14:00:00,5308.6,23.5,14,Saturday,7,Summer
2023-07-08 15:00:00,5995.1,22.1,15,Saturday,7,Summer
2023-07-08 16:00:00,6200.0,20.7,16,Saturday,7,Summer
2023-07-08 17:00:00,6200.0,22.3,17,Saturday,7,Summer
2023-07-08 18:00:00,6200.0,24.3,18,Saturday,7,Summer
2023-07-08 19:00:00,6200.0,23.1,19,Saturday,7,Summer
2023-07-08 20:00:00,6200.0,22.6,20,Saturday,7,Summer
2023-07-08 21:00:00,6200.0,22.8,21,Saturday,7,Summer
2023-07-08 22:00:00,6200.0,23.9,22,Saturday,7,Summer
2023-07-08 23:00:00,6200.0,23.4,23,Saturday,7,Summer
2023-07-09 00:00:00,6200.0,22.8,0,Sunday,7,Summer
2023-07-09 01:00:00,6200.0,23.5,1,Sunday,7,Summer
2023-07-09 02:00:00,6156.8,20.3,2,Sunday,7,Summer
2023-07-09 03:00:00,5948.1,19.7,3,Sunday,7,Summer
2023-07-09 04:00:00,5339.4,22.2,4,Sunday,7,Summer
2023-07-09 05:00:00,5402.4,22.0,5,Sunday,7,Summer
2023-07-09 06:00:00,4646.7,21.1,6,Sunday,7,Summer
2023-07-09 07:00:00,4581.2,23.2,7,Sunday,7,Summer
2023-07-09 08:00:00,4555.7,19.2,8,Sunday,7,Summer
2023-07-09 09:00:00,4532.6,21.1,9,Sunday,7,Summer
2023-07-09 10:00:00,4502.6,21.2,10,Sunday,7,Summer
2023-07-09 11:00:00,4644.1,19.5,11,Sunday,7,Summer
2023-07-09 12:00:00,4918.6,24.2,12,Sunday,7,Summer
2023-07-09 13:00:00,5123.9,19.9,13,Sunday,7,Summer
2023-07-09 14:00:00,5682.9,21.1,14,Sunday,7,Summer
2023-07-09 15:00:00,5997.6,23.3,15,Sunday,7,Summer
2023-07-09 16:00:00,6200.0,22.9,16,Sunday,7,Summer
2023-07-09 17:00:00,6200.0,20.3,17,Sunday,7,Summer
2023-07-09 18:00:00,6200.0,23.0,18,Sunday,7,Summer
2023-07-09 19:00:00,6200.0,22.4,19,Sunday,7,Summer
2023-07-09 20:00:00,6200.0,25.4,20,Sunday,7,Summer
2023-07-09 21:00:00,6200.0,22.6,21,Sunday,7,Summer
2023-07-09 22:00:00,6200.0,21.7,22,Sunday,7,Summer
2023-07-09 23:00:00,6200.0,20.7,23,Sunday,7,Summer
2023-07-10 00:00:00,6200.0,21.0,0,Monday,7,Summer
2023-07-10 01:00:00,6200.0,20.9,1,Monday,7,Summer
2023-07-10 02:00:00,6042.8,24.2,2,Monday,7,Summer
2023-07-10 03:00:00,5859.5,22.2,3,Monday,7,Summer
2023-07-10 04:00:00,5582.1,23.0,4,Monday,7,Summer
2023-07-10 05:00:00,5070.7,24.4,5,Monday,7,Summer
2023-07-10 06:00:00,4964.6,18.6,6,Monday,7,Summer
2023-07-10 07:00:00,4501.0,24.1,7,Monday,7,Summer
2023-07-10 08:00:00,4670.8,22.2,8,Monday,7,Summer
2023-07-10 09:00:00,4462.2,22.8,9,Monday,7,Summer
2023-07-10 10:00:00,4440.0,20.9,10,Monday,7,Summer
2023-07-10 11:00:00,4609.0,21.0,11,Monday,7,Summer
2023-07-10 12:00:00,4959.6,22.9,12,Monday,7,Summer
2023-07-10 13:00:00,5070.8,25.7,13,Monday,7,Summer
2023-07-10 14:00:00,5380.6,23.7,14,Monday,7,Summer
2023-07-10 15:00:00,5833.0,24.0,15,Monday,7,Summer
2023-07-10 16:00:00,6112.9,21.9,16,Monday,7,Summer
2023-07-10 17:00:00,6200.0,21.2,17,Monday,7,Summer
2023-07-10 18:00:00,6200.0,21.0,18,Monday,7,Summer
2023-07-10 19:00:00,6200.0,21.4,19,Monday,7,Summer
2023-07-10 20:00:00,6200.0,19.1,20,Monday,7,Summer
2023-07-10 21:00:00,6200.0,21.1,21,Monday,7,Summer
2023-07-10 22:00:00,6200.0,21.3,22,Monday,7,Summer
2023-07-10 23:00:00,6200.0,21.9,23,Monday,7,Summer
2023-07-11 00:00:00,6200.0,22.6,0,Tuesday,7,Summer
2023-07-11 01:00:00,6200.0,22.9,1,Tuesday,7,Summer
2023-07-11 02:00:00,6200.0,22.3,2,Tuesday,7,Summer
2023-07-11 03:00:00,5952.0,21.5,3,Tuesday,7,Summer
2023-07-11 04:00:00,5402.3,19.4,4,Tuesday,7,Summer
2023-07-11 05:00:00,4997.2,21.5,5,Tuesday,7,Summer
2023-07-11 06:00:00,4778.8,20.9,6,Tuesday,7,Summer
2023-07-11 07:00:00,4659.1,23.1,7,Tuesday,7,Summer
2023-07-11 08:00:00,4561.4,23.7,8,Tuesday,7,Summer
2023-07-11 09:00:00,4211.7,23.8,9,Tuesday,7,Summer
2023-07-11 10:00:00,4499.1,23.5,10,Tuesday,7,Summer
2023-07-11 11:00:00,4654.7,22.2,11,Tuesday,7,Summer
2023-07-11 12:00:00,4819.9,21.6,12,Tuesday,7,Summer
2023-07-11 13:00:00,5303.6,21.2,13,Tuesday,7,Summer
2023-07-11 14:00:00,5532.4,20.1,14,Tuesday,7,Summer
2023-07-11 15:00:00,6048.0,23.8,15,Tuesday,7,Summer
2023-07-11 16:00:00,6200.0,22.1,16,Tuesday,7,Summer
2023-07-11 17:00:00,6200.0,20.5,17,Tuesday,7,Summer
2023-07-11 18:00:00,6200.0,21.1,18,Tuesday,7,Summer
2023-07-11 19:00:00,6200.0,21.1,19,Tuesday,7,Summer
2023-07-11 20:00:00,6200.0,22.4,20,Tuesday,7,Summer
2023-07-11 21:00:00,6200.0,24.0,21,Tuesday,7,Summer
2023-07-11 22:00:00,6200.0,21.8,22,Tuesday,7,Summer
2023-07-11 23:00:00,6200.0,19.0,23,Tuesday,7,Summer
2023-07-12 00:00:00,6200.0,22.3,0,Wednesday,7,Summer
2023-07-12 01:00:00,6200.0,22.3,1,Wednesday,7,Summer
2023-07-12 02:00:00,6171.7,22.2,2,Wednesday,7,Summer
2023-07-12 03:00:00,5515.3,21.6,3,Wednesday,7,Summer
2023-07-12 04:00:00,5652.6,22.9,4,Wednesday,7,Summer
2023-07-12 05:00:00,5061.7,22.7,5,Wednesday,7,Summer
2023-07-12 06:00:00,4851.9,22.5,6,Wednesday,7,Summer
2023-07-12 07:00:00,4592.8,23.2,7,Wednesday,7,Summer
2023-07-12 08:00:00,4621.2,21.9,8,Wednesday,7,Summer
2023-07-12 09:00:00,4130.7,21.8,9,Wednesday,7,Summer
2023-07-12 10:00:00,4490.6,24.6,10,Wednesday,7,Summer
2023-07-12 11:00:00,4616.4,23.4,11,Wednesday,7,Summer
2023-07-12 12:00:00,4790.5,23.8,12,Wednesday,7,Summer
2023-07-12 13:00:00,5350.6,24.4,13,Wednesday,7,Summer
2023-07-12 14:00:00,5344.3,23.3,14,Wednesday,7,Summer
2023-07-12 15:00:00,5959.2,24.0,15,Wednesday,7,Summer
2023-07-12 16:00:00,6200.0,20.2,16,Wednesday,7,Summer
2023-07-12 17:00:00,6200.0,22.9,17,Wednesday,7,Summer
2023-07-12 18:00:00,6200.0,22.3,18,Wednesday,7,Summer
2023-07-12 19:00:00,6200.0,25.1,19,Wednesday,7,Summer
2023-07-12 20:00:00,6200.0,23.9,20,Wednesday,7,Summer
2023-07-12 21:00:00,6200.0,21.6,21,Wednesday,7,Summer
2023-07-12 22:00:00,6200.0,23.1,22,Wednesday,7,Summer
2023-07-12 23:00:00,6200.0,22.8,23,Wednesday,7,Summer
2023-07-13 00:00:00,6200.0,23.4,0,Thursday,7,Summer
2023-07-13 01:00:00,6200.0,21.2,1,Thursday,7,Summer
2023-07-13 02:00:00,6046.0,23.3,2,Thursday,7,Summer
2023-07-13 03:00:00,5376.0,22.4,3,Thursday,7,Summer
2023-07-13 04:00:00,5517.6,23.2,4,Thursday,7,Summer
2023-07-13 05:00:00,4962.2,21.7,5,Thursday,7,Summer
2023-07-13 06:00:00,4592.7,21.9,6,Thursday,7,Summer
2023-07-13 07:00:00,4293.4,24.5,7,Thursday,7,Summer
2023-07-13 08:00:00,4575.9,21.2,8,Thursday,7,Summer
2023-07-13 09:00:00,4452.6,21.3,9,Thursday,7,Summer
2023-07-13 10:00:00,4459.3,22.7,10,Thursday,7,Summer
2023-07-13 11:00:00,4781.0,21.6,11,Thursday,7,Summer
2023-07-13 12:00:00,4914.0,21.4,12,Thursday,7,Summer
2023-07-13 13:00:00,5327.1,22.9,13,Thursday,7,Summer
2023-07-13 14:00:00,5266.0,20.5,14,Thursday,7,Summer
2023-07-13 15:00:00,5831.1,21.3,15,Thursday,7,Summer
2023-07-13 16:00:00,6013.4,25.8,16,Thursday,7,Summer
2023-07-13 17:00:00,6200.0,23.5,17,Thursday,7,Summer
2023-07-13 18:00:00,6200.0,21.6,18,Thursday,7,Summer
2023-07-13 19:00:00,6200.0,23.4,19,Thursday,7,Summer
2023-07-13 20:00:00,6200.0,23.6,20,Thursday,7,Summer
2023-07-13 21:00:00,6200.0,24.3,21,Thursday,7,Summer
2023-07-13 22:00:00,6200.0,22.6,22,Thursday,7,Summer
2023-07-13 23:00:00,6200.0,24.2,23,Thursday,7,Summer
2023-07-14 00:00:00,6200.0,19.9,0,Friday,7,Summer
2023-07-14 01:00:00,6200.0,21.4,1,Friday,7,Summer
2023-07-14 02:00:00,6177.0,23.2,2,Friday,7,Summer
2023-07-14 03:00:00,5671.7,23.5,3,Friday,7,Summer
2023-07-14 04:00:00,5637.9,21.6,4,Friday,7,Summer
2023-07-14 05:00:00,5072.8,23.4,5,Friday,7,Summer
2023-07-14 06:00:00,4759.6,22.0,6,Friday,7,Summer
2023-07-14 07:00:00,4557.7,22.6,7,Friday,7,Summer
2023-07-14 08:00:00,4556.8,24.5,8,Friday,7,Summer
2023-07-14 09:00:00,4412.7,24.3,9,Friday,7,Summer
2023-07-14 10:00:00,4404.6,21.5,10,Friday,7,Summer
2023-07-14 11:00:00,4804.1,21.4,11,Friday,7,Summer
2023-07-14 12:00:00,4724.8,22.4,12,Friday,7,Summer
2023-07-14 13:00:00,5115.4,22.9,13,Friday,7,Summer
2023-07-14 14:00:00,5534.8,22.0,14,Friday,7,Summer
2023-07-14 15:00:00,5587.9,24.5,15,Friday,7,Summer
2023-07-14 16:00:00,6200.0,23.5,16,Friday,7,Summer
2023-07-14 17:00:00,6200.0,23.6,17,Friday,7,Summer
2023-07-14 18:00:00,6200.0,21.1,18,Friday,7,Summer
2023-07-14 19:00:00,6200.0,24.7,19,Friday,7,Summer
2023-07-14 20:00:00,6200.0,18.7,20,Friday,7,Summer
2023-07-14 21:00:00,6200.0,24.2,21,Friday,7,Summer
2023-07-14 22:00:00,6200.0,24.4,22,Friday,7,Summer
2023-07-14 23:00:00,6200.0,22.3,23,Friday,7,Summer
2023-07-15 00:00:00,6200.0,25.1,0,Saturday,7,Summer
2023-07-15 01:00:00,6200.0,23.1,1,Saturday,7,Summer
2023-07-15 02:00:00,6200.0,23.3,2,Saturday,7,Summer
2023-07-15 03:00:00,5675.7,23.7,3,Saturday,7,Summer
2023-07-15 04:00:00,5285.4,28.0,4,Saturday,7,Summer
2023-07-15 05:00:00,5184.1,25.2,5,Saturday,7,Summer
2023-07-15 06:00:00,4722.7,24.2,6,Saturday,7,Summer
2023-07-15 07:00:00,4493.9,21.8,7,Saturday,7,Summer
2023-07-15 08:00:00,4306.6,23.4,8,Saturday,7,Summer
2023-07-15 09:00:00,4368.3,22.0,9,Saturday,7,Summer
2023-07-15 10:00:00,4458.7,24.4,10,Saturday,7,Summer
2023-07-15 11:00:00,4631.3,23.4,11,Saturday,7,Summer
2023-07-15 12:00:00,4933.5,21.5,12,Saturday,7,Summer
2023-07-15 13:00:00,5168.3,23.3,13,Saturday,7,Summer
2023-07-15 14:00:00,5409.6,21.9,14,Saturday,7,Summer
2023-07-15 15:00:00,5785.6,23.4,15,Saturday,7,Summer
2023-07-15 16:00:00,6200.0,21.9,16,Saturday,7,Summer
2023-07-15 17:00:00,6200.0,23.2,17,Saturday,7,Summer
2023-07-15 18:00:00,6200.0,24.3,18,Saturday,7,Summer
2023-07-15 19:00:00,6200.0,23.1,19,Saturday,7,Summer
2023-07-15 20:00:00,6200.0,22.6,20,Saturday,7,Summer
2023-07-15 21:00:00,6200.0,23.5,21,Saturday,7,Summer
2023-07-15 22:00:00,6200.0,24.2,22,Saturday,7,Summer
2023-07-15 23:00:00,6200.0,21.5,23,Saturday,7,Summer
2023-07-16 00:00:00,6200.0,23.8,0,Sunday,7,Summer
2023-07-16 01:00:00,6200.0,25.4,1,Sunday,7,Summer
2023-07-16 02:00:00,6200.0,24.2,2,Sunday,7,Summer
2023-07-16 03:00:00,5695.5,23.5,3,Sunday,7,Summer
2023-07-16 04:00:00,5544.6,24.3,4,Sunday,7,Summer
2023-07-16 05:00:00,5084.2,24.1,5,Sunday,7,Summer
2023-07-16 06:00:00,4735.9,24.5,6,Sunday,7,Summer
2023-07-16 07:00:00,4662.2,20.3,7,Sunday,7,Summer
2023-07-16 08:00:00,4504.7,21.1,8,Sunday,7,Summer
2023-07-16 09:00:00,4452.3,24.9,9,Sunday,7,Summer
2023-07-16 10:00:00,4468.1,21.1,10,Sunday,7,Summer
2023-07-16 11:00:00,4589.8,24.0,11,Sunday,7,Summer
2023-07-16 12:00:00,5096.5,22.9,12,Sunday,7,Summer
2023-07-16 13:00:00,5241.7,21.9,13,Sunday,7,Summer
2023-07-16 14:00:00,5522.8,23.9,14,Sunday,7,Summer
2023-07-16 15:00:00,5819.0,23.7,15,Sunday,7,Summer
2023-07-16 16:00:00,6200.0,26.5,16,Sunday,7,Summer
2023-07-16 17:00:00,6200.0,22.4,17,Sunday,7,Summer
2023-07-16 18:00:00,6200.0,25.5,18,Sunday,7,Summer
2023-07-16 19:00:00,6200.0,23.9,19,Sunday,7,Summer
2023-07-16 20:00:00,6200.0,22.4,20,Sunday,7,Summer
2023-07-16 21:00:00,6200.0,24.6,21,Sunday,7,Summer
2023-07-16 22:00:00,6200.0,24.2,22,Sunday,7,Summer
2023-07-16 23:00:00,6200.0,23.4,23,Sunday,7,Summer
2023-07-17 00:00:00,6200.0,24.0,0,Monday,7,Summer
2023-07-17 01:00:00,6200.0,22.7,1,Monday,7,Summer
2023-07-17 02:00:00,5921.2,22.3,2,Monday,7,Summer
2023-07-17 03:00:00,5746.2,24.7,3,Monday,7,Summer
2023-07-17 04:00:00,5262.7,23.3,4,Monday,7,Summer
2023-07-17 05:00:00,5138.7,23.5,5,Monday,7,Summer
2023-07-17 06:00:00,4834.0,24.0,6,Monday,7,Summer
2023-07-17 07:00:00,4694.4,24.0,7,Monday,7,Summer
2023-07-17 08:00:00,4361.8,21.4,8,Monday,7,Summer
2023-07-17 09:00:00,4407.5,25.5,9,Monday,7,Summer
2023-07-17 10:00:00,4297.9,23.8,10,Monday,7,Summer
2023-07-17 11:00:00,4665.0,23.3,11,Monday,7,Summer
2023-07-17 12:00:00,4861.6,24.2,12,Monday,7,Summer
2023-07-17 13:00:00,5143.4,23.9,13,Monday,7,Summer
2023-07-17 14:00:00,5413.7,24.7,14,Monday,7,Summer
2023-07-17 15:00:00,5850.8,24.4,15,Monday,7,Summer
2023-07-17 16:00:00,6200.0,24.7,16,Monday,7,Summer
2023-07-17 17:00:00,6200.0,25.6,17,Monday,7,Summer
2023-07-17 18:00:00,6200.0,24.9,18,Monday,7,Summer
2023-07-17 19:00:00,6200.0,23.3,19,Monday,7,Summer
2023-07-17 20:00:00,6200.0,21.9,20,Monday,7,Summer
2023-07-17 21:00:00,6200.0,26.1,21,Monday,7,Summer
2023-07-17 22:00:00,6200.0,23.2,22,Monday,7,Summer
2023-07-17 23:00:00,6200.0,22.9,23,Monday,7,Summer
2023-07-18 00:00:00,6200.0,21.2,0,Tuesday,7,Summer
2023-07-18 01:00:00,6200.0,24.3,1,Tuesday,7,Summer
2023-07-18 02:00:00,6008.1,24.0,2,Tuesday,7,Summer
2023-07-18 03:00:00,5783.3,21.5,3,Tuesday,7,Summer
2023-07-18 04:00:00,5190.6,24.5,4,Tuesday,7,Summer
2023-07-18 05:00:00,5229.9,23.0,5,Tuesday,7,Summer
2023-07-18 06:00:00,4709.1,27.8,6,Tuesday,7,Summer
2023-07-18 07:00:00,4657.3,22.9,7,Tuesday,7,Summer
2023-07-18 08:00:00,4299.2,23.1,8,Tuesday,7,Summer
2023-07-18 09:00:00,4467.8,22.5,9,Tuesday,7,Summer
2023-07-18 10:00:00,4514.8,25.7,10,Tuesday,7,Summer
2023-07-18 11:00:00,4618.7,23.2,11,Tuesday,7,Summer
2023-07-18 12:00:00,4670.0,22.7,12,Tuesday,7,Summer
2023-07-18 13:00:00,5101.1,24.9,13,Tuesday,7,Summer
2023-07-18 14:00:00,5242.1,21.7,14,Tuesday,7,Summer
2023-07-18 15:00:00,5741.8,24.7,15,Tuesday,7,Summer
2023-07-18 16:00:00,6200.0,26.5,16,Tuesday,7,Summer
2023-07-18 17:00:00,6200.0,24.6,17,Tuesday,7,Summer
2023-07-18 18:00:00,6200.0,24.8,18,Tuesday,7,Summer
2023-07-18 19:00:00,6200.0,25.1,19,Tuesday,7,Summer
2023-07-18 20:00:00,6200.0,26.4,20,Tuesday,7,Summer
2023-07-18 21:00:00,6200.0,25.6,21,Tuesday,7,Summer
2023-07-18 22:00:00,6200.0,24.5,22,Tuesday,7,Summer
2023-07-18 23:00:00,6200.0,25.1,23,Tuesday,7,Summer
2023-07-19 00:00:00,6200.0,22.7,0,Wednesday,7,Summer
2023-07-19 01:00:00,6200.0,25.2,1,Wednesday,7,Summer
2023-07-19 02:00:00,5909.5,22.5,2,Wednesday,7,Summer
2023-07-19 03:00:00,5273.2,23.4,3,Wednesday,7,Summer
2023-07-19 04:00:00,5417.9,19.4,4,Wednesday,7,Summer
2023-07-19 05:00:00,5093.2,24.6,5,Wednesday,7,Summer
2023-07-19 06:00:00,4576.1,23.0,6,Wednesday,7,Summer
2023-07-19 07:00:00,4452.9,25.7,7,Wednesday,7,Summer
2023-07-19 08:00:00,4735.5,24.6,8,Wednesday,7,Summer
2023-07-19 09:00:00,4351.0,25.7,9,Wednesday,7,Summer
2023-07-19 10:00:00,4511.3,22.4,10,Wednesday,7,Summer
2023-07-19 11:00:00,4490.3,25.6,11,Wednesday,7,Summer
2023-07-19 12:00:00,4528.6,27.2,12,Wednesday,7,Summer
2023-07-19 13:00:00,5036.7,25.1,13,Wednesday,7,Summer
2023-07-19 14:00:00,5354.0,25.2,14,Wednesday,7,Summer
2023-07-19 15:00:00,5707.8,24.3,15,Wednesday,7,Summer
2023-07-19 16:00:00,6173.0,23.2,16,Wednesday,7,Summer
2023-07-19 17:00:00,6200.0,25.1,17,Wednesday,7,Summer
2023-07-19 18:00:00,6200.0,21.7,18,Wednesday,7,Summer
2023-07-19 19:00:00,6200.0,23.4,19,Wednesday,7,Summer
2023-07-19 20:00:00,6200.0,21.3,20,Wednesday,7,Summer
2023-07-19 21:00:00,6200.0,22.9,21,Wednesday,7,Summer
2023-07-19 22:00:00,6200.0,25.0,22,Wednesday,7,Summer
2023-07-19 23:00:00,6200.0,24.8,23,Wednesday,7,Summer
2023-07-20 00:00:00,6200.0,24.3,0,Thursday,7,Summer
2023-07-20 01:00:00,6200.0,24.5,1,Thursday,7,Summer
2023-07-20 02:00:00,5850.4,21.4,2,Thursday,7,Summer
2023-07-20 03:00:00,5613.8,23.6,3,Thursday,7,Summer
2023-07-20 04:00:00,5332.7,23.2,4,Thursday,7,Summer
2023-07-20 05:00:00,4843.4,23.2,5,Thursday,7,Summer
2023-07-20 06:00:00,4678.9,25.1,6,Thursday,7,Summer
2023-07-20 07:00:00,4628.3,22.9,7,Thursday,7,Summer
2023-07-20 08:00:00,4577.8,23.3,8,Thursday,7,Summer
2023-07-20 09:00:00,4328.5,21.1,9,Thursday,7,Summer
2023-07-20 10:00:00,4503.7,23.8,10,Thursday,7,Summer
2023-07-20 11:00:00,4336.1,22.6,11,Thursday,7,Summer
2023-07-20 12:00:00,4845.9,24.3,12,Thursday,7,Summer
2023-07-20 13:00:00,4945.1,22.8,13,Thursday,7,Summer
2023-07-20 14:00:00,5418.7,24.4,14,Thursday,7,Summer
2023-07-20 15:00:00,5716.5,24.0,15,Thursday,7,Summer
2023-07-20 16:00:00,6200.0,26.7,16,Thursday,7,Summer
2023-07-20 17:00:00,6200.0,25.0,17,Thursday,7,Summer
2023-07-20 18:00:00,6200.0,21.4,18,Thursday,7,Summer
2023-07-20 19:00:00,6200.0,22.3,19,Thursday,7,Summer
2023-07-20 20:00:00,6200.0,24.3,20,Thursday,7,Summer
2023-07-20 21:00:00,6200.0,22.8,21,Thursday,7,Summer
2023-07-20 22:00:00,6200.0,19.8,22,Thursday,7,Summer
2023-07-20 23:00:00,6200.0,26.2,23,Thursday,7,Summer
2023-07-21 00:00:00,6200.0,25.5,0,Friday,7,Summer
2023-07-21 01:00:00,6200.0,25.2,1,Friday,7,Summer
2023-07-21 02:00:00,6060.2,23.5,2,Friday,7,Summer
2023-07-21 03:00:00,5815.0,25.1,3,Friday,7,Summer
2023-07-21 04:00:00,5478.8,23.4,4,Friday,7,Summer
2023-07-21 05:00:00,4900.4,24.7,5,Friday,7,Summer
2023-07-21 06:00:00,4858.9,23.0,6,Friday,7,Summer
2023-07-21 07:00:00,4408.4,26.7,7,Friday,7,Summer
2023-07-21 08:00:00,4474.3,22.1,8,Friday,7,Summer
2023-07-21 09:00:00,4431.5,26.3,9,Friday,7,Summer
2023-07-21 10:00:00,4198.8,24.5,10,Friday,7,Summer
2023-07-21 11:00:00,4553.7,23.7,11,Friday,7,Summer
2023-07-21 12:00:00,4700.2,24.7,12,Friday,7,Summer
2023-07-21 13:00:00,4939.0,25.5,13,Friday,7,Summer
2023-07-21 14:00:00,5545.7,26.5,14,Friday,7,Summer
2023-07-21 15:00:00,5644.6,24.9,15,Friday,7,Summer
2023-07-21 16:00:00,6037.5,23.1,16,Friday,7,Summer
2023-07-21 17:00:00,6200.0,24.5,17,Friday,7,Summer
2023-07-21 18:00:00,6200.0,27.1,18,Friday,7,Summer
2023-07-21 19:00:00,6200.0,26.4,19,Friday,7,Summer
2023-07-21 20:00:00,6200.0,25.8,20,Friday,7,Summer
2023-07-21 21:00:00,6200.0,25.6,21,Friday,7,Summer
2023-07-21 22:00:00,6200.0,25.5,22,Friday,7,Summer
2023-07-21 23:00:00,6200.0,26.2,23,Friday,7,Summer
2023-07-22 00:00:00,6200.0,23.9,0,Saturday,7,Summer
2023-07-22 01:00:00,6200.0,22.6,1,Saturday,7,Summer
2023-07-22 02:00:00,5636.6,24.7,2,Saturday,7,Summer
2023-07-22 03:00:00,6049.6,23.4,3,Saturday,7,Summer
2023-07-22 04:00:00,5412.8,23.0,4,Saturday,7,Summer
2023-07-22 05:00:00,5038.9,23.5,5,Saturday,7,Summer
2023-07-22 06:00:00,4884.0,28.3,6,Saturday,7,Summer
2023-07-22 07:00:00,4797.4,24.8,7,Saturday,7,Summer
2023-07-22 08:00:00,4494.4,25.2,8,Saturday,7,Summer
2023-07-22 09:00:00,4456.4,22.8,9,Saturday,7,Summer
2023-07-22 10:00:00,4413.0,21.9,10,Saturday,7,Summer
2023-07-22 11:00:00,4515.9,23.4,11,Saturday,7,Summer
2023-07-22 12:00:00,4687.7,26.8,12,Saturday,7,Summer
2023-07-22 13:00:00,4918.3,25.1,13,Saturday,7,Summer
2023-07-22 14:00:00,5259.4,25.5,14,Saturday,7,Summer
2023-07-22 15:00:00,5530.9,25.7,15,Saturday,7,Summer
2023-07-22 16:00:00,6134.8,23.7,16,Saturday,7,Summer
2023-07-22 17:00:00,6200.0,26.7,17,Saturday,7,Summer
2023-07-22 18:00:00,6200.0,23.7,18,Saturday,7,Summer
2023-07-22 19:00:00,6200.0,26.7,19,Saturday,7,Summer
2023-07-22 20:00:00,6200.0,25.3,20,Saturday,7,Summer
2023-07-22 21:00:00,6200.0,21.9,21,Saturday,7,Summer
2023-07-22 22:00:00,6200.0,23.5,22,Saturday,7,Summer
2023-07-22 23:00:00,6200.0,21.9,23,Saturday,7,Summer
2023-07-23 00:00:00,6200.0,26.6,0,Sunday,7,Summer
2023-07-23 01:00:00,6200.0,24.8,1,Sunday,7,Summer
2023-07-23 02:00:00,5925.6,21.5,2,Sunday,7,Summer
2023-07-23 03:00:00,5528.8,25.4,3,Sunday,7,Summer
2023-07-23 04:00:00,5149.8,24.0,4,Sunday,7,Summer
2023-07-23 05:00:00,5061.5,22.6,5,Sunday,7,Summer
2023-07-23 06:00:00,4651.2,27.3,6,Sunday,7,Summer
2023-07-23 07:00:00,4629.7,25.0,7,Sunday,7,Summer
2023-07-23 08:00:00,4496.4,24.4,8,Sunday,7,Summer
2023-07-23 09:00:00,4491.2,24.2,9,Sunday,7,Summer
2023-07-23 10:00:00,4293.9,22.6,10,Sunday,7,Summer
2023-07-23 11:00:00,4574.1,22.9,11,Sunday,7,Summer
2023-07-23 12:00:00,4806.9,26.8,12,Sunday,7,Summer
2023-07-23 13:00:00,4949.8,24.1,13,Sunday,7,Summer
2023-07-23 14:00:00,5234.7,24.9,14,Sunday,7,Summer
2023-07-23 15:00:00,5939.4,21.8,15,Sunday,7,Summer
2023-07-23 16:00:00,6165.7,22.8,16,Sunday,7,Summer
2023-07-23 17:00:00,6200.0,25.7,17,Sunday,7,Summer
2023-07-23 18:00:00,6200.0,25.4,18,Sunday,7,Summer
2023-07-23 19:00:00,6200.0,27.5,19,Sunday,7,Summer
2023-07-23 20:00:00,6200.0,26.8,20,Sunday,7,Summer
2023-07-23 21:00:00,6200.0,24.5,21,Sunday,7,Summer
2023-07-23 22:00:00,6200.0,25.5,22,Sunday,7,Summer
2023-07-23 23:00:00,6200.0,24.4,23,Sunday,7,Summer
2023-07-24 00:00:00,6200.0,28.1,0,Monday,7,Summer
2023-07-24 01:00:00,6144.4,26.8,1,Monday,7,Summer
2023-07-24 02:00:00,6101.9,25.3,2,Monday,7,Summer
2023-07-24 03:00:00,5743.2,25.3,3,Monday,7,Summer
2023-07-24 04:00:00,5262.2,27.2,4,Monday,7,Summer
2023-07-24 05:00:00,4867.2,25.9,5,Monday,7,Summer
2023-07-24 06:00:00,4598.1,27.4,6,Monday,7,Summer
2023-07-24 07:00:00,4466.4,21.7,7,Monday,7,Summer
2023-07-24 08:00:00,4446.4,25.7,8,Monday,7,Summer
2023-07-24 09:00:00,4431.2,24.3,9,Monday,7,Summer
2023-07-24 10:00:00,4321.6,27.7,10,Monday,7,Summer
2023-07-24 11:00:00,4378.5,27.4,11,Monday,7,Summer
2023-07-24 12:00:00,4751.3,25.1,12,Monday,7,Summer
2023-07-24 13:00:00,4893.2,27.3,13,Monday,7,Summer
2023-07-24 14:00:00,5254.6,27.7,14,Monday,7,Summer
2023-07-24 15:00:00,5883.3,25.1,15,Monday,7,Summer
2023-07-24 16:00:00,6200.0,28.7,16,Monday,7,Summer
2023-07-24 17:00:00,6200.0,25.0,17,Monday,7,Summer
2023-07-24 18:00:00,6200.0,24.7,18,Monday,7,Summer
2023-07-24 19:00:00,6200.0,26.3,19,Monday,7,Summer
2023-07-24 20:00:00,6200.0,24.5,20,Monday,7,Summer
2023-07-24 21:00:00,6200.0,25.2,21,Monday,7,Summer
2023-07-24 22:00:00,6200.0,27.1,22,Monday,7,Summer
2023-07-24 23:00:00,6200.0,25.1,23,Monday,7,Summer
2023-07-25 00:00:00,6200.0,22.7,0,Tuesday,7,Summer
2023-07-25 01:00:00,6200.0,25.8,1,Tuesday,7,Summer
2023-07-25 02:00:00,6072.9,24.2,2,Tuesday,7,Summer
2023-07-25 03:00:00,5842.0,26.5,3,Tuesday,7,Summer
2023-07-25 04:00:00,5359.2,26.3,4,Tuesday,7,Summer
2023-07-25 05:00:00,4918.3,27.4,5,Tuesday,7,Summer
2023-07-25 06:00:00,4653.8,26.6,6,Tuesday,7,Summer
2023-07-25 07:00:00,4523.1,26.9,7,Tuesday,7,Summer
2023-07-25 08:00:00,4223.2,24.2,8,Tuesday,7,Summer
2023-07-25 09:00:00,4303.5,26.4,9,Tuesday,7,Summer
2023-07-25 10:00:00,4483.7,28.2,10,Tuesday,7,Summer
2023-07-25 11:00:00,4250.0,24.2,11,Tuesday,7,Summer
2023-07-25 12:00:00,4887.4,27.9,12,Tuesday,7,Summer
2023-07-25 13:00:00,5122.3,24.4,13,Tuesday,7,Summer
2023-07-25 14:00:00,5248.2,24.0,14,Tuesday,7,Summer
2023-07-25 15:00:00,5756.4,25.7,15,Tuesday,7,Summer
2023-07-25 16:00:00,6098.7,26.3,16,Tuesday,7,Summer
2023-07-25 17:00:00,6200.0,26.6,17,Tuesday,7,Summer
2023-07-25 18:00:00,6200.0,23.8,18,Tuesday,7,Summer
2023-07-25 19:00:00,6200.0,25.9,19,Tuesday,7,Summer
2023-07-25 20:00:00,6200.0,24.2,20,Tuesday,7,Summer
2023-07-25 21:00:00,6200.0,23.0,21,Tuesday,7,Summer
2023-07-25 22:00:00,6200.0,23.8,22,Tuesday,7,Summer
2023-07-25 23:00:00,6200.0,24.1,23,Tuesday,7,Summer
2023-07-26 00:00:00,6200.0,26.2,0,Wednesday,7,Summer
2023-07-26 01:00:00,6200.0,27.2,1,Wednesday,7,Summer
2023-07-26 02:00:00,5858.0,23.2,2,Wednesday,7,Summer
2023-07-26 03:00:00,5439.0,26.0,3,Wednesday,7,Summer
2023-07-26 04:00:00,5234.2,23.7,4,Wednesday,7,Summer
2023-07-26 05:00:00,5020.8,26.4,5,Wednesday,7,Summer
2023-07-26 06:00:00,4721.7,24.5,6,Wednesday,7,Summer
2023-07-26 07:00:00,4624.2,23.9,7,Wednesday,7,Summer
2023-07-26 08:00:00,4437.8,26.6,8,Wednesday,7,Summer
2023-07-26 09:00:00,4411.3,24.6,9,Wednesday,7,Summer
2023-07-26 10:00:00,4387.4,25.0,10,Wednesday,7,Summer
2023-07-26 11:00:00,4328.0,22.1,11,Wednesday,7,Summer
2023-07-26 12:00:00,4670.8,26.9,12,Wednesday,7,Summer
2023-07-26 13:00:00,5100.3,26.7,13,Wednesday,7,Summer
2023-07-26 14:00:00,5287.6,25.5,14,Wednesday,7,Summer
2023-07-26 15:00:00,5734.6,23.2,15,Wednesday,7,Summer
2023-07-26 16:00:00,6032.7,27.3,16,Wednesday,7,Summer
2023-07-26 17:00:00,6200.0,24.4,17,Wednesday,7,Summer
2023-07-26 18:00:00,6200.0,24.8,18,Wednesday,7,Summer
2023-07-26 19:00:00,6200.0,28.9,19,Wednesday,7,Summer
2023-07-26 20:00:00,6200.0,24.4,20,Wednesday,7,Summer
2023-07-26 21:00:00,6200.0,26.6,21,Wednesday,7,Summer
2023-07-26 22:00:00,6200.0,26.3,22,Wednesday,7,Summer
2023-07-26 23:00:00,6200.0,26.0,23,Wednesday,7,Summer
2023-07-27 00:00:00,6200.0,26.1,0,Thursday,7,Summer
2023-07-27 01:00:00,6200.0,26.2,1,Thursday,7,Summer
2023-07-27 02:00:00,6178.7,26.1,2,Thursday,7,Summer
2023-07-27 03:00:00,5599.3,25.6,3,Thursday,7,Summer
2023-07-27 04:00:00,5137.2,27.9,4,Thursday,7,Summer
2023-07-27 05:00:00,4694.3,23.7,5,Thursday,7,Summer
2023-07-27 06:00:00,4507.8,27.2,6,Thursday,7,Summer
2023-07-27 07:00:00,4317.3,26.9,7,Thursday,7,Summer
2023-07-27 08:00:00,4489.0,26.7,8,Thursday,7,Summer
2023-07-27 09:00:00,4307.0,27.3,9,Thursday,7,Summer
2023-07-27 10:00:00,4381.7,25.5,10,Thursday,7,Summer
2023-07-27 11:00:00,4222.7,22.8,11,Thursday,7,Summer
2023-07-27 12:00:00,4540.2,25.5,12,Thursday,7,Summer
2023-07-27 13:00:00,5064.3,24.2,13,Thursday,7,Summer
2023-07-27 14:00:00,5317.1,24.5,14,Thursday,7,Summer
2023-07-27 15:00:00,5626.4,23.8,15,Thursday,7,Summer
2023-07-27 16:00:00,6149.4,24.9,16,Thursday,7,Summer
2023-07-27 17:00:00,6200.0,24.8,17,Thursday,7,Summer
2023-07-27 18:00:00,6200.0,22.1,18,Thursday,7,Summer
2023-07-27 19:00:00,6200.0,26.7,19,Thursday,7,Summer
2023-07-27 20:00:00,6200.0,29.0,20,Thursday,7,Summer
2023-07-27 21:00:00,6200.0,26.6,21,Thursday,7,Summer
2023-07-27 22:00:00,6200.0,25.3,22,Thursday,7,Summer
2023-07-27 23:00:00,6200.0,25.6,23,Thursday,7,Summer
2023-07-28 00:00:00,6200.0,25.2,0,Friday,7,Summer
2023-07-28 01:00:00,6200.0,26.0,1,Friday,7,Summer
2023-07-28 02:00:00,5836.3,25.8,2,Friday,7,Summer
2023-07-28 03:00:00,5587.3,24.6,3,Friday,7,Summer
2023-07-28 04:00:00,5348.0,28.4,4,Friday,7,Summer
2023-07-28 05:00:00,5322.3,23.6,5,Friday,7,Summer
2023-07-28 06:00:00,4760.5,26.9,6,Friday,7,Summer
2023-07-28 07:00:00,4363.2,25.7,7,Friday,7,Summer
2023-07-28 08:00:00,4280.8,28.7,8,Friday,7,Summer
2023-07-28 09:00:00,4233.4,26.4,9,Friday,7,Summer
2023-07-28 10:00:00,4132.4,25.3,10,Friday,7,Summer
2023-07-28 11:00:00,4421.0,25.5,11,Friday,7,Summer
2023-07-28 12:00:00,4752.0,25.9,12,Friday,7,Summer
2023-07-28 13:00:00,4782.5,24.1,13,Friday,7,Summer
2023-07-28 14:00:00,5401.7,24.7,14,Friday,7,Summer
2023-07-28 15:00:00,5699.2,23.2,15,Friday,7,Summer
2023-07-28 16:00:00,5935.0,24.5,16,Friday,7,Summer
2023-07-28 17:00:00,6200.0,26.0,17,Friday,7,Summer
2023-07-28 18:00:00,6200.0,26.3,18,Friday,7,Summer
2023-07-28 19:00:00,6200.0,22.9,19,Friday,7,Summer
2023-07-28 20:00:00,6200.0,25.6,20,Friday,7,Summer
2023-07-28 21:00:00,6200.0,26.7,21,Friday,7,Summer
2023-07-28 22:00:00,6200.0,25.6,22,Friday,7,Summer
2023-07-28 23:00:00,6200.0,24.9,23,Friday,7,Summer
2023-07-29 00:00:00,6160.2,25.4,0,Saturday,7,Summer
2023-07-29 01:00:00,6200.0,25.2,1,Saturday,7,Summer
2023-07-29 02:00:00,5938.8,25.1,2,Saturday,7,Summer
2023-07-29 03:00:00,5632.8,26.3,3,Saturday,7,Summer
2023-07-29 04:00:00,5231.1,29.5,4,Saturday,7,Summer
2023-07-29 05:00:00,4832.7,24.9,5,Saturday,7,Summer
2023-07-29 06:00:00,4630.6,25.6,6,Saturday,7,Summer
2023-07-29 07:00:00,4266.6,26.0,7,Saturday,7,Summer
2023-07-29 08:00:00,4559.1,25.0,8,Saturday,7,Summer
2023-07-29 09:00:00,4137.3,27.7,9,Saturday,7,Summer
2023-07-29 10:00:00,4202.3,22.5,10,Saturday,7,Summer
2023-07-29 11:00:00,4395.4,25.3,11,Saturday,7,Summer
2023-07-29 12:00:00,4802.3,27.3,12,Saturday,7,Summer
2023-07-29 13:00:00,4926.7,25.6,13,Saturday,7,Summer
2023-07-29 14:00:00,5085.7,24.8,14,Saturday,7,Summer
2023-07-29 15:00:00,5789.6,26.7,15,Saturday,7,Summer
2023-07-29 16:00:00,6137.8,27.4,16,Saturday,7,Summer
2023-07-29 17:00:00,6200.0,26.4,17,Saturday,7,Summer
2023-07-29 18:00:00,6200.0,24.9,18,Saturday,7,Summer
2023-07-29 19:00:00,6200.0,26.7,19,Saturday,7,Summer
2023-07-29 20:00:00,6200.0,25.5,20,Saturday,7,Summer
2023-07-29 21:00:00,6200.0,27.2,21,Saturday,7,Summer
2023-07-29 22:00:00,6200.0,28.3,22,Saturday,7,Summer
2023-07-29 23:00:00,6200.0,22.1,23,Saturday,7,Summer
2023-07-30 00:00:00,6200.0,26.4,0,Sunday,7,Summer
2023-07-30 01:00:00,5949.3,23.7,1,Sunday,7,Summer
2023-07-30 02:00:00,5872.4,29.9,2,Sunday,7,Summer
2023-07-30 03:00:00,5447.0,25.6,3,Sunday,7,Summer
2023-07-30 04:00:00,5330.5,27.4,4,Sunday,7,Summer
2023-07-30 05:00:00,5039.3,26.2,5,Sunday,7,Summer
2023-07-30 06:00:00,4397.2,25.1,6,Sunday,7,Summer
2023-07-30 07:00:00,4428.1,24.9,7,Sunday,7,Summer
2023-07-30 08:00:00,4420.8,28.6,8,Sunday,7,Summer
2023-07-30 09:00:00,4235.9,27.7,9,Sunday,7,Summer
2023-07-30 10:00:00,4378.6,29.2,10,Sunday,7,Summer
2023-07-30 11:00:00,4469.4,26.3,11,Sunday,7,Summer
2023-07-30 12:00:00,4677.7,26.7,12,Sunday,7,Summer
2023-07-30 13:00:00,4876.4,25.9,13,Sunday,7,Summer
2023-07-30 14:00:00,5072.5,25.8,14,Sunday,7,Summer
2023-07-30 15:00:00,5439.3,24.7,15,Sunday,7,Summer
2023-07-30 16:00:00,6115.6,26.4,16,Sunday,7,Summer
2023-07-30 17:00:00,6200.0,25.1,17,Sunday,7,Summer
2023-07-30 18:00:00,6200.0,26.9,18,Sunday,7,Summer
2023-07-30 19:00:00,6200.0,26.5,19,Sunday,7,Summer
2023-07-30 20:00:00,6200.0,26.7,20,Sunday,7,Summer
2023-07-30 21:00:00,6200.0,28.8,21,Sunday,7,Summer
2023-07-30 22:00:00,6200.0,26.2,22,Sunday,7,Summer
2023-07-30 23:00:00,6200.0,27.4,23,Sunday,7,Summer
2023-07-31 00:00:00,6200.0,29.5,0,Monday,7,Summer
2023-07-31 01:00:00,6160.6,28.4,1,Monday,7,Summer
2023-07-31 02:00:00,5883.4,28.2,2,Monday,7,Summer
2023-07-31 03:00:00,5765.1,26.0,3,Monday,7,Summer
2023-07-31 04:00:00,5203.2,26.8,4,Monday,7,Summer
2023-07-31 05:00:00,4927.7,24.5,5,Monday,7,Summer
2023-07-31 06:00:00,4486.8,27.2,6,Monday,7,Summer
2023-07-31 07:00:00,4392.2,26.9,7,Monday,7,Summer
2023-07-31 08:00:00,4351.9,26.5,8,Monday,7,Summer
2023-07-31 09:00:00,4077.3,28.0,9,Monday,7,Summer
2023-07-31 10:00:00,4308.1,24.6,10,Monday,7,Summer
2023-07-31 11:00:00,4427.6,28.9,11,Monday,7,Summer
2023-07-31 12:00:00,4628.1,27.8,12,Monday,7,Summer
2023-07-31 13:00:00,5021.0,26.4,13,Monday,7,Summer
2023-07-31 14:00:00,5258.6,26.2,14,Monday,7,Summer
2023-07-31 15:00:00,5784.5,27.2,15,Monday,7,Summer
2023-07-31 16:00:00,5841.1,28.7,16,Monday,7,Summer
2023-07-31 17:00:00,6200.0,26.6,17,Monday,7,Summer
2023-07-31 18:00:00,6200.0,26.7,18,Monday,7,Summer
2023-07-31 19:00:00,6200.0,26.5,19,Monday,7,Summer
2023-07-31 20:00:00,6200.0,29.1,20,Monday,7,Summer
2023-07-31 21:00:00,6200.0,25.9,21,Monday,7,Summer
2023-07-31 22:00:00,6200.0,26.4,22,Monday,7,Summer
2023-07-31 23:00:00,6200.0,28.7,23,Monday,7,Summer
2023-08-01 00:00:00,6200.0,26.9,0,Tuesday,8,Summer
2023-08-01 01:00:00,6062.1,28.4,1,Tuesday,8,Summer
2023-08-01 02:00:00,5592.9,25.3,2,Tuesday,8,Summer
2023-08-01 03:00:00,5426.8,26.4,3,Tuesday,8,Summer
2023-08-01 04:00:00,5008.3,28.9,4,Tuesday,8,Summer
2023-08-01 05:00:00,5084.1,25.6,5,Tuesday,8,Summer
2023-08-01 06:00:00,4594.7,26.4,6,Tuesday,8,Summer
2023-08-01 07:00:00,4364.0,27.0,7,Tuesday,8,Summer
2023-08-01 08:00:00,4367.6,25.2,8,Tuesday,8,Summer
2023-08-01 09:00:00,4109.9,26.0,9,Tuesday,8,Summer
2023-08-01 10:00:00,4190.7,26.8,10,Tuesday,8,Summer
2023-08-01 11:00:00,4409.6,26.7,11,Tuesday,8,Summer
2023-08-01 12:00:00,4726.8,28.6,12,Tuesday,8,Summer
2023-08-01 13:00:00,4939.3,29.0,13,Tuesday,8,Summer
2023-08-01 14:00:00,5230.3,25.4,14,Tuesday,8,Summer
2023-08-01 15:00:00,5571.1,26.8,15,Tuesday,8,Summer
2023-08-01 16:00:00,6030.2,27.7,16,Tuesday,8,Summer
2023-08-01 17:00:00,6200.0,28.9,17,Tuesday,8,Summer
2023-08-01 18:00:00,6200.0,27.7,18,Tuesday,8,Summer
2023-08-01 19:00:00,6200.0,27.1,19,Tuesday,8,Summer
2023-08-01 20:00:00,6200.0,27.7,20,Tuesday,8,Summer
2023-08-01 21:00:00,6200.0,27.7,21,Tuesday,8,Summer
2023-08-01 22:00:00,6200.0,25.3,22,Tuesday,8,Summer
2023-08-01 23:00:00,6200.0,27.0,23,Tuesday,8,Summer
2023-08-02 00:00:00,6200.0,29.1,0,Wednesday,8,Summer
2023-08-02 01:00:00,5935.7,26.6,1,Wednesday,8,Summer
2023-08-02 02:00:00,5820.6,27.1,2,Wednesday,8,Summer
2023-08-02 03:00:00,5577.4,26.5,3,Wednesday,8,Summer
2023-08-02 04:00:00,5388.0,23.4,4,Wednesday,8,Summer
2023-08-02 05:00:00,4788.5,26.9,5,Wednesday,8,Summer
2023-08-02 06:00:00,4411.0,27.3,6,Wednesday,8,Summer
2023-08-02 07:00:00,4477.0,26.1,7,Wednesday,8,Summer
2023-08-02 08:00:00,4111.4,25.1,8,Wednesday,8,Summer
2023-08-02 09:00:00,4168.4,25.5,9,Wednesday,8,Summer
2023-08-02 10:00:00,4231.0,28.0,10,Wednesday,8,Summer
2023-08-02 11:00:00,4379.8,29.8,11,Wednesday,8,Summer
2023-08-02 12:00:00,4672.1,28.9,12,Wednesday,8,Summer
2023-08-02 13:00:00,4778.8,24.8,13,Wednesday,8,Summer
2023-08-02 14:00:00,5145.2,28.1,14,Wednesday,8,Summer
2023-08-02 15:00:00,5539.7,25.9,15,Wednesday,8,Summer
2023-08-02 16:00:00,5972.8,26.0,16,Wednesday,8,Summer
2023-08-02 17:00:00,6200.0,26.2,17,Wednesday,8,Summer
2023-08-02 18:00:00,6200.0,27.9,18,Wednesday,8,Summer
2023-08-02 19:00:00,6200.0,28.3,19,Wednesday,8,Summer
2023-08-02 20:00:00,6200.0,26.7,20,Wednesday,8,Summer
2023-08-02 21:00:00,6200.0,26.7,21,Wednesday,8,Summer
2023-08-02 22:00:00,6200.0,27.6,22,Wednesday,8,Summer
2023-08-02 23:00:00,6200.0,27.7,23,Wednesday,8,Summer
2023-08-03 00:00:00,6200.0,28.8,0,Thursday,8,Summer
2023-08-03 01:00:00,6200.0,25.1,1,Thursday,8,Summer
2023-08-03 02:00:00,5719.5,27.1,2,Thursday,8,Summer
2023-08-03 03:00:00,5396.7,25.5,3,Thursday,8,Summer
2023-08-03 04:00:00,5080.0,27.0,4,Thursday,8,Summer
2023-08-03 05:00:00,4908.5,26.7,5,Thursday,8,Summer
2023-08-03 06:00:00,4695.3,27.0,6,Thursday,8,Summer
2023-08-03 07:00:00,4327.9,25.9,7,Thursday,8,Summer
2023-08-03 08:00:00,4340.2,24.8,8,Thursday,8,Summer
2023-08-03 09:00:00,4213.0,23.9,9,Thursday,8,Summer
2023-08-03 10:00:00,4230.7,26.9,10,Thursday,8,Summer
2023-08-03 11:00:00,4349.4,26.4,11,Thursday,8,Summer
2023-08-03 12:00:00,4662.7,26.1,12,Thursday,8,Summer
2023-08-03 13:00:00,4884.8,29.0,13,Thursday,8,Summer
2023-08-03 14:00:00,5456.8,25.8,14,Thursday,8,Summer
2023-08-03 15:00:00,5405.2,29.2,15,Thursday,8,Summer
2023-08-03 16:00:00,6007.1,29.5,16,Thursday,8,Summer
2023-08-03 17:00:00,6200.0,24.1,17,Thursday,8,Summer
2023-08-03 18:00:00,6200.0,27.2,18,Thursday,8,Summer
2023-08-03 19:00:00,6200.0,26.5,19,Thursday,8,Summer
2023-08-03 20:00:00,6200.0,22.7,20,Thursday,8,Summer
2023-08-03 21:00:00,6200.0,24.9,21,Thursday,8,Summer
2023-08-03 22:00:00,6200.0,28.2,22,Thursday,8,Summer
2023-08-03 23:00:00,6200.0,30.1,23,Thursday,8,Summer
2023-08-04 00:00:00,6200.0,28.6,0,Friday,8,Summer
2023-08-04 01:00:00,5792.4,27.7,1,Friday,8,Summer
2023-08-04 02:00:00,5786.6,27.2,2,Friday,8,Summer
2023-08-04 03:00:00,5470.2,29.8,3,Friday,8,Summer
2023-08-04 04:00:00,5238.1,30.5,4,Friday,8,Summer
2023-08-04 05:00:00,4944.2,26.4,5,Friday,8,Summer
2023-08-04 06:00:00,4503.6,24.3,6,Friday,8,Summer
2023-08-04 07:00:00,4340.8,24.1,7,Friday,8,Summer
2023-08-04 08:00:00,4148.1,29.2,8,Friday,8,Summer
2023-08-04 09:00:00,4067.3,27.2,9,Friday,8,Summer
2023-08-04 10:00:00,4261.9,27.5,10,Friday,8,Summer
2023-08-04 11:00:00,4218.5,24.6,11,Friday,8,Summer
2023-08-04 12:00:00,4514.0,26.1,12,Friday,8,Summer
2023-08-04 13:00:00,4708.3,26.8,13,Friday,8,Summer
2023-08-04 14:00:00,5215.7,27.6,14,Friday,8,Summer
2023-08-04 15:00:00,5751.5,26.7,15,Friday,8,Summer
2023-08-04 16:00:00,5717.3,25.7,16,Friday,8,Summer
2023-08-04 17:00:00,6077.1,26.1,17,Friday,8,Summer
2023-08-04 18:00:00,6200.0,29.1,18,Friday,8,Summer
2023-08-04 19:00:00,6200.0,27.6,19,Friday,8,Summer
2023-08-04 20:00:00,6200.0,28.2,20,Friday,8,Summer
2023-08-04 21:00:00,6200.0,25.9,21,Friday,8,Summer
2023-08-04 22:00:00,6200.0,22.8,22,Friday,8,Summer
2023-08-04 23:00:00,6200.0,26.5,23,Friday,8,Summer
2023-08-05 00:00:00,6200.0,26.2,0,Saturday,8,Summer
2023-08-05 01:00:00,5790.0,28.0,1,Saturday,8,Summer
2023-08-05 02:00:00,5726.0,32.4,2,Saturday,8,Summer
2023-08-05 03:00:00,5477.7,28.5,3,Saturday,8,Summer
2023-08-05 04:00:00,5000.3,31.6,4,Saturday,8,Summer
2023-08-05 05:00:00,5017.7,28.3,5,Saturday,8,Summer
2023-08-05 06:00:00,4472.6,26.5,6,Saturday,8,Summer
2023-08-05 07:00:00,4337.2,28.0,7,Saturday,8,Summer
2023-08-05 08:00:00,4272.6,30.1,8,Saturday,8,Summer
2023-08-05 09:00:00,4108.8,30.2,9,Saturday,8,Summer
2023-08-05 10:00:00,4019.5,26.6,10,Saturday,8,Summer
2023-08-05 11:00:00,4295.2,27.8,11,Saturday,8,Summer
2023-08-05 12:00:00,4662.1,25.3,12,Saturday,8,Summer
2023-08-05 13:00:00,4770.7,28.7,13,Saturday,8,Summer
2023-08-05 14:00:00,5018.2,29.8,14,Saturday,8,Summer
2023-08-05 15:00:00,5610.9,27.5,15,Saturday,8,Summer
2023-08-05 16:00:00,5839.9,26.5,16,Saturday,8,Summer
2023-08-05 17:00:00,6200.0,28.0,17,Saturday,8,Summer
2023-08-05 18:00:00,6200.0,28.1,18,Saturday,8,Summer
2023-08-05 19:00:00,6200.0,27.6,19,Saturday,8,Summer
2023-08-05 20:00:00,6200.0,27.7,20,Saturday,8,Summer
2023-08-05 21:00:00,6200.0,27.2,21,Saturday,8,Summer
2023-08-05 22:00:00,6200.0,29.0,22,Saturday,8,Summer
2023-08-05 23:00:00,6200.0,28.6,23,Saturday,8,Summer
2023-08-06 00:00:00,6166.8,26.2,0,Sunday,8,Summer
2023-08-06 01:00:00,6074.9,26.1,1,Sunday,8,Summer
2023-08-06 02:00:00,5773.7,27.3,2,Sunday,8,Summer
2023-08-06 03:00:00,5282.3,28.8,3,Sunday,8,Summer
2023-08-06 04:00:00,5076.8,27.9,4,Sunday,8,Summer
2023-08-06 05:00:00,4839.9,26.7,5,Sunday,8,Summer
2023-08-06 06:00:00,4569.1,28.1,6,Sunday,8,Summer
2023-08-06 07:00:00,4380.5,27.2,7,Sunday,8,Summer
2023-08-06 08:00:00,4229.2,29.0,8,Sunday,8,Summer
2023-08-06 09:00:00,4102.6,28.2,9,Sunday,8,Summer
2023-08-06 10:00:00,4144.8,27.2,10,Sunday,8,Summer
2023-08-06 11:00:00,4196.3,28.0,11,Sunday,8,Summer
2023-08-06 12:00:00,4730.6,29.6,12,Sunday,8,Summer
2023-08-06 13:00:00,4795.4,26.8,13,Sunday,8,Summer
2023-08-06 14:00:00,5079.4,28.3,14,Sunday,8,Summer
2023-08-06 15:00:00,5337.2,27.6,15,Sunday,8,Summer
2023-08-06 16:00:00,6200.0,28.3,16,Sunday,8,Summer
2023-08-06 17:00:00,6156.8,26.7,17,Sunday,8,Summer
2023-08-06 18:00:00,6200.0,27.8,18,Sunday,8,Summer
2023-08-06 19:00:00,6200.0,29.3,19,Sunday,8,Summer
2023-08-06 20:00:00,6200.0,26.3,20,Sunday,8,Summer
2023-08-06 21:00:00,6200.0,25.7,21,Sunday,8,Summer
2023-08-06 22:00:00,6200.0,25.7,22,Sunday,8,Summer
2023-08-06 23:00:00,6200.0,25.9,23,Sunday,8,Summer
2023-08-07 00:00:00,6139.2,28.7,0,Monday,8,Summer
2023-08-07 01:00:00,6004.1,25.7,1,Monday,8,Summer
2023-08-07 02:00:00,5781.1,27.4,2,Monday,8,Summer
2023-08-07 03:00:00,5688.2,28.8,3,Monday,8,Summer
2023-08-07 04:00:00,4902.7,28.5,4,Monday,8,Summer
2023-08-07 05:00:00,4917.8,27.3,5,Monday,8,Summer
2023-08-07 06:00:00,4531.8,28.1,6,Monday,8,Summer
2023-08-07 07:00:00,4400.1,28.0,7,Monday,8,Summer
2023-08-07 08:00:00,4172.4,27.5,8,Monday,8,Summer
2023-08-07 09:00:00,4052.7,27.5,9,Monday,8,Summer
2023-08-07 10:00:00,4261.6,31.2,10,Monday,8,Summer
2023-08-07 11:00:00,4380.4,29.1,11,Monday,8,Summer
2023-08-07 12:00:00,4621.4,31.6,12,Monday,8,Summer
2023-08-07 13:00:00,4774.4,27.1,13,Monday,8,Summer
2023-08-07 14:00:00,5012.8,27.7,14,Monday,8,Summer
2023-08-07 15:00:00,5231.6,25.9,15,Monday,8,Summer
2023-08-07 16:00:00,5965.1,26.6,16,Monday,8,Summer
2023-08-07 17:00:00,6200.0,30.7,17,Monday,8,Summer
2023-08-07 18:00:00,6200.0,27.1,18,Monday,8,Summer
2023-08-07 19:00:00,6200.0,30.7,19,Monday,8,Summer
2023-08-07 20:00:00,6200.0,26.0,20,Monday,8,Summer
2023-08-07 21:00:00,6200.0,26.3,21,Monday,8,Summer
2023-08-07 22:00:00,6200.0,27.3,22,Monday,8,Summer
2023-08-07 23:00:00,6200.0,27.8,23,Monday,8,Summer
2023-08-08 00:00:00,6200.0,29.4,0,Tuesday,8,Summer
2023-08-08 01:00:00,5908.8,28.7,1,Tuesday,8,Summer
2023-08-08 02:00:00,5482.7,27.4,2,Tuesday,8,Summer
2023-08-08 03:00:00,5660.5,27.9,3,Tuesday,8,Summer
2023-08-08 04:00:00,5219.4,27.6,4,Tuesday,8,Summer
2023-08-08 05:00:00,4663.5,26.7,5,Tuesday,8,Summer
2023-08-08 06:00:00,4525.0,26.7,6,Tuesday,8,Summer
2023-08-08 07:00:00,4338.3,29.6,7,Tuesday,8,Summer
2023-08-08 08:00:00,4291.4,25.3,8,Tuesday,8,Summer
2023-08-08 09:00:00,4039.8,30.5,9,Tuesday,8,Summer
2023-08-08 10:00:00,4281.0,27.5,10,Tuesday,8,Summer
2023-08-08 11:00:00,4234.7,26.9,11,Tuesday,8,Summer
2023-08-08 12:00:00,4344.5,29.2,12,Tuesday,8,Summer
2023-08-08 13:00:00,4844.0,30.3,13,Tuesday,8,Summer
2023-08-08 14:00:00,5233.4,29.7,14,Tuesday,8,Summer
2023-08-08 15:00:00,5774.0,28.8,15,Tuesday,8,Summer
2023-08-08 16:00:00,5648.6,29.7,16,Tuesday,8,Summer
2023-08-08 17:00:00,6200.0,25.5,17,Tuesday,8,Summer
2023-08-08 18:00:00,6200.0,27.3,18,Tuesday,8,Summer
2023-08-08 19:00:00,6200.0,26.7,19,Tuesday,8,Summer
2023-08-08 20:00:00,6200.0,29.9,20,Tuesday,8,Summer
2023-08-08 21:00:00,6200.0,27.5,21,Tuesday,8,Summer
2023-08-08 22:00:00,6200.0,29.3,22,Tuesday,8,Summer
2023-08-08 23:00:00,6200.0,28.9,23,Tuesday,8,Summer
2023-08-09 00:00:00,6157.2,27.0,0,Wednesday,8,Summer
2023-08-09 01:00:00,6095.6,27.4,1,Wednesday,8,Summer
2023-08-09 02:00:00,5839.3,30.2,2,Wednesday,8,Summer
2023-08-09 03:00:00,5447.7,27.1,3,Wednesday,8,Summer
2023-08-09 04:00:00,5245.4,28.4,4,Wednesday,8,Summer
2023-08-09 05:00:00,4787.0,27.1,5,Wednesday,8,Summer
2023-08-09 06:00:00,4340.8,27.8,6,Wednesday,8,Summer
2023-08-09 07:00:00,4422.7,28.2,7,Wednesday,8,Summer
2023-08-09 08:00:00,4088.4,27.1,8,Wednesday,8,Summer
2023-08-09 09:00:00,4201.8,26.8,9,Wednesday,8,Summer
2023-08-09 10:00:00,4314.5,28.7,10,Wednesday,8,Summer
2023-08-09 11:00:00,4325.8,27.0,11,Wednesday,8,Summer
2023-08-09 12:00:00,4309.8,27.0,12,Wednesday,8,Summer
2023-08-09 13:00:00,4630.7,26.8,13,Wednesday,8,Summer
2023-08-09 14:00:00,5217.2,28.1,14,Wednesday,8,Summer
2023-08-09 15:00:00,5379.4,29.7,15,Wednesday,8,Summer
2023-08-09 16:00:00,5812.3,30.5,16,Wednesday,8,Summer
2023-08-09 17:00:00,6200.0,27.2,17,Wednesday,8,Summer
2023-08-09 18:00:00,6200.0,31.5,18,Wednesday,8,Summer
2023-08-09 19:00:00,6200.0,26.7,19,Wednesday,8,Summer
2023-08-09 20:00:00,6200.0,29.9,20,Wednesday,8,Summer
2023-08-09 21:00:00,6200.0,27.2,21,Wednesday,8,Summer
2023-08-09 22:00:00,6200.0,26.9,22,Wednesday,8,Summer
2023-08-09 23:00:00,6200.0,27.1,23,Wednesday,8,Summer
2023-08-10 00:00:00,6192.8,28.4,0,Thursday,8,Summer
2023-08-10 01:00:00,6134.7,29.3,1,Thursday,8,Summer
2023-08-10 02:00:00,5652.4,29.4,2,Thursday,8,Summer
2023-08-10 03:00:00,5232.3,27.0,3,Thursday,8,Summer
2023-08-10 04:00:00,4926.3,27.0,4,Thursday,8,Summer
2023-08-10 05:00:00,4603.6,27.1,5,Thursday,8,Summer
2023-08-10 06:00:00,4429.0,28.3,6,Thursday,8,Summer
2023-08-10 07:00:00,4391.5,28.1,7,Thursday,8,Summer
2023-08-10 08:00:00,4051.6,27.0,8,Thursday,8,Summer
2023-08-10 09:00:00,4111.4,28.8,9,Thursday,8,Summer
2023-08-10 10:00:00,4066.9,31.8,10,Thursday,8,Summer
2023-08-10 11:00:00,4232.4,27.7,11,Thursday,8,Summer
2023-08-10 12:00:00,4291.3,27.8,12,Thursday,8,Summer
2023-08-10 13:00:00,4694.8,29.3,13,Thursday,8,Summer
2023-08-10 14:00:00,5006.0,27.6,14,Thursday,8,Summer
2023-08-10 15:00:00,5453.6,29.4,15,Thursday,8,Summer
2023-08-10 16:00:00,5810.1,27.4,16,Thursday,8,Summer
2023-08-10 17:00:00,6043.6,31.2,17,Thursday,8,Summer
2023-08-10 18:00:00,6200.0,29.0,18,Thursday,8,Summer
2023-08-10 19:00:00,6200.0,27.5,19,Thursday,8,Summer
2023-08-10 20:00:00,6200.0,27.6,20,Thursday,8,Summer
2023-08-10 21:00:00,6200.0,27.7,21,Thursday,8,Summer
2023-08-10 22:00:00,6200.0,30.5,22,Thursday,8,Summer
2023-08-10 23:00:00,6200.0,26.5,23,Thursday,8,Summer
2023-08-11 00:00:00,6200.0,27.6,0,Friday,8,Summer
2023-08-11 01:00:00,5689.3,27.8,1,Friday,8,Summer
2023-08-11 02:00:00,5571.9,28.6,2,Friday,8,Summer
2023-08-11 03:00:00,5290.7,28.2,3,Friday,8,Summer
2023-08-11 04:00:00,5033.4,26.4,4,Friday,8,Summer
2023-08-11 05:00:00,4840.4,28.0,5,Friday,8,Summer
2023-08-11 06:00:00,4355.8,28.5,6,Friday,8,Summer
2023-08-11 07:00:00,4190.2,27.7,7,Friday,8,Summer
2023-08-11 08:00:00,4065.5,29.7,8,Friday,8,Summer
2023-08-11 09:00:00,3994.0,30.0,9,Friday,8,Summer
2023-08-11 10:00:00,4082.5,28.5,10,Friday,8,Summer
2023-08-11 11:00:00,4324.8,29.0,11,Friday,8,Summer
2023-08-11 12:00:00,4324.7,25.4,12,Friday,8,Summer
2023-08-11 13:00:00,4752.2,28.0,13,Friday,8,Summer
2023-08-11 14:00:00,4797.0,30.1,14,Friday,8,Summer
2023-08-11 15:00:00,5284.1,28.0,15,Friday,8,Summer
2023-08-11 16:00:00,5707.3,27.5,16,Friday,8,Summer
2023-08-11 17:00:00,6200.0,32.0,17,Friday,8,Summer
2023-08-11 18:00:00,6200.0,31.4,18,Friday,8,Summer
2023-08-11 19:00:00,6200.0,29.3,19,Friday,8,Summer
2023-08-11 20:00:00,6200.0,30.3,20,Friday,8,Summer
2023-08-11 21:00:00,6200.0,25.3,21,Friday,8,Summer
2023-08-11 22:00:00,6200.0,27.4,22,Friday,8,Summer
2023-08-11 23:00:00,6200.0,27.9,23,Friday,8,Summer
2023-08-12 00:00:00,6200.0,28.5,0,Saturday,8,Summer
2023-08-12 01:00:00,6097.0,28.1,1,Saturday,8,Summer
2023-08-12 02:00:00,5549.0,25.0,2,Saturday,8,Summer
2023-08-12 03:00:00,5421.5,29.4,3,Saturday,8,Summer
2023-08-12 04:00:00,4777.7,29.6,4,Saturday,8,Summer
2023-08-12 05:00:00,4575.1,31.2,5,Saturday,8,Summer
2023-08-12 06:00:00,4223.5,27.6,6,Saturday,8,Summer
2023-08-12 07:00:00,4196.6,27.5,7,Saturday,8,Summer
2023-08-12 08:00:00,4096.7,24.8,8,Saturday,8,Summer
2023-08-12 09:00:00,4070.6,28.4,9,Saturday,8,Summer
2023-08-12 10:00:00,4107.7,30.2,10,Saturday,8,Summer
2023-08-12 11:00:00,4127.7,27.9,11,Saturday,8,Summer
2023-08-12 12:00:00,4402.6,32.0,12,Saturday,8,Summer
2023-08-12 13:00:00,4507.4,28.4,13,Saturday,8,Summer
2023-08-12 14:00:00,5159.7,29.0,14,Saturday,8,Summer
2023-08-12 15:00:00,5296.9,26.8,15,Saturday,8,Summer
2023-08-12 16:00:00,5661.1,29.2,16,Saturday,8,Summer
2023-08-12 17:00:00,6200.0,25.8,17,Saturday,8,Summer
2023-08-12 18:00:00,6200.0,29.9,18,Saturday,8,Summer
2023-08-12 19:00:00,6200.0,29.9,19,Saturday,8,Summer
2023-08-12 20:00:00,6200.0,30.9,20,Saturday,8,Summer
2023-08-12 21:00:00,6200.0,27.3,21,Saturday,8,Summer
2023-08-12 22:00:00,6200.0,29.1,22,Saturday,8,Summer
2023-08-12 23:00:00,6200.0,29.7,23,Saturday,8,Summer
2023-08-13 00:00:00,6200.0,29.7,0,Sunday,8,Summer
2023-08-13 01:00:00,5568.4,27.7,1,Sunday,8,Summer
2023-08-13 02:00:00,5686.7,25.4,2,Sunday,8,Summer
2023-08-13 03:00:00,5207.3,29.5,3,Sunday,8,Summer
2023-08-13 04:00:00,4887.5,28.8,4,Sunday,8,Summer
2023-08-13 05:00:00,4589.3,28.2,5,Sunday,8,Summer
2023-08-13 06:00:00,4304.9,30.2,6,Sunday,8,Summer
2023-08-13 07:00:00,4385.3,28.9,7,Sunday,8,Summer
2023-08-13 08:00:00,4170.3,27.0,8,Sunday,8,Summer
2023-08-13 09:00:00,4044.5,26.1,9,Sunday,8,Summer
2023-08-13 10:00:00,4222.3,27.3,10,Sunday,8,Summer
2023-08-13 11:00:00,4049.0,32.6,11,Sunday,8,Summer
2023-08-13 12:00:00,4258.6,30.1,12,Sunday,8,Summer
2023-08-13 13:00:00,4409.3,29.3,13,Sunday,8,Summer
2023-08-13 14:00:00,4882.0,28.7,14,Sunday,8,Summer
2023-08-13 15:00:00,5336.7,28.6,15,Sunday,8,Summer
2023-08-13 16:00:00,5722.0,30.8,16,Sunday,8,Summer
2023-08-13 17:00:00,6177.2,28.3,17,Sunday,8,Summer
2023-08-13 18:00:00,6200.0,29.9,18,Sunday,8,Summer
2023-08-13 19:00:00,6200.0,28.5,19,Sunday,8,Summer
2023-08-13 20:00:00,6200.0,31.9,20,Sunday,8,Summer
2023-08-13 21:00:00,6200.0,30.1,21,Sunday,8,Summer
2023-08-13 22:00:00,6200.0,30.9,22,Sunday,8,Summer
2023-08-13 23:00:00,6200.0,28.1,23,Sunday,8,Summer
2023-08-14 00:00:00,5948.6,30.8,0,Monday,8,Summer
2023-08-14 01:00:00,5816.9,28.7,1,Monday,8,Summer
2023-08-14 02:00:00,5652.2,29.4,2,Monday,8,Summer
2023-08-14 03:00:00,5270.5,31.6,3,Monday,8,Summer
2023-08-14 04:00:00,4834.1,27.6,4,Monday,8,Summer
2023-08-14 05:00:00,4642.5,29.5,5,Monday,8,Summer
2023-08-14 06:00:00,4218.3,29.9,6,Monday,8,Summer
2023-08-14 07:00:00,4310.8,30.0,7,Monday,8,Summer
2023-08-14 08:00:00,4046.2,28.5,8,Monday,8,Summer
2023-08-14 09:00:00,4137.6,32.3,9,Monday,8,Summer
2023-08-14 10:00:00,4013.5,27.3,10,Monday,8,Summer
2023-08-14 11:00:00,4135.4,31.4,11,Monday,8,Summer
2023-08-14 12:00:00,4302.7,31.0,12,Monday,8,Summer
2023-08-14 13:00:00,4745.2,32.0,13,Monday,8,Summer
2023-08-14 14:00:00,4860.1,26.8,14,Monday,8,Summer
2023-08-14 15:00:00,5378.0,27.9,15,Monday,8,Summer
2023-08-14 16:00:00,5628.8,31.4,16,Monday,8,Summer
2023-08-14 17:00:00,5825.4,26.4,17,Monday,8,Summer
2023-08-14 18:00:00,6200.0,26.8,18,Monday,8,Summer
2023-08-14 19:00:00,6200.0,28.5,19,Monday,8,Summer
2023-08-14 20:00:00,6200.0,29.5,20,Monday,8,Summer
2023-08-14 21:00:00,6200.0,31.6,21,Monday,8,Summer
2023-08-14 22:00:00,6200.0,28.9,22,Monday,8,Summer
2023-08-14 23:00:00,6200.0,28.3,23,Monday,8,Summer
2023-08-15 00:00:00,6077.2,29.8,0,Tuesday,8,Summer
2023-08-15 01:00:00,5945.8,30.1,1,Tuesday,8,Summer
2023-08-15 02:00:00,5687.5,30.0,2,Tuesday,8,Summer
2023-08-15 03:00:00,5233.2,29.1,3,Tuesday,8,Summer
2023-08-15 04:00:00,4823.1,26.4,4,Tuesday,8,Summer
2023-08-15 05:00:00,4416.8,28.0,5,Tuesday,8,Summer
2023-08-15 06:00:00,4292.5,31.5,6,Tuesday,8,Summer
2023-08-15 07:00:00,4107.8,29.7,7,Tuesday,8,Summer
2023-08-15 08:00:00,4060.4,28.9,8,Tuesday,8,Summer
2023-08-15 09:00:00,3973.1,31.1,9,Tuesday,8,Summer
2023-08-15 10:00:00,4119.2,27.7,10,Tuesday,8,Summer
2023-08-15 11:00:00,4108.3,29.0,11,Tuesday,8,Summer
2023-08-15 12:00:00,4361.4,29.6,12,Tuesday,8,Summer
2023-08-15 13:00:00,4760.3,28.7,13,Tuesday,8,Summer
2023-08-15 14:00:00,4968.7,29.5,14,Tuesday,8,Summer
2023-08-15 15:00:00,5262.0,29.1,15,Tuesday,8,Summer
2023-08-15 16:00:00,5573.5,27.3,16,Tuesday,8,Summer
2023-08-15 17:00:00,6005.1,29.7,17,Tuesday,8,Summer
2023-08-15 18:00:00,6200.0,27.4,18,Tuesday,8,Summer
2023-08-15 19:00:00,6200.0,29.6,19,Tuesday,8,Summer
2023-08-15 20:00:00,6200.0,31.4,20,Tuesday,8,Summer
2023-08-15 21:00:00,6200.0,29.0,21,Tuesday,8,Summer
2023-08-15 22:00:00,6200.0,27.6,22,Tuesday,8,Summer
2023-08-15 23:00:00,6200.0,29.2,23,Tuesday,8,Summer
2023-08-16 00:00:00,6126.1,28.3,0,Wednesday,8,Summer
2023-08-16 01:00:00,5619.4,30.5,1,Wednesday,8,Summer
2023-08-16 02:00:00,5468.3,29.3,2,Wednesday,8,Summer
2023-08-16 03:00:00,5227.3,32.1,3,Wednesday,8,Summer
2023-08-16 04:00:00,5105.1,31.3,4,Wednesday,8,Summer
2023-08-16 05:00:00,4474.0,29.3,5,Wednesday,8,Summer
2023-08-16 06:00:00,4454.4,30.6,6,Wednesday,8,Summer
2023-08-16 07:00:00,4299.3,29.0,7,Wednesday,8,Summer
2023-08-16 08:00:00,3968.4,29.6,8,Wednesday,8,Summer
2023-08-16 09:00:00,3962.4,29.0,9,Wednesday,8,Summer
2023-08-16 10:00:00,3927.3,30.7,10,Wednesday,8,Summer
2023-08-16 11:00:00,4132.8,31.7,11,Wednesday,8,Summer
2023-08-16 12:00:00,4344.5,30.8,12,Wednesday,8,Summer
2023-08-16 13:00:00,4679.1,30.9,13,Wednesday,8,Summer
2023-08-16 14:00:00,5038.7,30.9,14,Wednesday,8,Summer
2023-08-16 15:00:00,5148.7,30.4,15,Wednesday,8,Summer
2023-08-16 16:00:00,5356.8,27.9,16,Wednesday,8,Summer
2023-08-16 17:00:00,6071.8,32.1,17,Wednesday,8,Summer
2023-08-16 18:00:00,6200.0,32.3,18,Wednesday,8,Summer
2023-08-16 19:00:00,6200.0,29.2,19,Wednesday,8,Summer
2023-08-16 20:00:00,6200.0,29.0,20,Wednesday,8,Summer
2023-08-16 21:00:00,6200.0,30.5,21,Wednesday,8,Summer
2023-08-16 22:00:00,6200.0,30.4,22,Wednesday,8,Summer
2023-08-16 23:00:00,6200.0,29.3,23,Wednesday,8,Summer
2023-08-17 00:00:00,5994.0,27.9,0,Thursday,8,Summer
2023-08-17 01:00:00,5725.8,30.2,1,Thursday,8,Summer
2023-08-17 02:00:00,5481.4,30.6,2,Thursday,8,Summer
2023-08-17 03:00:00,5402.0,30.8,3,Thursday,8,Summer
2023-08-17 04:00:00,4852.3,30.3,4,Thursday,8,Summer
2023-08-17 05:00:00,4578.8,29.3,5,Thursday,8,Summer
2023-08-17 06:00:00,4276.7,31.2,6,Thursday,8,Summer
2023-08-17 07:00:00,4249.1,29.8,7,Thursday,8,Summer
2023-08-17 08:00:00,4210.5,29.0,8,Thursday,8,Summer
2023-08-17 09:00:00,4017.1,29.5,9,Thursday,8,Summer
2023-08-17 10:00:00,4022.1,27.1,10,Thursday,8,Summer
2023-08-17 11:00:00,4139.3,29.5,11,Thursday,8,Summer
2023-08-17 12:00:00,4071.1,30.8,12,Thursday,8,Summer
2023-08-17 13:00:00,4668.1,30.3,13,Thursday,8,Summer
2023-08-17 14:00:00,4899.5,32.0,14,Thursday,8,Summer
2023-08-17 15:00:00,5279.4,29.4,15,Thursday,8,Summer
2023-08-17 16:00:00,5509.0,30.5,16,Thursday,8,Summer
2023-08-17 17:00:00,5989.8,30.9,17,Thursday,8,Summer
2023-08-17 18:00:00,6200.0,33.3,18,Thursday,8,Summer
2023-08-17 19:00:00,6200.0,30.0,19,Thursday,8,Summer
2023-08-17 20:00:00,6200.0,28.2,20,Thursday,8,Summer
2023-08-17 21:00:00,6200.0,31.0,21,Thursday,8,Summer
2023-08-17 22:00:00,6200.0,32.5,22,Thursday,8,Summer
2023-08-17 23:00:00,6200.0,29.3,23,Thursday,8,Summer
2023-08-18 00:00:00,6003.7,31.2,0,Friday,8,Summer
2023-08-18 01:00:00,5678.1,31.8,1,Friday,8,Summer
2023-08-18 02:00:00,5179.2,31.5,2,Friday,8,Summer
2023-08-18 03:00:00,5372.8,30.1,3,Friday,8,Summer
2023-08-18 04:00:00,4937.9,28.9,4,Friday,8,Summer
2023-08-18 05:00:00,4621.1,29.8,5,Friday,8,Summer
2023-08-18 06:00:00,4327.1,30.6,6,Friday,8,Summer
2023-08-18 07:00:00,3974.5,31.3,7,Friday,8,Summer
2023-08-18 08:00:00,3947.4,30.4,8,Friday,8,Summer
2023-08-18 09:00:00,4037.6,29.4,9,Friday,8,Summer
2023-08-18 10:00:00,3890.7,30.8,10,Friday,8,Summer
2023-08-18 11:00:00,3856.2,31.2,11,Friday,8,Summer
2023-08-18 12:00:00,4285.1,30.5,12,Friday,8,Summer
2023-08-18 13:00:00,4545.8,28.7,13,Friday,8,Summer
2023-08-18 14:00:00,4877.5,29.7,14,Friday,8,Summer
2023-08-18 15:00:00,5294.5,31.3,15,Friday,8,Summer
2023-08-18 16:00:00,5672.4,27.9,16,Friday,8,Summer
2023-08-18 17:00:00,6059.6,26.8,17,Friday,8,Summer
2023-08-18 18:00:00,6200.0,32.2,18,Friday,8,Summer
2023-08-18 19:00:00,6200.0,30.7,19,Friday,8,Summer
2023-08-18 20:00:00,6200.0,30.8,20,Friday,8,Summer
2023-08-18 21:00:00,6200.0,28.3,21,Friday,8,Summer
2023-08-18 22:00:00,6200.0,31.0,22,Friday,8,Summer
2023-08-18 23:00:00,6200.0,30.3,23,Friday,8,Summer
2023-08-19 00:00:00,5883.6,27.7,0,Saturday,8,Summer
2023-08-19 01:00:00,5650.6,32.2,1,Saturday,8,Summer
2023-08-19 02:00:00,5557.4,30.3,2,Saturday,8,Summer
2023-08-19 03:00:00,5063.5,29.5,3,Saturday,8,Summer
2023-08-19 04:00:00,4726.9,29.5,4,Saturday,8,Summer
2023-08-19 05:00:00,4469.9,27.1,5,Saturday,8,Summer
2023-08-19 06:00:00,4409.5,31.0,6,Saturday,8,Summer
2023-08-19 07:00:00,4099.2,30.5,7,Saturday,8,Summer
2023-08-19 08:00:00,3959.5,29.8,8,Saturday,8,Summer
2023-08-19 09:00:00,3925.4,32.0,9,Saturday,8,Summer
2023-08-19 10:00:00,4105.8,28.0,10,Saturday,8,Summer
2023-08-19 11:00:00,4021.1,29.2,11,Saturday,8,Summer
2023-08-19 12:00:00,4430.9,28.8,12,Saturday,8,Summer
2023-08-19 13:00:00,4564.9,29.7,13,Saturday,8,Summer
2023-08-19 14:00:00,4819.3,30.2,14,Saturday,8,Summer
2023-08-19 15:00:00,5499.6,30.7,15,Saturday,8,Summer
2023-08-19 16:00:00,5411.1,29.6,16,Saturday,8,Summer
2023-08-19 17:00:00,5940.0,28.8,17,Saturday,8,Summer
2023-08-19 18:00:00,6200.0,32.6,18,Saturday,8,Summer
2023-08-19 19:00:00,6200.0,33.7,19,Saturday,8,Summer
2023-08-19 20:00:00,6200.0,30.3,20,Saturday,8,Summer
2023-08-19 21:00:00,6200.0,29.0,21,Saturday,8,Summer
2023-08-19 22:00:00,6200.0,32.3,22,Saturday,8,Summer
2023-08-19 23:00:00,6200.0,27.9,23,Saturday,8,Summer
2023-08-20 00:00:00,5913.0,29.8,0,Sunday,8,Summer
2023-08-20 01:00:00,5479.9,29.2,1,Sunday,8,Summer
2023-08-20 02:00:00,5705.6,28.5,2,Sunday,8,Summer
2023-08-20 03:00:00,5178.5,29.9,3,Sunday,8,Summer
2023-08-20 04:00:00,4748.6,29.0,4,Sunday,8,Summer
2023-08-20 05:00:00,4668.2,30.3,5,Sunday,8,Summer
2023-08-20 06:00:00,4165.7,30.3,6,Sunday,8,Summer
2023-08-20 07:00:00,4120.2,29.3,7,Sunday,8,Summer
2023-08-20 08:00:00,3941.7,29.7,8,Sunday,8,Summer
2023-08-20 09:00:00,3980.4,29.9,9,Sunday,8,Summer
2023-08-20 10:00:00,3952.5,31.5,10,Sunday,8,Summer
2023-08-20 11:00:00,3930.8,30.1,11,Sunday,8,Summer
2023-08-20 12:00:00,4277.8,31.5,12,Sunday,8,Summer
2023-08-20 13:00:00,4638.3,31.2,13,Sunday,8,Summer
2023-08-20 14:00:00,4812.6,31.1,14,Sunday,8,Summer
2023-08-20 15:00:00,5251.6,32.4,15,Sunday,8,Summer
2023-08-20 16:00:00,5387.3,28.6,16,Sunday,8,Summer
2023-08-20 17:00:00,5961.1,29.6,17,Sunday,8,Summer
2023-08-20 18:00:00,6200.0,32.9,18,Sunday,8,Summer
2023-08-20 19:00:00,6200.0,29.9,19,Sunday,8,Summer
2023-08-20 20:00:00,6200.0,26.1,20,Sunday,8,Summer
2023-08-20 21:00:00,6200.0,30.0,21,Sunday,8,Summer
2023-08-20 22:00:00,6200.0,30.5,22,Sunday,8,Summer
2023-08-20 23:00:00,6200.0,26.4,23,Sunday,8,Summer
2023-08-21 00:00:00,5979.8,32.5,0,Monday,8,Summer
2023-08-21 01:00:00,5549.7,29.4,1,Monday,8,Summer
2023-08-21 02:00:00,5403.1,30.9,2,Monday,8,Summer
2023-08-21 03:00:00,5026.4,30.1,3,Monday,8,Summer
2023-08-21 04:00:00,4743.8,28.5,4,Monday,8,Summer
2023-08-21 05:00:00,4454.7,28.9,5,Monday,8,Summer
2023-08-21 06:00:00,4145.2,29.1,6,Monday,8,Summer
2023-08-21 07:00:00,3860.7,32.1,7,Monday,8,Summer
2023-08-21 08:00:00,3874.2,30.2,8,Monday,8,Summer
2023-08-21 09:00:00,3918.1,29.7,9,Monday,8,Summer
2023-08-21 10:00:00,3807.2,29.1,10,Monday,8,Summer
2023-08-21 11:00:00,4061.0,32.3,11,Monday,8,Summer
2023-08-21 12:00:00,4451.4,32.7,12,Monday,8,Summer
2023-08-21 13:00:00,4613.5,32.2,13,Monday,8,Summer
2023-08-21 14:00:00,4990.3,31.2,14,Monday,8,Summer
2023-08-21 15:00:00,5177.5,30.9,15,Monday,8,Summer
2023-08-21 16:00:00,5666.4,28.6,16,Monday,8,Summer
2023-08-21 17:00:00,5829.3,30.1,17,Monday,8,Summer
2023-08-21 18:00:00,6200.0,29.4,18,Monday,8,Summer
2023-08-21 19:00:00,6200.0,27.7,19,Monday,8,Summer
2023-08-21 20:00:00,6200.0,32.0,20,Monday,8,Summer
2023-08-21 21:00:00,6200.0,29.4,21,Monday,8,Summer
2023-08-21 22:00:00,6200.0,32.2,22,Monday,8,Summer
2023-08-21 23:00:00,6200.0,31.8,23,Monday,8,Summer
2023-08-22 00:00:00,5799.3,31.5,0,Tuesday,8,Summer
2023-08-22 01:00:00,5718.6,31.5,1,Tuesday,8,Summer
2023-08-22 02:00:00,5528.8,29.7,2,Tuesday,8,Summer
2023-08-22 03:00:00,4848.9,33.4,3,Tuesday,8,Summer
2023-08-22 04:00:00,4810.7,30.7,4,Tuesday,8,Summer
2023-08-22 05:00:00,4444.2,31.1,5,Tuesday,8,Summer
2023-08-22 06:00:00,4240.9,29.7,6,Tuesday,8,Summer
2023-08-22 07:00:00,4086.2,29.2,7,Tuesday,8,Summer
2023-08-22 08:00:00,3902.6,31.3,8,Tuesday,8,Summer
2023-08-22 09:00:00,3870.5,31.0,9,Tuesday,8,Summer
2023-08-22 10:00:00,3900.1,29.4,10,Tuesday,8,Summer
2023-08-22 11:00:00,4137.9,28.5,11,Tuesday,8,Summer
2023-08-22 12:00:00,4273.4,28.7,12,Tuesday,8,Summer
2023-08-22 13:00:00,4501.5,32.4,13,Tuesday,8,Summer
2023-08-22 14:00:00,4618.7,29.7,14,Tuesday,8,Summer
2023-08-22 15:00:00,5054.5,30.1,15,Tuesday,8,Summer
2023-08-22 16:00:00,5602.3,32.8,16,Tuesday,8,Summer
2023-08-22 17:00:00,5913.8,28.9,17,Tuesday,8,Summer
2023-08-22 18:00:00,6200.0,29.5,18,Tuesday,8,Summer
2023-08-22 19:00:00,6200.0,29.5,19,Tuesday,8,Summer
2023-08-22 20:00:00,6200.0,33.1,20,Tuesday,8,Summer
2023-08-22 21:00:00,6200.0,33.6,21,Tuesday,8,Summer
2023-08-22 22:00:00,6200.0,31.8,22,Tuesday,8,Summer
2023-08-22 23:00:00,5938.5,31.8,23,Tuesday,8,Summer
2023-08-23 00:00:00,5857.1,29.9,0,Wednesday,8,Summer
2023-08-23 01:00:00,5590.8,33.7,1,Wednesday,8,Summer
2023-08-23 02:00:00,5403.6,31.2,2,Wednesday,8,Summer
2023-08-23 03:00:00,5025.6,32.1,3,Wednesday,8,Summer
2023-08-23 04:00:00,4700.8,30.6,4,Wednesday,8,Summer
2023-08-23 05:00:00,4255.2,30.4,5,Wednesday,8,Summer
2023-08-23 06:00:00,4109.4,33.3,6,Wednesday,8,Summer
2023-08-23 07:00:00,4068.1,31.6,7,Wednesday,8,Summer
2023-08-23 08:00:00,4069.4,33.0,8,Wednesday,8,Summer
2023-08-23 09:00:00,3852.2,31.2,9,Wednesday,8,Summer
2023-08-23 10:00:00,3933.9,29.5,10,Wednesday,8,Summer
2023-08-23 11:00:00,4115.9,29.9,11,Wednesday,8,Summer
2023-08-23 12:00:00,4123.2,31.0,12,Wednesday,8,Summer
2023-08-23 13:00:00,4495.8,29.9,13,Wednesday,8,Summer
2023-08-23 14:00:00,4659.2,29.1,14,Wednesday,8,Summer
2023-08-23 15:00:00,5187.7,32.6,15,Wednesday,8,Summer
2023-08-23 16:00:00,5473.1,30.0,16,Wednesday,8,Summer
2023-08-23 17:00:00,5923.3,31.0,17,Wednesday,8,Summer
2023-08-23 18:00:00,6200.0,31.2,18,Wednesday,8,Summer
2023-08-23 19:00:00,6200.0,29.9,19,Wednesday,8,Summer
2023-08-23 20:00:00,6200.0,33.0,20,Wednesday,8,Summer
2023-08-23 21:00:00,6200.0,29.1,21,Wednesday,8,Summer
2023-08-23 22:00:00,6200.0,31.2,22,Wednesday,8,Summer
2023-08-23 23:00:00,6200.0,31.2,23,Wednesday,8,Summer
2023-08-24 00:00:00,5967.8,30.9,0,Thursday,8,Summer
2023-08-24 01:00:00,5530.4,29.0,1,Thursday,8,Summer
2023-08-24 02:00:00,4947.7,32.3,2,Thursday,8,Summer
2023-08-24 03:00:00,5190.7,32.1,3,Thursday,8,Summer
2023-08-24 04:00:00,4805.0,30.0,4,Thursday,8,Summer
2023-08-24 05:00:00,4238.2,32.0,5,Thursday,8,Summer
2023-08-24 06:00:00,4123.8,31.5,6,Thursday,8,Summer
2023-08-24 07:00:00,4157.1,29.0,7,Thursday,8,Summer
2023-08-24 08:00:00,4023.2,29.7,8,Thursday,8,Summer
2023-08-24 09:00:00,3932.7,32.7,9,Thursday,8,Summer
2023-08-24 10:00:00,3865.6,31.4,10,Thursday,8,Summer
2023-08-24 11:00:00,4008.6,30.1,11,Thursday,8,Summer
2023-08-24 12:00:00,4174.0,29.7,12,Thursday,8,Summer
2023-08-24 13:00:00,4558.0,30.2,13,Thursday,8,Summer
2023-08-24 14:00:00,4620.2,30.3,14,Thursday,8,Summer
2023-08-24 15:00:00,4951.0,29.7,15,Thursday,8,Summer
2023-08-24 16:00:00,5562.6,28.4,16,Thursday,8,Summer
2023-08-24 17:00:00,5843.8,32.7,17,Thursday,8,Summer
2023-08-24 18:00:00,6200.0,32.4,18,Thursday,8,Summer
2023-08-24 19:00:00,6200.0,29.1,19,Thursday,8,Summer
2023-08-24 20:00:00,6200.0,31.2,20,Thursday,8,Summer
2023-08-24 21:00:00,6200.0,29.6,21,Thursday,8,Summer
2023-08-24 22:00:00,6200.0,30.6,22,Thursday,8,Summer
2023-08-24 23:00:00,6049.2,30.5,23,Thursday,8,Summer
2023-08-25 00:00:00,5752.4,30.5,0,Friday,8,Summer
2023-08-25 01:00:00,5380.4,34.1,1,Friday,8,Summer
2023-08-25 02:00:00,5390.1,30.5,2,Friday,8,Summer
2023-08-25 03:00:00,5084.4,29.9,3,Friday,8,Summer
2023-08-25 04:00:00,4488.8,30.0,4,Friday,8,Summer
2023-08-25 05:00:00,4556.2,32.7,5,Friday,8,Summer
2023-08-25 06:00:00,4426.6,28.7,6,Friday,8,Summer
2023-08-25 07:00:00,3984.8,30.0,7,Friday,8,Summer
2023-08-25 08:00:00,3801.3,33.3,8,Friday,8,Summer
2023-08-25 09:00:00,4093.3,31.5,9,Friday,8,Summer
2023-08-25 10:00:00,3735.8,31.4,10,Friday,8,Summer
2023-08-25 11:00:00,3982.3,34.3,11,Friday,8,Summer
2023-08-25 12:00:00,4185.4,31.5,12,Friday,8,Summer
2023-08-25 13:00:00,4559.1,30.1,13,Friday,8,Summer
2023-08-25 14:00:00,4742.2,30.7,14,Friday,8,Summer
2023-08-25 15:00:00,4964.8,29.4,15,Friday,8,Summer
2023-08-25 16:00:00,5270.0,33.0,16,Friday,8,Summer
2023-08-25 17:00:00,5771.3,32.0,17,Friday,8,Summer
2023-08-25 18:00:00,6114.4,32.8,18,Friday,8,Summer
2023-08-25 19:00:00,6200.0,33.0,19,Friday,8,Summer
2023-08-25 20:00:00,6200.0,30.5,20,Friday,8,Summer
2023-08-25 21:00:00,6200.0,29.7,21,Friday,8,Summer
2023-08-25 22:00:00,6200.0,31.1,22,Friday,8,Summer
2023-08-25 23:00:00,6172.1,29.8,23,Friday,8,Summer
2023-08-26 00:00:00,5610.2,31.5,0,Saturday,8,Summer
2023-08-26 01:00:00,5529.1,33.0,1,Saturday,8,Summer
2023-08-26 02:00:00,5280.3,31.0,2,Saturday,8,Summer
2023-08-26 03:00:00,4752.6,31.5,3,Saturday,8,Summer
2023-08-26 04:00:00,4706.6,31.2,4,Saturday,8,Summer
2023-08-26 05:00:00,4271.9,32.5,5,Saturday,8,Summer
2023-08-26 06:00:00,4322.6,30.3,6,Saturday,8,Summer
2023-08-26 07:00:00,4011.9,28.0,7,Saturday,8,Summer
2023-08-26 08:00:00,3805.2,32.0,8,Saturday,8,Summer
2023-08-26 09:00:00,3733.0,32.8,9,Saturday,8,Summer
2023-08-26 10:00:00,3833.5,32.0,10,Saturday,8,Summer
2023-08-26 11:00:00,4020.7,30.3,11,Saturday,8,Summer
2023-08-26 12:00:00,4142.9,29.6,12,Saturday,8,Summer
2023-08-26 13:00:00,4364.5,32.0,13,Saturday,8,Summer
2023-08-26 14:00:00,4682.9,31.5,14,Saturday,8,Summer
2023-08-26 15:00:00,4926.4,31.1,15,Saturday,8,Summer
2023-08-26 16:00:00,5324.8,34.0,16,Saturday,8,Summer
2023-08-26 17:00:00,5489.5,29.9,17,Saturday,8,Summer
2023-08-26 18:00:00,6200.0,34.0,18,Saturday,8,Summer
2023-08-26 19:00:00,6200.0,31.3,19,Saturday,8,Summer
2023-08-26 20:00:00,6200.0,28.5,20,Saturday,8,Summer
2023-08-26 21:00:00,6200.0,31.0,21,Saturday,8,Summer
2023-08-26 22:00:00,6200.0,32.7,22,Saturday,8,Summer
2023-08-26 23:00:00,6057.1,30.8,23,Saturday,8,Summer
2023-08-27 00:00:00,5887.5,29.3,0,Sunday,8,Summer
2023-08-27 01:00:00,5578.8,31.2,1,Sunday,8,Summer
2023-08-27 02:00:00,5295.9,30.2,2,Sunday,8,Summer
2023-08-27 03:00:00,4891.4,32.2,3,Sunday,8,Summer
2023-08-27 04:00:00,4696.2,32.6,4,Sunday,8,Summer
2023-08-27 05:00:00,4335.6,29.9,5,Sunday,8,Summer
2023-08-27 06:00:00,4181.3,30.4,6,Sunday,8,Summer
2023-08-27 07:00:00,3752.1,32.6,7,Sunday,8,Summer
2023-08-27 08:00:00,3782.3,30.2,8,Sunday,8,Summer
2023-08-27 09:00:00,3947.2,29.8,9,Sunday,8,Summer
2023-08-27 10:00:00,3750.5,29.7,10,Sunday,8,Summer
2023-08-27 11:00:00,3880.2,32.0,11,Sunday,8,Summer
2023-08-27 12:00:00,4078.0,31.9,12,Sunday,8,Summer
2023-08-27 13:00:00,4233.2,30.4,13,Sunday,8,Summer
2023-08-27 14:00:00,4395.2,31.5,14,Sunday,8,Summer
2023-08-27 15:00:00,4947.5,33.8,15,Sunday,8,Summer
2023-08-27 16:00:00,5361.4,30.0,16,Sunday,8,Summer
2023-08-27 17:00:00,5754.1,28.5,17,Sunday,8,Summer
2023-08-27 18:00:00,6185.8,32.1,18,Sunday,8,Summer
2023-08-27 19:00:00,6200.0,31.3,19,Sunday,8,Summer
2023-08-27 20:00:00,6200.0,30.4,20,Sunday,8,Summer
2023-08-27 21:00:00,6200.0,32.4,21,Sunday,8,Summer
2023-08-27 22:00:00,6200.0,32.7,22,Sunday,8,Summer
2023-08-27 23:00:00,6142.7,28.2,23,Sunday,8,Summer
2023-08-28 00:00:00,5817.0,30.6,0,Monday,8,Summer
2023-08-28 01:00:00,5689.0,35.1,1,Monday,8,Summer
2023-08-28 02:00:00,5134.9,32.5,2,Monday,8,Summer
2023-08-28 03:00:00,4930.4,32.6,3,Monday,8,Summer
2023-08-28 04:00:00,4658.7,33.4,4,Monday,8,Summer
2023-08-28 05:00:00,4233.7,31.7,5,Monday,8,Summer
2023-08-28 06:00:00,4104.6,32.8,6,Monday,8,Summer
2023-08-28 07:00:00,3775.5,32.7,7,Monday,8,Summer
2023-08-28 08:00:00,3635.7,32.4,8,Monday,8,Summer
2023-08-28 09:00:00,3799.1,31.1,9,Monday,8,Summer
2023-08-28 10:00:00,3767.4,31.9,10,Monday,8,Summer
2023-08-28 11:00:00,3939.0,30.7,11,Monday,8,Summer
2023-08-28 12:00:00,4100.9,31.6,12,Monday,8,Summer
2023-08-28 13:00:00,4237.0,29.9,13,Monday,8,Summer
2023-08-28 14:00:00,4622.5,30.4,14,Monday,8,Summer
2023-08-28 15:00:00,4797.6,31.2,15,Monday,8,Summer
2023-08-28 16:00:00,5500.3,30.2,16,Monday,8,Summer
2023-08-28 17:00:00,5537.3,30.9,17,Monday,8,Summer
2023-08-28 18:00:00,6145.7,31.4,18,Monday,8,Summer
2023-08-28 19:00:00,6200.0,32.2,19,Monday,8,Summer
2023-08-28 20:00:00,6200.0,33.0,20,Monday,8,Summer
2023-08-28 21:00:00,6200.0,30.9,21,Monday,8,Summer
2023-08-28 22:00:00,6200.0,33.6,22,Monday,8,Summer
2023-08-28 23:00:00,6200.0,33.0,23,Monday,8,Summer
2023-08-29 00:00:00,5707.9,32.5,0,Tuesday,8,Summer
2023-08-29 01:00:00,5536.7,32.0,1,Tuesday,8,Summer
2023-08-29 02:00:00,5062.0,32.3,2,Tuesday,8,Summer
2023-08-29 03:00:00,4720.5,33.6,3,Tuesday,8,Summer
2023-08-29 04:00:00,4607.6,33.6,4,Tuesday,8,Summer
2023-08-29 05:00:00,4284.1,33.8,5,Tuesday,8,Summer
2023-08-29 06:00:00,4144.7,31.8,6,Tuesday,8,Summer
2023-08-29 07:00:00,3890.7,32.6,7,Tuesday,8,Summer
2023-08-29 08:00:00,3803.2,33.8,8,Tuesday,8,Summer
2023-08-29 09:00:00,3592.7,30.8,9,Tuesday,8,Summer
2023-08-29 10:00:00,3962.5,31.3,10,Tuesday,8,Summer
2023-08-29 11:00:00,3882.5,31.8,11,Tuesday,8,Summer
2023-08-29 12:00:00,4152.2,33.1,12,Tuesday,8,Summer
2023-08-29 13:00:00,4229.8,33.2,13,Tuesday,8,Summer
2023-08-29 14:00:00,4638.8,31.4,14,Tuesday,8,Summer
2023-08-29 15:00:00,4763.7,29.5,15,Tuesday,8,Summer
2023-08-29 16:00:00,5347.1,32.2,16,Tuesday,8,Summer
2023-08-29 17:00:00,5650.6,30.4,17,Tuesday,8,Summer
2023-08-29 18:00:00,6147.8,29.5,18,Tuesday,8,Summer
2023-08-29 19:00:00,6200.0,29.9,19,Tuesday,8,Summer
2023-08-29 20:00:00,6200.0,32.3,20,Tuesday,8,Summer
2023-08-29 21:00:00,6200.0,33.8,21,Tuesday,8,Summer
2023-08-29 22:00:00,6200.0,31.8,22,Tuesday,8,Summer
2023-08-29 23:00:00,6200.0,32.1,23,Tuesday,8,Summer
2023-08-30 00:00:00,5653.7,33.7,0,Wednesday,8,Summer
2023-08-30 01:00:00,5517.2,29.6,1,Wednesday,8,Summer
2023-08-30 02:00:00,5147.8,32.7,2,Wednesday,8,Summer
2023-08-30 03:00:00,5102.4,31.9,3,Wednesday,8,Summer
2023-08-30 04:00:00,4371.1,32.8,4,Wednesday,8,Summer
2023-08-30 05:00:00,4305.6,31.2,5,Wednesday,8,Summer
2023-08-30 06:00:00,3894.1,30.7,6,Wednesday,8,Summer
2023-08-30 07:00:00,3634.6,32.2,7,Wednesday,8,Summer
2023-08-30 08:00:00,3791.6,34.4,8,Wednesday,8,Summer
2023-08-30 09:00:00,3737.7,33.2,9,Wednesday,8,Summer
2023-08-30 10:00:00,3736.8,31.2,10,Wednesday,8,Summer
2023-08-30 11:00:00,3867.4,29.9,11,Wednesday,8,Summer
2023-08-30 12:00:00,4373.7,29.4,12,Wednesday,8,Summer
2023-08-30 13:00:00,4269.3,33.9,13,Wednesday,8,Summer
2023-08-30 14:00:00,4637.1,30.5,14,Wednesday,8,Summer
2023-08-30 15:00:00,4818.3,31.5,15,Wednesday,8,Summer
2023-08-30 16:00:00,5297.9,33.9,16,Wednesday,8,Summer
2023-08-30 17:00:00,5637.1,29.5,17,Wednesday,8,Summer
2023-08-30 18:00:00,6047.8,34.2,18,Wednesday,8,Summer
2023-08-30 19:00:00,6200.0,31.6,19,Wednesday,8,Summer
2023-08-30 20:00:00,6200.0,30.2,20,Wednesday,8,Summer
2023-08-30 21:00:00,6200.0,31.6,21,Wednesday,8,Summer
2023-08-30 22:00:00,6036.9,30.9,22,Wednesday,8,Summer
2023-08-30 23:00:00,6033.8,32.6,23,Wednesday,8,Summer
2023-08-31 00:00:00,6023.9,31.1,0,Thursday,8,Summer
2023-08-31 01:00:00,5376.3,29.2,1,Thursday,8,Summer
2023-08-31 02:00:00,5275.2,31.8,2,Thursday,8,Summer
2023-08-31 03:00:00,5014.3,30.1,3,Thursday,8,Summer
2023-08-31 04:00:00,4570.9,32.4,4,Thursday,8,Summer
2023-08-31 05:00:00,4182.3,30.3,5,Thursday,8,Summer
2023-08-31 06:00:00,3791.3,31.4,6,Thursday,8,Summer
2023-08-31 07:00:00,3922.6,32.4,7,Thursday,8,Summer
2023-08-31 08:00:00,3667.0,31.8,8,Thursday,8,Summer
2023-08-31 09:00:00,3720.9,32.5,9,Thursday,8,Summer
2023-08-31 10:00:00,3626.3,33.1,10,Thursday,8,Summer
2023-08-31 11:00:00,3831.1,30.4,11,Thursday,8,Summer
2023-08-31 12:00:00,4040.7,32.0,12,Thursday,8,Summer
2023-08-31 13:00:00,4302.5,27.1,13,Thursday,8,Summer
2023-08-31 14:00:00,4427.0,32.5,14,Thursday,8,Summer
2023-08-31 15:00:00,5017.1,31.6,15,Thursday,8,Summer
2023-08-31 16:00:00,5152.6,30.6,16,Thursday,8,Summer
2023-08-31 17:00:00,5404.1,32.6,17,Thursday,8,Summer
2023-08-31 18:00:00,6060.9,33.9,18,Thursday,8,Summer
2023-08-31 19:00:00,6200.0,31.4,19,Thursday,8,Summer
2023-08-31 20:00:00,6200.0,30.7,20,Thursday,8,Summer
2023-08-31 21:00:00,6200.0,32.3,21,Thursday,8,Summer
2023-08-31 22:00:00,6200.0,30.1,22,Thursday,8,Summer
2023-08-31 23:00:00,6037.7,31.1,23,Thursday,8,Summer
2023-09-01 00:00:00,5456.9,34.1,0,Friday,9,Autumn
2023-09-01 01:00:00,5488.2,32.3,1,Friday,9,Autumn
2023-09-01 02:00:00,5129.1,29.4,2,Friday,9,Autumn
2023-09-01 03:00:00,4762.8,29.5,3,Friday,9,Autumn
2023-09-01 04:00:00,4305.8,32.5,4,Friday,9,Autumn
2023-09-01 05:00:00,4402.3,33.5,5,Friday,9,Autumn
2023-09-01 06:00:00,3891.8,29.8,6,Friday,9,Autumn
2023-09-01 07:00:00,3778.9,32.9,7,Friday,9,Autumn
2023-09-01 08:00:00,3756.1,34.2,8,Friday,9,Autumn
2023-09-01 09:00:00,3574.1,35.1,9,Friday,9,Autumn
2023-09-01 10:00:00,3583.8,32.7,10,Friday,9,Autumn
2023-09-01 11:00:00,3631.9,33.0,11,Friday,9,Autumn
2023-09-01 12:00:00,4087.6,29.0,12,Friday,9,Autumn
2023-09-01 13:00:00,4192.5,35.4,13,Friday,9,Autumn
2023-09-01 14:00:00,4860.5,31.4,14,Friday,9,Autumn
2023-09-01 15:00:00,4724.3,30.8,15,Friday,9,Autumn
2023-09-01 16:00:00,5082.2,31.9,16,Friday,9,Autumn
2023-09-01 17:00:00,5530.1,34.5,17,Friday,9,Autumn
2023-09-01 18:00:00,6081.0,35.6,18,Friday,9,Autumn
2023-09-01 19:00:00,6200.0,32.4,19,Friday,9,Autumn
2023-09-01 20:00:00,6200.0,33.7,20,Friday,9,Autumn
2023-09-01 21:00:00,6200.0,32.3,21,Friday,9,Autumn
2023-09-01 22:00:00,6117.6,30.7,22,Friday,9,Autumn
2023-09-01 23:00:00,5751.9,34.5,23,Friday,9,Autumn
2023-09-02 00:00:00,5270.4,31.5,0,Saturday,9,Autumn
2023-09-02 01:00:00,5278.9,34.7,1,Saturday,9,Autumn
2023-09-02 02:00:00,5039.1,34.3,2,Saturday,9,Autumn
2023-09-02 03:00:00,4711.2,33.3,3,Saturday,9,Autumn
2023-09-02 04:00:00,4635.9,35.1,4,Saturday,9,Autumn
2023-09-02 05:00:00,4355.0,35.7,5,Saturday,9,Autumn
2023-09-02 06:00:00,3959.4,32.1,6,Saturday,9,Autumn
2023-09-02 07:00:00,3643.3,31.2,7,Saturday,9,Autumn
2023-09-02 08:00:00,3649.7,29.6,8,Saturday,9,Autumn
2023-09-02 09:00:00,3609.0,35.8,9,Saturday,9,Autumn
2023-09-02 10:00:00,3641.3,31.7,10,Saturday,9,Autumn
2023-09-02 11:00:00,3747.8,34.1,11,Saturday,9,Autumn
2023-09-02 12:00:00,3927.8,31.3,12,Saturday,9,Autumn
2023-09-02 13:00:00,4186.0,34.7,13,Saturday,9,Autumn
2023-09-02 14:00:00,4432.4,31.3,14,Saturday,9,Autumn
2023-09-02 15:00:00,4843.0,30.6,15,Saturday,9,Autumn
2023-09-02 16:00:00,5219.9,32.1,16,Saturday,9,Autumn
2023-09-02 17:00:00,5451.4,31.6,17,Saturday,9,Autumn
2023-09-02 18:00:00,6200.0,33.3,18,Saturday,9,Autumn
2023-09-02 19:00:00,6200.0,32.3,19,Saturday,9,Autumn
2023-09-02 20:00:00,6200.0,33.3,20,Saturday,9,Autumn
2023-09-02 21:00:00,6200.0,32.0,21,Saturday,9,Autumn
2023-09-02 22:00:00,6172.6,31.4,22,Saturday,9,Autumn
2023-09-02 23:00:00,6037.4,31.5,23,Saturday,9,Autumn
2023-09-03 00:00:00,5216.0,35.6,0,Sunday,9,Autumn
2023-09-03 01:00:00,5503.3,32.9,1,Sunday,9,Autumn
2023-09-03 02:00:00,5133.8,29.6,2,Sunday,9,Autumn
2023-09-03 03:00:00,4581.4,31.8,3,Sunday,9,Autumn
2023-09-03 04:00:00,4305.7,32.7,4,Sunday,9,Autumn
2023-09-03 05:00:00,4377.3,35.3,5,Sunday,9,Autumn
2023-09-03 06:00:00,3897.2,34.1,6,Sunday,9,Autumn
2023-09-03 07:00:00,3713.9,31.2,7,Sunday,9,Autumn
2023-09-03 08:00:00,3472.9,36.2,8,Sunday,9,Autumn
2023-09-03 09:00:00,3611.5,32.5,9,Sunday,9,Autumn
2023-09-03 10:00:00,3660.5,34.4,10,Sunday,9,Autumn
2023-09-03 11:00:00,3860.9,30.8,11,Sunday,9,Autumn
2023-09-03 12:00:00,3831.8,28.9,12,Sunday,9,Autumn
2023-09-03 13:00:00,4043.5,30.4,13,Sunday,9,Autumn
2023-09-03 14:00:00,4529.3,27.7,14,Sunday,9,Autumn
2023-09-03 15:00:00,4911.5,35.7,15,Sunday,9,Autumn
2023-09-03 16:00:00,4942.3,32.9,16,Sunday,9,Autumn
2023-09-03 17:00:00,5697.1,31.2,17,Sunday,9,Autumn
2023-09-03 18:00:00,5982.8,33.2,18,Sunday,9,Autumn
2023-09-03 19:00:00,6200.0,32.8,19,Sunday,9,Autumn
2023-09-03 20:00:00,6200.0,33.5,20,Sunday,9,Autumn
2023-09-03 21:00:00,6089.0,34.4,21,Sunday,9,Autumn
2023-09-03 22:00:00,6200.0,32.1,22,Sunday,9,Autumn
2023-09-03 23:00:00,6113.7,31.2,23,Sunday,9,Autumn
2023-09-04 00:00:00,5394.8,33.9,0,Monday,9,Autumn
2023-09-04 01:00:00,5236.8,33.9,1,Monday,9,Autumn
2023-09-04 02:00:00,4998.3,32.8,2,Monday,9,Autumn
2023-09-04 03:00:00,4389.9,36.0,3,Monday,9,Autumn
2023-09-04 04:00:00,4631.4,32.0,4,Monday,9,Autumn
2023-09-04 05:00:00,4083.8,31.3,5,Monday,9,Autumn
2023-09-04 06:00:00,3997.9,33.3,6,Monday,9,Autumn
2023-09-04 07:00:00,3763.4,31.7,7,Monday,9,Autumn
2023-09-04 08:00:00,3775.7,33.4,8,Monday,9,Autumn
2023-09-04 09:00:00,3659.6,31.4,9,Monday,9,Autumn
2023-09-04 10:00:00,3639.1,32.1,10,Monday,9,Autumn
2023-09-04 11:00:00,3687.3,35.5,11,Monday,9,Autumn
2023-09-04 12:00:00,4027.0,32.1,12,Monday,9,Autumn
2023-09-04 13:00:00,3983.7,31.5,13,Monday,9,Autumn
2023-09-04 14:00:00,4525.4,34.4,14,Monday,9,Autumn
2023-09-04 15:00:00,4632.9,31.1,15,Monday,9,Autumn
2023-09-04 16:00:00,5275.4,31.6,16,Monday,9,Autumn
2023-09-04 17:00:00,5538.0,33.5,17,Monday,9,Autumn
2023-09-04 18:00:00,6039.0,34.1,18,Monday,9,Autumn
2023-09-04 19:00:00,6200.0,34.5,19,Monday,9,Autumn
2023-09-04 20:00:00,6200.0,31.6,20,Monday,9,Autumn
2023-09-04 21:00:00,6200.0,33.6,21,Monday,9,Autumn
2023-09-04 22:00:00,6200.0,32.0,22,Monday,9,Autumn
2023-09-04 23:00:00,5946.8,31.8,23,Monday,9,Autumn
2023-09-05 00:00:00,5648.5,34.6,0,Tuesday,9,Autumn
2023-09-05 01:00:00,5310.9,32.0,1,Tuesday,9,Autumn
2023-09-05 02:00:00,4871.0,33.2,2,Tuesday,9,Autumn
2023-09-05 03:00:00,4612.3,33.1,3,Tuesday,9,Autumn
2023-09-05 04:00:00,4431.6,31.2,4,Tuesday,9,Autumn
2023-09-05 05:00:00,3913.7,34.3,5,Tuesday,9,Autumn
2023-09-05 06:00:00,4089.6,33.7,6,Tuesday,9,Autumn
2023-09-05 07:00:00,3791.4,29.8,7,Tuesday,9,Autumn
2023-09-05 08:00:00,3751.4,33.2,8,Tuesday,9,Autumn
2023-09-05 09:00:00,3459.8,31.7,9,Tuesday,9,Autumn
2023-09-05 10:00:00,3753.0,34.5,10,Tuesday,9,Autumn
2023-09-05 11:00:00,3959.2,30.7,11,Tuesday,9,Autumn
2023-09-05 12:00:00,3796.0,32.3,12,Tuesday,9,Autumn
2023-09-05 13:00:00,4235.7,33.4,13,Tuesday,9,Autumn
2023-09-05 14:00:00,4428.1,32.9,14,Tuesday,9,Autumn
2023-09-05 15:00:00,4553.7,34.0,15,Tuesday,9,Autumn
2023-09-05 16:00:00,5148.7,30.5,16,Tuesday,9,Autumn
2023-09-05 17:00:00,5598.5,35.3,17,Tuesday,9,Autumn
2023-09-05 18:00:00,5820.6,33.6,18,Tuesday,9,Autumn
2023-09-05 19:00:00,6200.0,34.9,19,Tuesday,9,Autumn
2023-09-05 20:00:00,6199.8,34.1,20,Tuesday,9,Autumn
2023-09-05 21:00:00,6185.0,32.8,21,Tuesday,9,Autumn
2023-09-05 22:00:00,6200.0,30.9,22,Tuesday,9,Autumn
2023-09-05 23:00:00,5892.0,32.0,23,Tuesday,9,Autumn
2023-09-06 00:00:00,5357.1,35.3,0,Wednesday,9,Autumn
2023-09-06 01:00:00,5333.3,35.0,1,Wednesday,9,Autumn
2023-09-06 02:00:00,5028.7,32.0,2,Wednesday,9,Autumn
2023-09-06 03:00:00,4779.1,28.7,3,Wednesday,9,Autumn
2023-09-06 04:00:00,4381.2,32.6,4,Wednesday,9,Autumn
2023-09-06 05:00:00,4192.2,32.5,5,Wednesday,9,Autumn
2023-09-06 06:00:00,3859.2,32.6,6,Wednesday,9,Autumn
2023-09-06 07:00:00,3919.7,33.8,7,Wednesday,9,Autumn
2023-09-06 08:00:00,3545.2,34.3,8,Wednesday,9,Autumn
2023-09-06 09:00:00,3769.8,34.4,9,Wednesday,9,Autumn
2023-09-06 10:00:00,3621.8,33.6,10,Wednesday,9,Autumn
2023-09-06 11:00:00,3600.1,30.3,11,Wednesday,9,Autumn
2023-09-06 12:00:00,4036.5,32.5,12,Wednesday,9,Autumn
2023-09-06 13:00:00,4144.5,36.4,13,Wednesday,9,Autumn
2023-09-06 14:00:00,4496.1,33.5,14,Wednesday,9,Autumn
2023-09-06 15:00:00,4853.3,33.5,15,Wednesday,9,Autumn
2023-09-06 16:00:00,5099.4,33.5,16,Wednesday,9,Autumn
2023-09-06 17:00:00,5371.8,33.6,17,Wednesday,9,Autumn
2023-09-06 18:00:00,6018.5,29.4,18,Wednesday,9,Autumn
2023-09-06 19:00:00,6200.0,32.6,19,Wednesday,9,Autumn
2023-09-06 20:00:00,6200.0,32.9,20,Wednesday,9,Autumn
2023-09-06 21:00:00,6044.0,34.9,21,Wednesday,9,Autumn
2023-09-06 22:00:00,6200.0,33.0,22,Wednesday,9,Autumn
2023-09-06 23:00:00,5760.8,30.5,23,Wednesday,9,Autumn
2023-09-07 00:00:00,5647.1,33.7,0,Thursday,9,Autumn
2023-09-07 01:00:00,5278.0,31.9,1,Thursday,9,Autumn
2023-09-07 02:00:00,4963.4,31.3,2,Thursday,9,Autumn
2023-09-07 03:00:00,4708.0,31.8,3,Thursday,9,Autumn
2023-09-07 04:00:00,4260.0,33.9,4,Thursday,9,Autumn
2023-09-07 05:00:00,4272.6,35.0,5,Thursday,9,Autumn
2023-09-07 06:00:00,4073.1,33.8,6,Thursday,9,Autumn
2023-09-07 07:00:00,3743.0,34.0,7,Thursday,9,Autumn
2023-09-07 08:00:00,3740.6,33.8,8,Thursday,9,Autumn
2023-09-07 09:00:00,3509.7,33.3,9,Thursday,9,Autumn
2023-09-07 10:00:00,3525.9,34.1,10,Thursday,9,Autumn
2023-09-07 11:00:00,3710.4,29.5,11,Thursday,9,Autumn
2023-09-07 12:00:00,3922.4,33.3,12,Thursday,9,Autumn
2023-09-07 13:00:00,4067.0,31.5,13,Thursday,9,Autumn
2023-09-07 14:00:00,4435.6,34.8,14,Thursday,9,Autumn
2023-09-07 15:00:00,4717.6,32.9,15,Thursday,9,Autumn
2023-09-07 16:00:00,4901.7,33.1,16,Thursday,9,Autumn
2023-09-07 17:00:00,5491.0,30.8,17,Thursday,9,Autumn
2023-09-07 18:00:00,5967.0,34.6,18,Thursday,9,Autumn
2023-09-07 19:00:00,6200.0,34.0,19,Thursday,9,Autumn
2023-09-07 20:00:00,6200.0,33.9,20,Thursday,9,Autumn
2023-09-07 21:00:00,6157.4,31.9,21,Thursday,9,Autumn
2023-09-07 22:00:00,6195.0,31.9,22,Thursday,9,Autumn
2023-09-07 23:00:00,5649.8,33.4,23,Thursday,9,Autumn
2023-09-08 00:00:00,5240.9,32.2,0,Friday,9,Autumn
2023-09-08 01:00:00,5084.9,33.9,1,Friday,9,Autumn
2023-09-08 02:00:00,4789.3,30.0,2,Friday,9,Autumn
2023-09-08 03:00:00,4560.7,32.5,3,Friday,9,Autumn
2023-09-08 04:00:00,4320.1,35.9,4,Friday,9,Autumn
2023-09-08 05:00:00,4167.2,33.9,5,Friday,9,Autumn
2023-09-08 06:00:00,3826.1,33.5,6,Friday,9,Autumn
2023-09-08 07:00:00,3538.7,36.2,7,Friday,9,Autumn
2023-09-08 08:00:00,3678.3,29.7,8,Friday,9,Autumn
2023-09-08 09:00:00,3465.3,32.0,9,Friday,9,Autumn
2023-09-08 10:00:00,3571.1,32.6,10,Friday,9,Autumn
2023-09-08 11:00:00,3725.9,34.5,11,Friday,9,Autumn
2023-09-08 12:00:00,3876.6,34.5,12,Friday,9,Autumn
2023-09-08 13:00:00,4194.9,31.9,13,Friday,9,Autumn
2023-09-08 14:00:00,4403.0,34.7,14,Friday,9,Autumn
2023-09-08 15:00:00,4553.9,32.6,15,Friday,9,Autumn
2023-09-08 16:00:00,5269.7,35.1,16,Friday,9,Autumn
2023-09-08 17:00:00,5415.0,31.7,17,Friday,9,Autumn
2023-09-08 18:00:00,5785.1,33.0,18,Friday,9,Autumn
2023-09-08 19:00:00,6200.0,32.5,19,Friday,9,Autumn
2023-09-08 20:00:00,6200.0,34.8,20,Friday,9,Autumn
2023-09-08 21:00:00,6200.0,32.4,21,Friday,9,Autumn
2023-09-08 22:00:00,6200.0,33.2,22,Friday,9,Autumn
2023-09-08 23:00:00,5746.0,34.0,23,Friday,9,Autumn
2023-09-09 00:00:00,5316.4,34.2,0,Saturday,9,Autumn
2023-09-09 01:00:00,5150.6,34.7,1,Saturday,9,Autumn
2023-09-09 02:00:00,5006.2,33.7,2,Saturday,9,Autumn
2023-09-09 03:00:00,4423.4,32.7,3,Saturday,9,Autumn
2023-09-09 04:00:00,4105.3,32.8,4,Saturday,9,Autumn
2023-09-09 05:00:00,3997.9,33.4,5,Saturday,9,Autumn
2023-09-09 06:00:00,3677.5,33.7,6,Saturday,9,Autumn
2023-09-09 07:00:00,3623.9,33.1,7,Saturday,9,Autumn
2023-09-09 08:00:00,3599.7,33.4,8,Saturday,9,Autumn
2023-09-09 09:00:00,3440.0,31.1,9,Saturday,9,Autumn
2023-09-09 10:00:00,3428.3,34.4,10,Saturday,9,Autumn
2023-09-09 11:00:00,3669.2,33.6,11,Saturday,9,Autumn
2023-09-09 12:00:00,3917.1,34.9,12,Saturday,9,Autumn
2023-09-09 13:00:00,3886.9,33.4,13,Saturday,9,Autumn
2023-09-09 14:00:00,4413.7,30.8,14,Saturday,9,Autumn
2023-09-09 15:00:00,4721.0,32.8,15,Saturday,9,Autumn
2023-09-09 16:00:00,5086.3,33.1,16,Saturday,9,Autumn
2023-09-09 17:00:00,5519.9,34.5,17,Saturday,9,Autumn
2023-09-09 18:00:00,6089.7,30.3,18,Saturday,9,Autumn
2023-09-09 19:00:00,6076.7,33.4,19,Saturday,9,Autumn
2023-09-09 20:00:00,6200.0,34.1,20,Saturday,9,Autumn
2023-09-09 21:00:00,6200.0,32.4,21,Saturday,9,Autumn
2023-09-09 22:00:00,6051.3,33.5,22,Saturday,9,Autumn
2023-09-09 23:00:00,5971.8,32.4,23,Saturday,9,Autumn
2023-09-10 00:00:00,5147.7,32.4,0,Sunday,9,Autumn
2023-09-10 01:00:00,4994.9,32.9,1,Sunday,9,Autumn
2023-09-10 02:00:00,5013.2,32.4,2,Sunday,9,Autumn
2023-09-10 03:00:00,4685.5,34.5,3,Sunday,9,Autumn
2023-09-10 04:00:00,4252.6,32.4,4,Sunday,9,Autumn
2023-09-10 05:00:00,4119.2,32.1,5,Sunday,9,Autumn
2023-09-10 06:00:00,3843.6,36.1,6,Sunday,9,Autumn
2023-09-10 07:00:00,3777.4,34.9,7,Sunday,9,Autumn
2023-09-10 08:00:00,3540.3,30.7,8,Sunday,9,Autumn
2023-09-10 09:00:00,3586.9,32.3,9,Sunday,9,Autumn
2023-09-10 10:00:00,3767.1,33.9,10,Sunday,9,Autumn
2023-09-10 11:00:00,3695.3,34.0,11,Sunday,9,Autumn
2023-09-10 12:00:00,3816.0,31.3,12,Sunday,9,Autumn
2023-09-10 13:00:00,4107.4,35.2,13,Sunday,9,Autumn
2023-09-10 14:00:00,4259.8,34.7,14,Sunday,9,Autumn
2023-09-10 15:00:00,4873.2,34.2,15,Sunday,9,Autumn
2023-09-10 16:00:00,4960.2,35.5,16,Sunday,9,Autumn
2023-09-10 17:00:00,5288.2,34.2,17,Sunday,9,Autumn
2023-09-10 18:00:00,5617.5,34.2,18,Sunday,9,Autumn
2023-09-10 19:00:00,6200.0,35.8,19,Sunday,9,Autumn
2023-09-10 20:00:00,6200.0,35.1,20,Sunday,9,Autumn
2023-09-10 21:00:00,6160.5,32.2,21,Sunday,9,Autumn
2023-09-10 22:00:00,6101.4,34.4,22,Sunday,9,Autumn
2023-09-10 23:00:00,5501.2,32.5,23,Sunday,9,Autumn
2023-09-11 00:00:00,5319.0,34.4,0,Monday,9,Autumn
2023-09-11 01:00:00,5131.3,34.3,1,Monday,9,Autumn
2023-09-11 02:00:00,5022.6,31.5,2,Monday,9,Autumn
2023-09-11 03:00:00,4453.7,33.4,3,Monday,9,Autumn
2023-09-11 04:00:00,4129.2,34.0,4,Monday,9,Autumn
2023-09-11 05:00:00,3918.9,33.0,5,Monday,9,Autumn
2023-09-11 06:00:00,3661.4,34.1,6,Monday,9,Autumn
2023-09-11 07:00:00,3739.7,34.8,7,Monday,9,Autumn
2023-09-11 08:00:00,3648.3,33.6,8,Monday,9,Autumn
2023-09-11 09:00:00,3503.8,34.0,9,Monday,9,Autumn
2023-09-11 10:00:00,3619.6,35.7,10,Monday,9,Autumn
2023-09-11 11:00:00,3630.9,34.3,11,Monday,9,Autumn
2023-09-11 12:00:00,3779.2,33.9,12,Monday,9,Autumn
2023-09-11 13:00:00,3976.7,32.2,13,Monday,9,Autumn
2023-09-11 14:00:00,4239.9,34.6,14,Monday,9,Autumn
2023-09-11 15:00:00,4393.9,34.1,15,Monday,9,Autumn
2023-09-11 16:00:00,4940.4,35.5,16,Monday,9,Autumn
2023-09-11 17:00:00,5287.0,33.7,17,Monday,9,Autumn
2023-09-11 18:00:00,5808.8,30.9,18,Monday,9,Autumn
2023-09-11 19:00:00,6071.7,31.1,19,Monday,9,Autumn
2023-09-11 20:00:00,6200.0,34.7,20,Monday,9,Autumn
2023-09-11 21:00:00,6065.2,32.8,21,Monday,9,Autumn
2023-09-11 22:00:00,5989.0,34.3,22,Monday,9,Autumn
2023-09-11 23:00:00,5787.1,33.8,23,Monday,9,Autumn
2023-09-12 00:00:00,5111.7,33.5,0,Tuesday,9,Autumn
2023-09-12 01:00:00,5053.9,33.6,1,Tuesday,9,Autumn
2023-09-12 02:00:00,4815.4,32.4,2,Tuesday,9,Autumn
2023-09-12 03:00:00,4432.5,33.7,3,Tuesday,9,Autumn
2023-09-12 04:00:00,4177.2,32.9,4,Tuesday,9,Autumn
2023-09-12 05:00:00,4007.1,33.2,5,Tuesday,9,Autumn
2023-09-12 06:00:00,3658.2,33.3,6,Tuesday,9,Autumn
2023-09-12 07:00:00,3628.1,33.4,7,Tuesday,9,Autumn
2023-09-12 08:00:00,3412.7,35.1,8,Tuesday,9,Autumn
2023-09-12 09:00:00,3546.6,33.5,9,Tuesday,9,Autumn
2023-09-12 10:00:00,3694.9,35.3,10,Tuesday,9,Autumn
2023-09-12 11:00:00,3519.2,36.0,11,Tuesday,9,Autumn
2023-09-12 12:00:00,3815.4,35.0,12,Tuesday,9,Autumn
2023-09-12 13:00:00,3913.2,34.5,13,Tuesday,9,Autumn
2023-09-12 14:00:00,4357.4,34.2,14,Tuesday,9,Autumn
2023-09-12 15:00:00,4399.2,35.0,15,Tuesday,9,Autumn
2023-09-12 16:00:00,4936.6,33.9,16,Tuesday,9,Autumn
2023-09-12 17:00:00,5145.1,35.2,17,Tuesday,9,Autumn
2023-09-12 18:00:00,5638.4,34.7,18,Tuesday,9,Autumn
2023-09-12 19:00:00,5865.3,33.2,19,Tuesday,9,Autumn
2023-09-12 20:00:00,6200.0,35.1,20,Tuesday,9,Autumn
2023-09-12 21:00:00,6033.4,33.9,21,Tuesday,9,Autumn
2023-09-12 22:00:00,6023.7,33.6,22,Tuesday,9,Autumn
2023-09-12 23:00:00,5598.9,33.0,23,Tuesday,9,Autumn
2023-09-13 00:00:00,5214.7,34.1,0,Wednesday,9,Autumn
2023-09-13 01:00:00,5030.3,35.4,1,Wednesday,9,Autumn
2023-09-13 02:00:00,4667.4,35.2,2,Wednesday,9,Autumn
2023-09-13 03:00:00,4509.2,34.4,3,Wednesday,9,Autumn
2023-09-13 04:00:00,4374.5,34.8,4,Wednesday,9,Autumn
2023-09-13 05:00:00,3882.5,35.8,5,Wednesday,9,Autumn
2023-09-13 06:00:00,3851.3,33.6,6,Wednesday,9,Autumn
2023-09-13 07:00:00,3708.3,32.2,7,Wednesday,9,Autumn
2023-09-13 08:00:00,3398.5,35.8,8,Wednesday,9,Autumn
2023-09-13 09:00:00,3308.6,33.1,9,Wednesday,9,Autumn
2023-09-13 10:00:00,3495.5,32.8,10,Wednesday,9,Autumn
2023-09-13 11:00:00,3525.5,31.2,11,Wednesday,9,Autumn
2023-09-13 12:00:00,3916.7,34.7,12,Wednesday,9,Autumn
2023-09-13 13:00:00,3964.5,31.4,13,Wednesday,9,Autumn
2023-09-13 14:00:00,4136.1,32.7,14,Wednesday,9,Autumn
2023-09-13 15:00:00,4385.4,34.7,15,Wednesday,9,Autumn
2023-09-13 16:00:00,4980.0,34.9,16,Wednesday,9,Autumn
2023-09-13 17:00:00,5152.8,32.9,17,Wednesday,9,Autumn
2023-09-13 18:00:00,5638.9,33.7,18,Wednesday,9,Autumn
2023-09-13 19:00:00,6126.3,32.5,19,Wednesday,9,Autumn
2023-09-13 20:00:00,6091.9,33.0,20,Wednesday,9,Autumn
2023-09-13 21:00:00,6117.3,34.3,21,Wednesday,9,Autumn
2023-09-13 22:00:00,5902.6,33.1,22,Wednesday,9,Autumn
2023-09-13 23:00:00,5708.5,33.5,23,Wednesday,9,Autumn
2023-09-14 00:00:00,5273.9,31.8,0,Thursday,9,Autumn
2023-09-14 01:00:00,4953.2,35.7,1,Thursday,9,Autumn
2023-09-14 02:00:00,4735.9,34.7,2,Thursday,9,Autumn
2023-09-14 03:00:00,4416.3,35.2,3,Thursday,9,Autumn
2023-09-14 04:00:00,4032.5,35.9,4,Thursday,9,Autumn
2023-09-14 05:00:00,3960.3,32.7,5,Thursday,9,Autumn
2023-09-14 06:00:00,3894.3,33.4,6,Thursday,9,Autumn
2023-09-14 07:00:00,3473.7,31.1,7,Thursday,9,Autumn
2023-09-14 08:00:00,3381.1,38.7,8,Thursday,9,Autumn
2023-09-14 09:00:00,3337.8,33.7,9,Thursday,9,Autumn
2023-09-14 10:00:00,3510.2,35.5,10,Thursday,9,Autumn
2023-09-14 11:00:00,3592.1,32.1,11,Thursday,9,Autumn
2023-09-14 12:00:00,3703.9,35.5,12,Thursday,9,Autumn
2023-09-14 13:00:00,3846.0,36.8,13,Thursday,9,Autumn
2023-09-14 14:00:00,4204.1,33.9,14,Thursday,9,Autumn
2023-09-14 15:00:00,4311.3,32.5,15,Thursday,9,Autumn
2023-09-14 16:00:00,4835.0,33.8,16,Thursday,9,Autumn
2023-09-14 17:00:00,5308.2,30.6,17,Thursday,9,Autumn
2023-09-14 18:00:00,5422.6,33.9,18,Thursday,9,Autumn
2023-09-14 19:00:00,5718.3,35.2,19,Thursday,9,Autumn
2023-09-14 20:00:00,6200.0,33.9,20,Thursday,9,Autumn
2023-09-14 21:00:00,5993.1,33.5,21,Thursday,9,Autumn
2023-09-14 22:00:00,6035.0,34.8,22,Thursday,9,Autumn
2023-09-14 23:00:00,5556.2,34.9,23,Thursday,9,Autumn
2023-09-15 00:00:00,5143.7,31.6,0,Friday,9,Autumn
2023-09-15 01:00:00,5003.6,34.2,1,Friday,9,Autumn
2023-09-15 02:00:00,4594.9,37.7,2,Friday,9,Autumn
2023-09-15 03:00:00,4444.5,32.1,3,Friday,9,Autumn
2023-09-15 04:00:00,4121.2,34.0,4,Friday,9,Autumn
2023-09-15 05:00:00,3781.2,37.0,5,Friday,9,Autumn
2023-09-15 06:00:00,3726.2,35.7,6,Friday,9,Autumn
2023-09-15 07:00:00,3506.7,33.3,7,Friday,9,Autumn
2023-09-15 08:00:00,3412.7,34.4,8,Friday,9,Autumn
2023-09-15 09:00:00,3288.1,34.1,9,Friday,9,Autumn
2023-09-15 10:00:00,3562.4,33.0,10,Friday,9,Autumn
2023-09-15 11:00:00,3607.3,34.0,11,Friday,9,Autumn
2023-09-15 12:00:00,3784.4,33.7,12,Friday,9,Autumn
2023-09-15 13:00:00,3881.8,34.3,13,Friday,9,Autumn
2023-09-15 14:00:00,3988.0,33.0,14,Friday,9,Autumn
2023-09-15 15:00:00,4676.3,32.2,15,Friday,9,Autumn
2023-09-15 16:00:00,4780.3,34.0,16,Friday,9,Autumn
2023-09-15 17:00:00,5065.8,36.7,17,Friday,9,Autumn
2023-09-15 18:00:00,5620.6,34.2,18,Friday,9,Autumn
2023-09-15 19:00:00,6081.3,33.6,19,Friday,9,Autumn
2023-09-15 20:00:00,6086.3,35.2,20,Friday,9,Autumn
2023-09-15 21:00:00,6200.0,33.8,21,Friday,9,Autumn
2023-09-15 22:00:00,5989.4,36.9,22,Friday,9,Autumn
2023-09-15 23:00:00,5393.6,34.1,23,Friday,9,Autumn
2023-09-16 00:00:00,5045.5,35.2,0,Saturday,9,Autumn
2023-09-16 01:00:00,5035.8,33.1,1,Saturday,9,Autumn
2023-09-16 02:00:00,4352.4,35.0,2,Saturday,9,Autumn
2023-09-16 03:00:00,4385.4,34.6,3,Saturday,9,Autumn
2023-09-16 04:00:00,3986.7,34.1,4,Saturday,9,Autumn
2023-09-16 05:00:00,3839.3,33.4,5,Saturday,9,Autumn
2023-09-16 06:00:00,3644.3,33.2,6,Saturday,9,Autumn
2023-09-16 07:00:00,3476.2,34.6,7,Saturday,9,Autumn
2023-09-16 08:00:00,3357.5,35.1,8,Saturday,9,Autumn
2023-09-16 09:00:00,3276.9,34.0,9,Saturday,9,Autumn
2023-09-16 10:00:00,3599.6,34.6,10,Saturday,9,Autumn
2023-09-16 11:00:00,3671.4,34.1,11,Saturday,9,Autumn
2023-09-16 12:00:00,3565.3,34.3,12,Saturday,9,Autumn
2023-09-16 13:00:00,4040.7,33.9,13,Saturday,9,Autumn
2023-09-16 14:00:00,4100.5,34.2,14,Saturday,9,Autumn
2023-09-16 15:00:00,4444.8,38.2,15,Saturday,9,Autumn
2023-09-16 16:00:00,4749.8,34.7,16,Saturday,9,Autumn
2023-09-16 17:00:00,5045.2,35.2,17,Saturday,9,Autumn
2023-09-16 18:00:00,5663.4,34.9,18,Saturday,9,Autumn
2023-09-16 19:00:00,5890.0,33.8,19,Saturday,9,Autumn
2023-09-16 20:00:00,5979.2,36.1,20,Saturday,9,Autumn
2023-09-16 21:00:00,5813.8,33.8,21,Saturday,9,Autumn
2023-09-16 22:00:00,5665.2,35.8,22,Saturday,9,Autumn
2023-09-16 23:00:00,5281.7,33.7,23,Saturday,9,Autumn
2023-09-17 00:00:00,5100.8,32.9,0,Sunday,9,Autumn
2023-09-17 01:00:00,4740.6,34.9,1,Sunday,9,Autumn
2023-09-17 02:00:00,4608.5,32.6,2,Sunday,9,Autumn
2023-09-17 03:00:00,4523.6,35.1,3,Sunday,9,Autumn
2023-09-17 04:00:00,4231.4,32.5,4,Sunday,9,Autumn
2023-09-17 05:00:00,3857.7,33.8,5,Sunday,9,Autumn
2023-09-17 06:00:00,3640.4,32.2,6,Sunday,9,Autumn
2023-09-17 07:00:00,3649.1,38.5,7,Sunday,9,Autumn
2023-09-17 08:00:00,3426.8,31.8,8,Sunday,9,Autumn
2023-09-17 09:00:00,3320.4,34.3,9,Sunday,9,Autumn
2023-09-17 10:00:00,3262.2,36.0,10,Sunday,9,Autumn
2023-09-17 11:00:00,3519.6,35.9,11,Sunday,9,Autumn
2023-09-17 12:00:00,3724.2,35.6,12,Sunday,9,Autumn
2023-09-17 13:00:00,3801.2,33.8,13,Sunday,9,Autumn
2023-09-17 14:00:00,4145.4,36.3,14,Sunday,9,Autumn
2023-09-17 15:00:00,4362.3,35.7,15,Sunday,9,Autumn
2023-09-17 16:00:00,4705.3,34.6,16,Sunday,9,Autumn
2023-09-17 17:00:00,4780.1,34.7,17,Sunday,9,Autumn
2023-09-17 18:00:00,5461.8,33.8,18,Sunday,9,Autumn
2023-09-17 19:00:00,5975.5,32.9,19,Sunday,9,Autumn
2023-09-17 20:00:00,5917.9,36.2,20,Sunday,9,Autumn
2023-09-17 21:00:00,5979.4,36.3,21,Sunday,9,Autumn
2023-09-17 22:00:00,5649.0,33.0,22,Sunday,9,Autumn
2023-09-17 23:00:00,5522.0,34.1,23,Sunday,9,Autumn
2023-09-18 00:00:00,5039.1,34.2,0,Monday,9,Autumn
2023-09-18 01:00:00,4741.4,34.4,1,Monday,9,Autumn
2023-09-18 02:00:00,4763.1,34.5,2,Monday,9,Autumn
2023-09-18 03:00:00,4446.7,35.8,3,Monday,9,Autumn
2023-09-18 04:00:00,4020.2,33.3,4,Monday,9,Autumn
2023-09-18 05:00:00,3883.8,33.1,5,Monday,9,Autumn
2023-09-18 06:00:00,3673.6,36.3,6,Monday,9,Autumn
2023-09-18 07:00:00,3518.5,33.7,7,Monday,9,Autumn
2023-09-18 08:00:00,3218.7,32.5,8,Monday,9,Autumn
2023-09-18 09:00:00,3410.1,33.7,9,Monday,9,Autumn
2023-09-18 10:00:00,3313.2,33.9,10,Monday,9,Autumn
2023-09-18 11:00:00,3432.0,36.7,11,Monday,9,Autumn
2023-09-18 12:00:00,3864.2,35.8,12,Monday,9,Autumn
2023-09-18 13:00:00,3866.4,36.1,13,Monday,9,Autumn
2023-09-18 14:00:00,4049.6,35.6,14,Monday,9,Autumn
2023-09-18 15:00:00,4132.9,35.8,15,Monday,9,Autumn
2023-09-18 16:00:00,4859.9,33.4,16,Monday,9,Autumn
2023-09-18 17:00:00,4894.1,34.1,17,Monday,9,Autumn
2023-09-18 18:00:00,5320.1,32.9,18,Monday,9,Autumn
2023-09-18 19:00:00,5748.7,34.1,19,Monday,9,Autumn
2023-09-18 20:00:00,6185.7,35.4,20,Monday,9,Autumn
2023-09-18 21:00:00,6048.0,34.6,21,Monday,9,Autumn
2023-09-18 22:00:00,5698.3,36.4,22,Monday,9,Autumn
2023-09-18 23:00:00,5479.5,32.7,23,Monday,9,Autumn
2023-09-19 00:00:00,4958.3,35.3,0,Tuesday,9,Autumn
2023-09-19 01:00:00,4840.9,32.6,1,Tuesday,9,Autumn
2023-09-19 02:00:00,4588.2,34.7,2,Tuesday,9,Autumn
2023-09-19 03:00:00,4422.2,35.6,3,Tuesday,9,Autumn
2023-09-19 04:00:00,4153.6,34.2,4,Tuesday,9,Autumn
2023-09-19 05:00:00,3858.3,35.3,5,Tuesday,9,Autumn
2023-09-19 06:00:00,3568.9,33.1,6,Tuesday,9,Autumn
2023-09-19 07:00:00,3504.4,32.0,7,Tuesday,9,Autumn
2023-09-19 08:00:00,3331.7,35.3,8,Tuesday,9,Autumn
2023-09-19 09:00:00,3215.5,37.1,9,Tuesday,9,Autumn
2023-09-19 10:00:00,3305.7,33.0,10,Tuesday,9,Autumn
2023-09-19 11:00:00,3447.9,36.3,11,Tuesday,9,Autumn
2023-09-19 12:00:00,3683.7,34.6,12,Tuesday,9,Autumn
2023-09-19 13:00:00,3795.2,32.5,13,Tuesday,9,Autumn
2023-09-19 14:00:00,3939.8,32.8,14,Tuesday,9,Autumn
2023-09-19 15:00:00,4351.9,34.5,15,Tuesday,9,Autumn
2023-09-19 16:00:00,4679.6,33.9,16,Tuesday,9,Autumn
2023-09-19 17:00:00,5055.1,32.5,17,Tuesday,9,Autumn
2023-09-19 18:00:00,5546.5,32.0,18,Tuesday,9,Autumn
2023-09-19 19:00:00,5906.0,33.2,19,Tuesday,9,Autumn
2023-09-19 20:00:00,5847.4,34.8,20,Tuesday,9,Autumn
2023-09-19 21:00:00,5804.2,34.5,21,Tuesday,9,Autumn
2023-09-19 22:00:00,5536.1,33.8,22,Tuesday,9,Autumn
2023-09-19 23:00:00,5496.8,34.8,23,Tuesday,9,Autumn
2023-09-20 00:00:00,5182.2,36.2,0,Wednesday,9,Autumn
2023-09-20 01:00:00,4754.9,35.2,1,Wednesday,9,Autumn
2023-09-20 02:00:00,4522.6,34.4,2,Wednesday,9,Autumn
2023-09-20 03:00:00,4446.9,36.0,3,Wednesday,9,Autumn
2023-09-20 04:00:00,4080.1,33.2,4,Wednesday,9,Autumn
2023-09-20 05:00:00,3827.8,34.3,5,Wednesday,9,Autumn
2023-09-20 06:00:00,3471.6,34.3,6,Wednesday,9,Autumn
2023-09-20 07:00:00,3476.2,32.8,7,Wednesday,9,Autumn
2023-09-20 08:00:00,3240.6,34.0,8,Wednesday,9,Autumn
2023-09-20 09:00:00,3190.3,31.5,9,Wednesday,9,Autumn
2023-09-20 10:00:00,3288.9,37.5,10,Wednesday,9,Autumn
2023-09-20 11:00:00,3368.2,33.2,11,Wednesday,9,Autumn
2023-09-20 12:00:00,3558.5,37.0,12,Wednesday,9,Autumn
2023-09-20 13:00:00,3651.4,34.7,13,Wednesday,9,Autumn
2023-09-20 14:00:00,4133.0,35.5,14,Wednesday,9,Autumn
2023-09-20 15:00:00,4439.2,33.9,15,Wednesday,9,Autumn
2023-09-20 16:00:00,4410.3,34.9,16,Wednesday,9,Autumn
2023-09-20 17:00:00,5121.3,35.6,17,Wednesday,9,Autumn
2023-09-20 18:00:00,5277.4,35.6,18,Wednesday,9,Autumn
2023-09-20 19:00:00,5844.4,35.8,19,Wednesday,9,Autumn
2023-09-20 20:00:00,5886.9,34.1,20,Wednesday,9,Autumn
2023-09-20 21:00:00,5860.8,33.9,21,Wednesday,9,Autumn
2023-09-20 22:00:00,5620.8,32.2,22,Wednesday,9,Autumn
2023-09-20 23:00:00,5530.0,35.4,23,Wednesday,9,Autumn
2023-09-21 00:00:00,4814.4,36.3,0,Thursday,9,Autumn
2023-09-21 01:00:00,4833.7,37.1,1,Thursday,9,Autumn
2023-09-21 02:00:00,4644.7,35.2,2,Thursday,9,Autumn
2023-09-21 03:00:00,4337.8,33.6,3,Thursday,9,Autumn
2023-09-21 04:00:00,4235.4,32.2,4,Thursday,9,Autumn
2023-09-21 05:00:00,3712.0,36.3,5,Thursday,9,Autumn
2023-09-21 06:00:00,3639.7,32.0,6,Thursday,9,Autumn
2023-09-21 07:00:00,3386.8,34.2,7,Thursday,9,Autumn
2023-09-21 08:00:00,3397.6,34.4,8,Thursday,9,Autumn
2023-09-21 09:00:00,3261.3,34.6,9,Thursday,9,Autumn
2023-09-21 10:00:00,3264.0,34.8,10,Thursday,9,Autumn
2023-09-21 11:00:00,3506.7,34.9,11,Thursday,9,Autumn
2023-09-21 12:00:00,3511.2,31.1,12,Thursday,9,Autumn
2023-09-21 13:00:00,3630.2,34.7,13,Thursday,9,Autumn
2023-09-21 14:00:00,3958.0,31.4,14,Thursday,9,Autumn
2023-09-21 15:00:00,4355.6,35.8,15,Thursday,9,Autumn
2023-09-21 16:00:00,4766.0,33.9,16,Thursday,9,Autumn
2023-09-21 17:00:00,4980.1,31.5,17,Thursday,9,Autumn
2023-09-21 18:00:00,5527.6,33.5,18,Thursday,9,Autumn
2023-09-21 19:00:00,5491.3,33.8,19,Thursday,9,Autumn
2023-09-21 20:00:00,5793.5,36.5,20,Thursday,9,Autumn
2023-09-21 21:00:00,5776.3,35.0,21,Thursday,9,Autumn
2023-09-21 22:00:00,5593.9,35.2,22,Thursday,9,Autumn
2023-09-21 23:00:00,5343.4,36.5,23,Thursday,9,Autumn
2023-09-22 00:00:00,5020.9,34.7,0,Friday,9,Autumn
2023-09-22 01:00:00,4677.3,35.9,1,Friday,9,Autumn
2023-09-22 02:00:00,4506.1,35.8,2,Friday,9,Autumn
2023-09-22 03:00:00,4228.7,32.9,3,Friday,9,Autumn
2023-09-22 04:00:00,3884.4,37.0,4,Friday,9,Autumn
2023-09-22 05:00:00,3726.3,32.7,5,Friday,9,Autumn
2023-09-22 06:00:00,3518.6,36.2,6,Friday,9,Autumn
2023-09-22 07:00:00,3359.5,32.5,7,Friday,9,Autumn
2023-09-22 08:00:00,3276.8,35.7,8,Friday,9,Autumn
2023-09-22 09:00:00,3246.5,37.6,9,Friday,9,Autumn
2023-09-22 10:00:00,3238.9,34.5,10,Friday,9,Autumn
2023-09-22 11:00:00,3480.8,34.4,11,Friday,9,Autumn
2023-09-22 12:00:00,3428.2,35.7,12,Friday,9,Autumn
2023-09-22 13:00:00,3670.9,34.3,13,Friday,9,Autumn
2023-09-22 14:00:00,4260.2,37.5,14,Friday,9,Autumn
2023-09-22 15:00:00,4150.4,35.1,15,Friday,9,Autumn
2023-09-22 16:00:00,4420.5,34.3,16,Friday,9,Autumn
2023-09-22 17:00:00,5024.1,34.0,17,Friday,9,Autumn
2023-09-22 18:00:00,5040.0,33.4,18,Friday,9,Autumn
2023-09-22 19:00:00,5613.7,33.9,19,Friday,9,Autumn
2023-09-22 20:00:00,6132.0,34.3,20,Friday,9,Autumn
2023-09-22 21:00:00,5556.7,34.1,21,Friday,9,Autumn
2023-09-22 22:00:00,5296.9,33.8,22,Friday,9,Autumn
2023-09-22 23:00:00,5098.5,37.9,23,Friday,9,Autumn
2023-09-23 00:00:00,5013.0,33.3,0,Saturday,9,Autumn
2023-09-23 01:00:00,4830.7,35.1,1,Saturday,9,Autumn
2023-09-23 02:00:00,4403.5,35.8,2,Saturday,9,Autumn
2023-09-23 03:00:00,4277.2,35.8,3,Saturday,9,Autumn
2023-09-23 04:00:00,4087.3,34.8,4,Saturday,9,Autumn
2023-09-23 05:00:00,3878.0,34.5,5,Saturday,9,Autumn
2023-09-23 06:00:00,3486.2,35.6,6,Saturday,9,Autumn
2023-09-23 07:00:00,3158.3,35.3,7,Saturday,9,Autumn
2023-09-23 08:00:00,3185.8,34.5,8,Saturday,9,Autumn
2023-09-23 09:00:00,3184.6,32.5,9,Saturday,9,Autumn
2023-09-23 10:00:00,3231.5,34.2,10,Saturday,9,Autumn
2023-09-23 11:00:00,3335.4,33.2,11,Saturday,9,Autumn
2023-09-23 12:00:00,3606.2,33.9,12,Saturday,9,Autumn
2023-09-23 13:00:00,3831.8,34.9,13,Saturday,9,Autumn
2023-09-23 14:00:00,3940.0,35.4,14,Saturday,9,Autumn
2023-09-23 15:00:00,4349.0,37.6,15,Saturday,9,Autumn
2023-09-23 16:00:00,4585.6,34.1,16,Saturday,9,Autumn
2023-09-23 17:00:00,4908.8,36.0,17,Saturday,9,Autumn
2023-09-23 18:00:00,5400.5,35.3,18,Saturday,9,Autumn
2023-09-23 19:00:00,5619.6,36.8,19,Saturday,9,Autumn
2023-09-23 20:00:00,6078.6,35.7,20,Saturday,9,Autumn
2023-09-23 21:00:00,5535.2,33.4,21,Saturday,9,Autumn
2023-09-23 22:00:00,5464.8,32.3,22,Saturday,9,Autumn
2023-09-23 23:00:00,5245.3,35.4,23,Saturday,9,Autumn
2023-09-24 00:00:00,4923.7,34.2,0,Sunday,9,Autumn
2023-09-24 01:00:00,4815.2,33.5,1,Sunday,9,Autumn
2023-09-24 02:00:00,4428.2,33.1,2,Sunday,9,Autumn
2023-09-24 03:00:00,4028.8,35.2,3,Sunday,9,Autumn
2023-09-24 04:00:00,4006.4,37.2,4,Sunday,9,Autumn
2023-09-24 05:00:00,3757.0,34.4,5,Sunday,9,Autumn
2023-09-24 06:00:00,3315.3,35.9,6,Sunday,9,Autumn
2023-09-24 07:00:00,3328.4,34.8,7,Sunday,9,Autumn
2023-09-24 08:00:00,3102.4,33.0,8,Sunday,9,Autumn
2023-09-24 09:00:00,3144.3,36.1,9,Sunday,9,Autumn
2023-09-24 10:00:00,3157.9,33.3,10,Sunday,9,Autumn
2023-09-24 11:00:00,3396.1,35.0,11,Sunday,9,Autumn
2023-09-24 12:00:00,3494.8,34.5,12,Sunday,9,Autumn
2023-09-24 13:00:00,3570.2,36.3,13,Sunday,9,Autumn
2023-09-24 14:00:00,4017.1,33.4,14,Sunday,9,Autumn
2023-09-24 15:00:00,4053.8,35.6,15,Sunday,9,Autumn
2023-09-24 16:00:00,4552.0,33.7,16,Sunday,9,Autumn
2023-09-24 17:00:00,4769.1,34.2,17,Sunday,9,Autumn
2023-09-24 18:00:00,5197.6,29.5,18,Sunday,9,Autumn
2023-09-24 19:00:00,5642.3,38.1,19,Sunday,9,Autumn
2023-09-24 20:00:00,5817.5,35.8,20,Sunday,9,Autumn
2023-09-24 21:00:00,5894.0,33.8,21,Sunday,9,Autumn
2023-09-24 22:00:00,5487.9,33.3,22,Sunday,9,Autumn
2023-09-24 23:00:00,5266.9,34.2,23,Sunday,9,Autumn
2023-09-25 00:00:00,4784.6,36.1,0,Monday,9,Autumn
2023-09-25 01:00:00,4657.1,32.2,1,Monday,9,Autumn
2023-09-25 02:00:00,4449.6,34.8,2,Monday,9,Autumn
2023-09-25 03:00:00,4139.1,37.7,3,Monday,9,Autumn
2023-09-25 04:00:00,3721.7,33.4,4,Monday,9,Autumn
2023-09-25 05:00:00,3693.0,35.2,5,Monday,9,Autumn
2023-09-25 06:00:00,3492.6,38.4,6,Monday,9,Autumn
2023-09-25 07:00:00,3250.2,36.0,7,Monday,9,Autumn
2023-09-25 08:00:00,3106.1,35.2,8,Monday,9,Autumn
2023-09-25 09:00:00,3293.2,35.8,9,Monday,9,Autumn
2023-09-25 10:00:00,3248.6,34.5,10,Monday,9,Autumn
2023-09-25 11:00:00,3287.5,37.0,11,Monday,9,Autumn
2023-09-25 12:00:00,3362.9,34.5,12,Monday,9,Autumn
2023-09-25 13:00:00,3588.7,32.1,13,Monday,9,Autumn
2023-09-25 14:00:00,4031.4,34.5,14,Monday,9,Autumn
2023-09-25 15:00:00,4190.7,33.6,15,Monday,9,Autumn
2023-09-25 16:00:00,4422.7,34.6,16,Monday,9,Autumn
2023-09-25 17:00:00,4897.2,34.7,17,Monday,9,Autumn
2023-09-25 18:00:00,5104.3,36.8,18,Monday,9,Autumn
2023-09-25 19:00:00,5742.4,36.1,19,Monday,9,Autumn
2023-09-25 20:00:00,5897.1,35.4,20,Monday,9,Autumn
2023-09-25 21:00:00,5599.0,35.0,21,Monday,9,Autumn
2023-09-25 22:00:00,5376.4,33.5,22,Monday,9,Autumn
2023-09-25 23:00:00,4852.0,31.8,23,Monday,9,Autumn
2023-09-26 00:00:00,4627.0,35.3,0,Tuesday,9,Autumn
2023-09-26 01:00:00,4450.5,36.3,1,Tuesday,9,Autumn
2023-09-26 02:00:00,4386.3,35.0,2,Tuesday,9,Autumn
2023-09-26 03:00:00,4087.7,34.3,3,Tuesday,9,Autumn
2023-09-26 04:00:00,3740.9,35.8,4,Tuesday,9,Autumn
2023-09-26 05:00:00,3612.4,35.0,5,Tuesday,9,Autumn
2023-09-26 06:00:00,3481.2,37.7,6,Tuesday,9,Autumn
2023-09-26 07:00:00,3327.5,37.0,7,Tuesday,9,Autumn
2023-09-26 08:00:00,3036.2,36.6,8,Tuesday,9,Autumn
2023-09-26 09:00:00,3144.5,36.3,9,Tuesday,9,Autumn
2023-09-26 10:00:00,3077.3,33.2,10,Tuesday,9,Autumn
2023-09-26 11:00:00,3358.2,36.1,11,Tuesday,9,Autumn
2023-09-26 12:00:00,3505.4,35.7,12,Tuesday,9,Autumn
2023-09-26 13:00:00,3557.6,36.0,13,Tuesday,9,Autumn
2023-09-26 14:00:00,3803.7,35.9,14,Tuesday,9,Autumn
2023-09-26 15:00:00,4100.3,35.8,15,Tuesday,9,Autumn
2023-09-26 16:00:00,4203.3,39.2,16,Tuesday,9,Autumn
2023-09-26 17:00:00,4843.3,35.0,17,Tuesday,9,Autumn
2023-09-26 18:00:00,5140.0,36.5,18,Tuesday,9,Autumn
2023-09-26 19:00:00,5630.7,34.4,19,Tuesday,9,Autumn
2023-09-26 20:00:00,5510.1,36.3,20,Tuesday,9,Autumn
2023-09-26 21:00:00,5539.8,36.5,21,Tuesday,9,Autumn
2023-09-26 22:00:00,5221.1,35.7,22,Tuesday,9,Autumn
2023-09-26 23:00:00,5027.3,37.6,23,Tuesday,9,Autumn
2023-09-27 00:00:00,4631.4,33.9,0,Wednesday,9,Autumn
2023-09-27 01:00:00,4687.4,34.5,1,Wednesday,9,Autumn
2023-09-27 02:00:00,4266.1,35.5,2,Wednesday,9,Autumn
2023-09-27 03:00:00,4106.1,36.5,3,Wednesday,9,Autumn
2023-09-27 04:00:00,3808.3,35.5,4,Wednesday,9,Autumn
2023-09-27 05:00:00,3498.7,37.1,5,Wednesday,9,Autumn
2023-09-27 06:00:00,3400.1,34.2,6,Wednesday,9,Autumn
2023-09-27 07:00:00,3310.7,33.5,7,Wednesday,9,Autumn
2023-09-27 08:00:00,3070.4,35.7,8,Wednesday,9,Autumn
2023-09-27 09:00:00,3196.6,35.1,9,Wednesday,9,Autumn
2023-09-27 10:00:00,3098.7,36.0,10,Wednesday,9,Autumn
2023-09-27 11:00:00,3222.5,35.2,11,Wednesday,9,Autumn
2023-09-27 12:00:00,3460.0,34.7,12,Wednesday,9,Autumn
2023-09-27 13:00:00,3554.7,35.1,13,Wednesday,9,Autumn
2023-09-27 14:00:00,3855.3,35.2,14,Wednesday,9,Autumn
2023-09-27 15:00:00,4087.7,34.7,15,Wednesday,9,Autumn
2023-09-27 16:00:00,4438.3,34.9,16,Wednesday,9,Autumn
2023-09-27 17:00:00,4486.5,34.6,17,Wednesday,9,Autumn
2023-09-27 18:00:00,4905.1,36.5,18,Wednesday,9,Autumn
2023-09-27 19:00:00,5544.2,35.5,19,Wednesday,9,Autumn
2023-09-27 20:00:00,5773.2,38.6,20,Wednesday,9,Autumn
2023-09-27 21:00:00,5461.6,35.4,21,Wednesday,9,Autumn
2023-09-27 22:00:00,5355.8,34.4,22,Wednesday,9,Autumn
2023-09-27 23:00:00,5159.6,39.2,23,Wednesday,9,Autumn
2023-09-28 00:00:00,4822.0,35.9,0,Thursday,9,Autumn
2023-09-28 01:00:00,4312.1,36.8,1,Thursday,9,Autumn
2023-09-28 02:00:00,4216.9,36.2,2,Thursday,9,Autumn
2023-09-28 03:00:00,4031.8,36.2,3,Thursday,9,Autumn
2023-09-28 04:00:00,3885.9,36.1,4,Thursday,9,Autumn
2023-09-28 05:00:00,3812.9,33.6,5,Thursday,9,Autumn
2023-09-28 06:00:00,3371.9,35.8,6,Thursday,9,Autumn
2023-09-28 07:00:00,3125.7,33.3,7,Thursday,9,Autumn
2023-09-28 08:00:00,3176.0,35.0,8,Thursday,9,Autumn
2023-09-28 09:00:00,3214.7,34.2,9,Thursday,9,Autumn
2023-09-28 10:00:00,3152.9,35.8,10,Thursday,9,Autumn
2023-09-28 11:00:00,3166.3,35.8,11,Thursday,9,Autumn
2023-09-28 12:00:00,3472.7,36.0,12,Thursday,9,Autumn
2023-09-28 13:00:00,3649.6,35.7,13,Thursday,9,Autumn
2023-09-28 14:00:00,3727.3,34.4,14,Thursday,9,Autumn
2023-09-28 15:00:00,4131.0,34.9,15,Thursday,9,Autumn
2023-09-28 16:00:00,4503.4,36.7,16,Thursday,9,Autumn
2023-09-28 17:00:00,4877.9,36.9,17,Thursday,9,Autumn
2023-09-28 18:00:00,5096.7,33.6,18,Thursday,9,Autumn
2023-09-28 19:00:00,5374.4,33.0,19,Thursday,9,Autumn
2023-09-28 20:00:00,5760.5,34.2,20,Thursday,9,Autumn
2023-09-28 21:00:00,5382.8,36.8,21,Thursday,9,Autumn
2023-09-28 22:00:00,5410.7,37.1,22,Thursday,9,Autumn
2023-09-28 23:00:00,4912.8,33.9,23,Thursday,9,Autumn
2023-09-29 00:00:00,4832.9,35.8,0,Friday,9,Autumn
2023-09-29 01:00:00,4482.2,38.1,1,Friday,9,Autumn
2023-09-29 02:00:00,4418.7,36.0,2,Friday,9,Autumn
2023-09-29 03:00:00,4087.4,37.5,3,Friday,9,Autumn
2023-09-29 04:00:00,3676.6,36.8,4,Friday,9,Autumn
2023-09-29 05:00:00,3691.1,34.0,5,Friday,9,Autumn
2023-09-29 06:00:00,3498.7,35.1,6,Friday,9,Autumn
2023-09-29 07:00:00,3288.5,35.4,7,Friday,9,Autumn
2023-09-29 08:00:00,3063.4,35.5,8,Friday,9,Autumn
2023-09-29 09:00:00,3067.0,36.7,9,Friday,9,Autumn
2023-09-29 10:00:00,3134.3,36.0,10,Friday,9,Autumn
2023-09-29 11:00:00,3160.9,30.9,11,Friday,9,Autumn
2023-09-29 12:00:00,3510.7,33.4,12,Friday,9,Autumn
2023-09-29 13:00:00,3578.4,32.1,13,Friday,9,Autumn
2023-09-29 14:00:00,3542.5,35.6,14,Friday,9,Autumn
2023-09-29 15:00:00,4098.5,35.7,15,Friday,9,Autumn
2023-09-29 16:00:00,4325.9,35.8,16,Friday,9,Autumn
2023-09-29 17:00:00,4696.7,33.9,17,Friday,9,Autumn
2023-09-29 18:00:00,5023.6,36.4,18,Friday,9,Autumn
2023-09-29 19:00:00,5494.6,36.4,19,Friday,9,Autumn
2023-09-29 20:00:00,5706.2,33.5,20,Friday,9,Autumn
2023-09-29 21:00:00,5551.8,33.1,21,Friday,9,Autumn
2023-09-29 22:00:00,5270.3,35.3,22,Friday,9,Autumn
2023-09-29 23:00:00,5047.0,38.0,23,Friday,9,Autumn
2023-09-30 00:00:00,4677.4,38.0,0,Saturday,9,Autumn
2023-09-30 01:00:00,4390.5,36.3,1,Saturday,9,Autumn
2023-09-30 02:00:00,4315.0,34.3,2,Saturday,9,Autumn
2023-09-30 03:00:00,4056.2,36.7,3,Saturday,9,Autumn
2023-09-30 04:00:00,3911.6,34.7,4,Saturday,9,Autumn
2023-09-30 05:00:00,3650.8,34.3,5,Saturday,9,Autumn
2023-09-30 06:00:00,3287.6,32.2,6,Saturday,9,Autumn
2023-09-30 07:00:00,3261.0,35.6,7,Saturday,9,Autumn
2023-09-30 08:00:00,3027.7,34.5,8,Saturday,9,Autumn
2023-09-30 09:00:00,3122.8,35.6,9,Saturday,9,Autumn
2023-09-30 10:00:00,3061.4,32.0,10,Saturday,9,Autumn
2023-09-30 11:00:00,3113.7,35.7,11,Saturday,9,Autumn
2023-09-30 12:00:00,3368.5,31.8,12,Saturday,9,Autumn
2023-09-30 13:00:00,3304.3,37.0,13,Saturday,9,Autumn
2023-09-30 14:00:00,3608.0,36.2,14,Saturday,9,Autumn
2023-09-30 15:00:00,4018.2,35.0,15,Saturday,9,Autumn
2023-09-30 16:00:00,4342.8,36.3,16,Saturday,9,Autumn
2023-09-30 17:00:00,4630.1,33.9,17,Saturday,9,Autumn
2023-09-30 18:00:00,4836.7,35.5,18,Saturday,9,Autumn
2023-09-30 19:00:00,5239.5,36.6,19,Saturday,9,Autumn
2023-09-30 20:00:00,5566.6,30.8,20,Saturday,9,Autumn
2023-09-30 21:00:00,5554.6,34.7,21,Saturday,9,Autumn
2023-09-30 22:00:00,5276.8,35.4,22,Saturday,9,Autumn
2023-09-30 23:00:00,5162.6,35.1,23,Saturday,9,Autumn
2023-10-01 00:00:00,4465.8,31.7,0,Sunday,10,Autumn
2023-10-01 01:00:00,4158.4,27.8,1,Sunday,10,Autumn
2023-10-01 02:00:00,3994.8,28.5,2,Sunday,10,Autumn
2023-10-01 03:00:00,3659.7,26.6,3,Sunday,10,Autumn
2023-10-01 04:00:00,3552.9,31.7,4,Sunday,10,Autumn
2023-10-01 05:00:00,3441.0,29.1,5,Sunday,10,Autumn
2023-10-01 06:00:00,3217.9,28.8,6,Sunday,10,Autumn
2023-10-01 07:00:00,3128.2,29.4,7,Sunday,10,Autumn
2023-10-01 08:00:00,2911.2,30.4,8,Sunday,10,Autumn
2023-10-01 09:00:00,3000.8,30.0,9,Sunday,10,Autumn
2023-10-01 10:00:00,2919.2,33.4,10,Sunday,10,Autumn
2023-10-01 11:00:00,3133.5,30.2,11,Sunday,10,Autumn
2023-10-01 12:00:00,3162.1,28.8,12,Sunday,10,Autumn
2023-10-01 13:00:00,3408.4,28.6,13,Sunday,10,Autumn
2023-10-01 14:00:00,3700.3,28.9,14,Sunday,10,Autumn
2023-10-01 15:00:00,3799.0,27.2,15,Sunday,10,Autumn
2023-10-01 16:00:00,4121.4,29.5,16,Sunday,10,Autumn
2023-10-01 17:00:00,4562.4,30.7,17,Sunday,10,Autumn
2023-10-01 18:00:00,4746.8,28.6,18,Sunday,10,Autumn
2023-10-01 19:00:00,4892.0,28.3,19,Sunday,10,Autumn
2023-10-01 20:00:00,5493.3,31.7,20,Sunday,10,Autumn
2023-10-01 21:00:00,5117.5,27.3,21,Sunday,10,Autumn
2023-10-01 22:00:00,5012.7,26.4,22,Sunday,10,Autumn
2023-10-01 23:00:00,4882.8,27.7,23,Sunday,10,Autumn
2023-10-02 00:00:00,4324.4,27.2,0,Monday,10,Autumn
2023-10-02 01:00:00,4102.2,30.1,1,Monday,10,Autumn
2023-10-02 02:00:00,4020.5,29.0,2,Monday,10,Autumn
2023-10-02 03:00:00,3597.7,29.2,3,Monday,10,Autumn
2023-10-02 04:00:00,3512.4,31.3,4,Monday,10,Autumn
2023-10-02 05:00:00,3345.1,28.5,5,Monday,10,Autumn
2023-10-02 06:00:00,3120.6,30.7,6,Monday,10,Autumn
2023-10-02 07:00:00,2885.6,31.8,7,Monday,10,Autumn
2023-10-02 08:00:00,3029.2,28.9,8,Monday,10,Autumn
2023-10-02 09:00:00,2890.5,30.6,9,Monday,10,Autumn
2023-10-02 10:00:00,3017.3,29.2,10,Monday,10,Autumn
2023-10-02 11:00:00,2981.9,30.9,11,Monday,10,Autumn
2023-10-02 12:00:00,3072.8,27.2,12,Monday,10,Autumn
2023-10-02 13:00:00,3348.4,27.1,13,Monday,10,Autumn
2023-10-02 14:00:00,3524.9,28.9,14,Monday,10,Autumn
2023-10-02 15:00:00,3679.4,28.2,15,Monday,10,Autumn
2023-10-02 16:00:00,4220.3,28.8,16,Monday,10,Autumn
2023-10-02 17:00:00,4321.1,29.2,17,Monday,10,Autumn
2023-10-02 18:00:00,4512.1,30.6,18,Monday,10,Autumn
2023-10-02 19:00:00,5190.9,28.9,19,Monday,10,Autumn
2023-10-02 20:00:00,5112.6,28.3,20,Monday,10,Autumn
2023-10-02 21:00:00,5064.3,29.0,21,Monday,10,Autumn
2023-10-02 22:00:00,4739.5,28.4,22,Monday,10,Autumn
2023-10-02 23:00:00,4917.9,28.1,23,Monday,10,Autumn
2023-10-03 00:00:00,4220.2,27.2,0,Tuesday,10,Autumn
2023-10-03 01:00:00,4185.1,29.7,1,Tuesday,10,Autumn
2023-10-03 02:00:00,4057.9,28.7,2,Tuesday,10,Autumn
2023-10-03 03:00:00,3779.8,31.0,3,Tuesday,10,Autumn
2023-10-03 04:00:00,3508.0,27.4,4,Tuesday,10,Autumn
2023-10-03 05:00:00,3161.2,28.8,5,Tuesday,10,Autumn
2023-10-03 06:00:00,3056.8,32.3,6,Tuesday,10,Autumn
2023-10-03 07:00:00,2994.5,28.2,7,Tuesday,10,Autumn
2023-10-03 08:00:00,2835.9,29.2,8,Tuesday,10,Autumn
2023-10-03 09:00:00,2877.5,27.8,9,Tuesday,10,Autumn
2023-10-03 10:00:00,2942.2,27.6,10,Tuesday,10,Autumn
2023-10-03 11:00:00,3052.3,31.9,11,Tuesday,10,Autumn
2023-10-03 12:00:00,3024.5,29.8,12,Tuesday,10,Autumn
2023-10-03 13:00:00,3484.3,29.8,13,Tuesday,10,Autumn
2023-10-03 14:00:00,3587.0,27.0,14,Tuesday,10,Autumn
2023-10-03 15:00:00,3764.5,30.1,15,Tuesday,10,Autumn
2023-10-03 16:00:00,4152.5,31.3,16,Tuesday,10,Autumn
2023-10-03 17:00:00,4616.7,31.3,17,Tuesday,10,Autumn
2023-10-03 18:00:00,4527.9,30.6,18,Tuesday,10,Autumn
2023-10-03 19:00:00,4961.1,27.9,19,Tuesday,10,Autumn
2023-10-03 20:00:00,4836.2,30.1,20,Tuesday,10,Autumn
2023-10-03 21:00:00,5131.3,30.6,21,Tuesday,10,Autumn
2023-10-03 22:00:00,4968.9,26.9,22,Tuesday,10,Autumn
2023-10-03 23:00:00,4675.5,27.9,23,Tuesday,10,Autumn
2023-10-04 00:00:00,4259.5,31.0,0,Wednesday,10,Autumn
2023-10-04 01:00:00,3937.3,31.0,1,Wednesday,10,Autumn
2023-10-04 02:00:00,3976.6,27.3,2,Wednesday,10,Autumn
2023-10-04 03:00:00,3849.4,30.8,3,Wednesday,10,Autumn
2023-10-04 04:00:00,3437.2,29.8,4,Wednesday,10,Autumn
2023-10-04 05:00:00,3314.7,30.8,5,Wednesday,10,Autumn
2023-10-04 06:00:00,2976.8,28.7,6,Wednesday,10,Autumn
2023-10-04 07:00:00,2993.6,30.6,7,Wednesday,10,Autumn
2023-10-04 08:00:00,2844.5,30.9,8,Wednesday,10,Autumn
2023-10-04 09:00:00,2788.9,29.1,9,Wednesday,10,Autumn
2023-10-04 10:00:00,2818.1,29.7,10,Wednesday,10,Autumn
2023-10-04 11:00:00,2930.7,28.7,11,Wednesday,10,Autumn
2023-10-04 12:00:00,3128.0,32.1,12,Wednesday,10,Autumn
2023-10-04 13:00:00,3172.3,29.5,13,Wednesday,10,Autumn
2023-10-04 14:00:00,3460.2,28.3,14,Wednesday,10,Autumn
2023-10-04 15:00:00,3734.6,28.6,15,Wednesday,10,Autumn
2023-10-04 16:00:00,3904.0,29.8,16,Wednesday,10,Autumn
2023-10-04 17:00:00,4523.0,30.8,17,Wednesday,10,Autumn
2023-10-04 18:00:00,4564.6,27.6,18,Wednesday,10,Autumn
2023-10-04 19:00:00,4871.5,32.4,19,Wednesday,10,Autumn
2023-10-04 20:00:00,4981.2,30.1,20,Wednesday,10,Autumn
2023-10-04 21:00:00,5299.2,30.3,21,Wednesday,10,Autumn
2023-10-04 22:00:00,4957.2,29.5,22,Wednesday,10,Autumn
2023-10-04 23:00:00,4538.6,29.7,23,Wednesday,10,Autumn
2023-10-05 00:00:00,4419.0,29.5,0,Thursday,10,Autumn
2023-10-05 01:00:00,4141.6,31.2,1,Thursday,10,Autumn
2023-10-05 02:00:00,3937.4,29.7,2,Thursday,10,Autumn
2023-10-05 03:00:00,3656.6,30.8,3,Thursday,10,Autumn
2023-10-05 04:00:00,3399.5,29.0,4,Thursday,10,Autumn
2023-10-05 05:00:00,3283.3,30.0,5,Thursday,10,Autumn
2023-10-05 06:00:00,3034.7,28.5,6,Thursday,10,Autumn
2023-10-05 07:00:00,3072.6,31.5,7,Thursday,10,Autumn
2023-10-05 08:00:00,2762.1,28.4,8,Thursday,10,Autumn
2023-10-05 09:00:00,2931.6,29.2,9,Thursday,10,Autumn
2023-10-05 10:00:00,2844.7,29.2,10,Thursday,10,Autumn
2023-10-05 11:00:00,2961.1,29.2,11,Thursday,10,Autumn
2023-10-05 12:00:00,3140.9,30.8,12,Thursday,10,Autumn
2023-10-05 13:00:00,3205.6,29.2,13,Thursday,10,Autumn
2023-10-05 14:00:00,3545.5,31.8,14,Thursday,10,Autumn
2023-10-05 15:00:00,3461.1,28.5,15,Thursday,10,Autumn
2023-10-05 16:00:00,3914.5,29.9,16,Thursday,10,Autumn
2023-10-05 17:00:00,4199.0,28.5,17,Thursday,10,Autumn
2023-10-05 18:00:00,4486.4,30.3,18,Thursday,10,Autumn
2023-10-05 19:00:00,4893.4,29.7,19,Thursday,10,Autumn
2023-10-05 20:00:00,5119.4,29.5,20,Thursday,10,Autumn
2023-10-05 21:00:00,5124.2,31.5,21,Thursday,10,Autumn
2023-10-05 22:00:00,4884.7,28.7,22,Thursday,10,Autumn
2023-10-05 23:00:00,4538.2,30.6,23,Thursday,10,Autumn
2023-10-06 00:00:00,4309.4,28.6,0,Friday,10,Autumn
2023-10-06 01:00:00,4104.8,29.9,1,Friday,10,Autumn
2023-10-06 02:00:00,3975.8,27.9,2,Friday,10,Autumn
2023-10-06 03:00:00,3733.7,28.7,3,Friday,10,Autumn
2023-10-06 04:00:00,3442.8,29.6,4,Friday,10,Autumn
2023-10-06 05:00:00,3160.4,32.5,5,Friday,10,Autumn
2023-10-06 06:00:00,3005.2,29.9,6,Friday,10,Autumn
2023-10-06 07:00:00,2878.4,32.2,7,Friday,10,Autumn
2023-10-06 08:00:00,2810.4,30.1,8,Friday,10,Autumn
2023-10-06 09:00:00,2822.2,29.2,9,Friday,10,Autumn
2023-10-06 10:00:00,2883.3,32.0,10,Friday,10,Autumn
2023-10-06 11:00:00,2914.8,30.4,11,Friday,10,Autumn
2023-10-06 12:00:00,3056.5,28.8,12,Friday,10,Autumn
2023-10-06 13:00:00,3245.7,30.4,13,Friday,10,Autumn
2023-10-06 14:00:00,3401.7,29.3,14,Friday,10,Autumn
2023-10-06 15:00:00,3601.1,26.8,15,Friday,10,Autumn
2023-10-06 16:00:00,3784.6,31.1,16,Friday,10,Autumn
2023-10-06 17:00:00,4194.1,31.4,17,Friday,10,Autumn
2023-10-06 18:00:00,4653.5,32.5,18,Friday,10,Autumn
2023-10-06 19:00:00,4799.5,30.4,19,Friday,10,Autumn
2023-10-06 20:00:00,5005.0,29.4,20,Friday,10,Autumn
2023-10-06 21:00:00,5058.8,31.0,21,Friday,10,Autumn
2023-10-06 22:00:00,4884.2,31.0,22,Friday,10,Autumn
2023-10-06 23:00:00,4459.0,32.2,23,Friday,10,Autumn
2023-10-07 00:00:00,4345.7,29.7,0,Saturday,10,Autumn
2023-10-07 01:00:00,4177.9,29.5,1,Saturday,10,Autumn
2023-10-07 02:00:00,3748.6,28.7,2,Saturday,10,Autumn
2023-10-07 03:00:00,3561.9,30.6,3,Saturday,10,Autumn
2023-10-07 04:00:00,3517.7,27.5,4,Saturday,10,Autumn
2023-10-07 05:00:00,3198.5,30.9,5,Saturday,10,Autumn
2023-10-07 06:00:00,2865.2,30.7,6,Saturday,10,Autumn
2023-10-07 07:00:00,2796.6,30.7,7,Saturday,10,Autumn
2023-10-07 08:00:00,2795.3,30.0,8,Saturday,10,Autumn
2023-10-07 09:00:00,2702.8,32.1,9,Saturday,10,Autumn
2023-10-07 10:00:00,2783.7,31.1,10,Saturday,10,Autumn
2023-10-07 11:00:00,2900.4,28.9,11,Saturday,10,Autumn
2023-10-07 12:00:00,3144.7,28.9,12,Saturday,10,Autumn
2023-10-07 13:00:00,3188.1,28.5,13,Saturday,10,Autumn
2023-10-07 14:00:00,3513.8,30.6,14,Saturday,10,Autumn
2023-10-07 15:00:00,3791.2,28.3,15,Saturday,10,Autumn
2023-10-07 16:00:00,4071.5,31.4,16,Saturday,10,Autumn
2023-10-07 17:00:00,4268.4,31.8,17,Saturday,10,Autumn
2023-10-07 18:00:00,4342.7,28.5,18,Saturday,10,Autumn
2023-10-07 19:00:00,4907.0,29.5,19,Saturday,10,Autumn
2023-10-07 20:00:00,5130.7,29.8,20,Saturday,10,Autumn
2023-10-07 21:00:00,4955.3,31.1,21,Saturday,10,Autumn
2023-10-07 22:00:00,4996.4,32.2,22,Saturday,10,Autumn
2023-10-07 23:00:00,4648.3,27.2,23,Saturday,10,Autumn
2023-10-08 00:00:00,4270.0,29.3,0,Sunday,10,Autumn
2023-10-08 01:00:00,4144.4,29.4,1,Sunday,10,Autumn
2023-10-08 02:00:00,3862.4,27.7,2,Sunday,10,Autumn
2023-10-08 03:00:00,3386.2,29.1,3,Sunday,10,Autumn
2023-10-08 04:00:00,3349.7,30.5,4,Sunday,10,Autumn
2023-10-08 05:00:00,3283.1,29.4,5,Sunday,10,Autumn
2023-10-08 06:00:00,2951.4,27.5,6,Sunday,10,Autumn
2023-10-08 07:00:00,2861.6,34.1,7,Sunday,10,Autumn
2023-10-08 08:00:00,2720.1,30.2,8,Sunday,10,Autumn
2023-10-08 09:00:00,2887.4,30.0,9,Sunday,10,Autumn
2023-10-08 10:00:00,2910.4,28.2,10,Sunday,10,Autumn
2023-10-08 11:00:00,2814.1,30.2,11,Sunday,10,Autumn
2023-10-08 12:00:00,3023.5,29.6,12,Sunday,10,Autumn
2023-10-08 13:00:00,3134.6,27.0,13,Sunday,10,Autumn
2023-10-08 14:00:00,3450.2,28.2,14,Sunday,10,Autumn
2023-10-08 15:00:00,3681.1,31.0,15,Sunday,10,Autumn
2023-10-08 16:00:00,3982.1,32.7,16,Sunday,10,Autumn
2023-10-08 17:00:00,4243.4,30.4,17,Sunday,10,Autumn
2023-10-08 18:00:00,4867.5,31.5,18,Sunday,10,Autumn
2023-10-08 19:00:00,4693.2,29.6,19,Sunday,10,Autumn
2023-10-08 20:00:00,4752.1,29.7,20,Sunday,10,Autumn
2023-10-08 21:00:00,4882.0,31.5,21,Sunday,10,Autumn
2023-10-08 22:00:00,4567.6,32.3,22,Sunday,10,Autumn
2023-10-08 23:00:00,4349.9,31.8,23,Sunday,10,Autumn
2023-10-09 00:00:00,4075.9,28.2,0,Monday,10,Autumn
2023-10-09 01:00:00,3914.0,29.7,1,Monday,10,Autumn
2023-10-09 02:00:00,3712.7,30.3,2,Monday,10,Autumn
2023-10-09 03:00:00,3632.3,29.5,3,Monday,10,Autumn
2023-10-09 04:00:00,3325.5,30.4,4,Monday,10,Autumn
2023-10-09 05:00:00,3151.0,31.1,5,Monday,10,Autumn
2023-10-09 06:00:00,3057.9,31.4,6,Monday,10,Autumn
2023-10-09 07:00:00,2802.6,32.4,7,Monday,10,Autumn
2023-10-09 08:00:00,2755.0,29.4,8,Monday,10,Autumn
2023-10-09 09:00:00,2769.8,27.8,9,Monday,10,Autumn
2023-10-09 10:00:00,2638.7,30.4,10,Monday,10,Autumn
2023-10-09 11:00:00,2687.0,32.7,11,Monday,10,Autumn
2023-10-09 12:00:00,3017.1,29.1,12,Monday,10,Autumn
2023-10-09 13:00:00,3205.4,30.9,13,Monday,10,Autumn
2023-10-09 14:00:00,3548.1,30.9,14,Monday,10,Autumn
2023-10-09 15:00:00,3623.4,30.1,15,Monday,10,Autumn
2023-10-09 16:00:00,3954.8,29.9,16,Monday,10,Autumn
2023-10-09 17:00:00,4158.4,28.5,17,Monday,10,Autumn
2023-10-09 18:00:00,4536.2,26.4,18,Monday,10,Autumn
2023-10-09 19:00:00,4982.4,28.2,19,Monday,10,Autumn
2023-10-09 20:00:00,4667.7,29.3,20,Monday,10,Autumn
2023-10-09 21:00:00,4946.3,31.5,21,Monday,10,Autumn
2023-10-09 22:00:00,4972.5,29.7,22,Monday,10,Autumn
2023-10-09 23:00:00,4518.3,29.1,23,Monday,10,Autumn
2023-10-10 00:00:00,4322.4,28.5,0,Tuesday,10,Autumn
2023-10-10 01:00:00,3915.5,30.9,1,Tuesday,10,Autumn
2023-10-10 02:00:00,3773.6,31.9,2,Tuesday,10,Autumn
2023-10-10 03:00:00,3563.5,31.5,3,Tuesday,10,Autumn
2023-10-10 04:00:00,3158.9,30.8,4,Tuesday,10,Autumn
2023-10-10 05:00:00,3051.1,27.7,5,Tuesday,10,Autumn
2023-10-10 06:00:00,2888.5,29.4,6,Tuesday,10,Autumn
2023-10-10 07:00:00,2895.5,32.8,7,Tuesday,10,Autumn
2023-10-10 08:00:00,2813.8,31.6,8,Tuesday,10,Autumn
2023-10-10 09:00:00,2747.4,27.6,9,Tuesday,10,Autumn
2023-10-10 10:00:00,2810.5,29.8,10,Tuesday,10,Autumn
2023-10-10 11:00:00,2825.6,30.4,11,Tuesday,10,Autumn
2023-10-10 12:00:00,3059.4,28.7,12,Tuesday,10,Autumn
2023-10-10 13:00:00,3144.8,26.4,13,Tuesday,10,Autumn
2023-10-10 14:00:00,3355.1,30.0,14,Tuesday,10,Autumn
2023-10-10 15:00:00,3559.9,28.7,15,Tuesday,10,Autumn
2023-10-10 16:00:00,3913.9,28.7,16,Tuesday,10,Autumn
2023-10-10 17:00:00,4105.7,29.3,17,Tuesday,10,Autumn
2023-10-10 18:00:00,4580.1,29.7,18,Tuesday,10,Autumn
2023-10-10 19:00:00,4614.9,29.9,19,Tuesday,10,Autumn
2023-10-10 20:00:00,4760.2,28.6,20,Tuesday,10,Autumn
2023-10-10 21:00:00,4944.7,29.5,21,Tuesday,10,Autumn
2023-10-10 22:00:00,4676.8,27.2,22,Tuesday,10,Autumn
2023-10-10 23:00:00,4404.5,30.3,23,Tuesday,10,Autumn
2023-10-11 00:00:00,4213.5,25.6,0,Wednesday,10,Autumn
2023-10-11 01:00:00,3890.0,29.5,1,Wednesday,10,Autumn
2023-10-11 02:00:00,3731.2,31.3,2,Wednesday,10,Autumn
2023-10-11 03:00:00,3659.0,28.3,3,Wednesday,10,Autumn
2023-10-11 04:00:00,3448.5,31.0,4,Wednesday,10,Autumn
2023-10-11 05:00:00,3243.4,31.6,5,Wednesday,10,Autumn
2023-10-11 06:00:00,2928.2,24.9,6,Wednesday,10,Autumn
2023-10-11 07:00:00,2903.9,29.7,7,Wednesday,10,Autumn
2023-10-11 08:00:00,2669.5,25.6,8,Wednesday,10,Autumn
2023-10-11 09:00:00,2644.7,29.7,9,Wednesday,10,Autumn
2023-10-11 10:00:00,2573.7,29.9,10,Wednesday,10,Autumn
2023-10-11 11:00:00,2935.0,26.2,11,Wednesday,10,Autumn
2023-10-11 12:00:00,2885.5,32.8,12,Wednesday,10,Autumn
2023-10-11 13:00:00,3112.0,30.3,13,Wednesday,10,Autumn
2023-10-11 14:00:00,3250.8,28.6,14,Wednesday,10,Autumn
2023-10-11 15:00:00,3620.2,32.1,15,Wednesday,10,Autumn
2023-10-11 16:00:00,3785.0,27.2,16,Wednesday,10,Autumn
2023-10-11 17:00:00,3985.7,28.1,17,Wednesday,10,Autumn
2023-10-11 18:00:00,4488.5,26.5,18,Wednesday,10,Autumn
2023-10-11 19:00:00,4546.7,32.6,19,Wednesday,10,Autumn
2023-10-11 20:00:00,4758.4,30.4,20,Wednesday,10,Autumn
2023-10-11 21:00:00,4572.6,30.9,21,Wednesday,10,Autumn
2023-10-11 22:00:00,4488.4,30.4,22,Wednesday,10,Autumn
2023-10-11 23:00:00,4443.3,30.8,23,Wednesday,10,Autumn
2023-10-12 00:00:00,3891.6,30.0,0,Thursday,10,Autumn
2023-10-12 01:00:00,3776.9,30.3,1,Thursday,10,Autumn
2023-10-12 02:00:00,3723.3,30.1,2,Thursday,10,Autumn
2023-10-12 03:00:00,3462.7,29.0,3,Thursday,10,Autumn
2023-10-12 04:00:00,3461.5,29.9,4,Thursday,10,Autumn
2023-10-12 05:00:00,3240.7,30.3,5,Thursday,10,Autumn
2023-10-12 06:00:00,2864.6,30.1,6,Thursday,10,Autumn
2023-10-12 07:00:00,2836.2,27.7,7,Thursday,10,Autumn
2023-10-12 08:00:00,2765.9,27.9,8,Thursday,10,Autumn
2023-10-12 09:00:00,2646.8,31.6,9,Thursday,10,Autumn
2023-10-12 10:00:00,2613.5,29.5,10,Thursday,10,Autumn
2023-10-12 11:00:00,2796.4,30.8,11,Thursday,10,Autumn
2023-10-12 12:00:00,2915.7,28.3,12,Thursday,10,Autumn
2023-10-12 13:00:00,3066.0,27.7,13,Thursday,10,Autumn
2023-10-12 14:00:00,3339.6,28.7,14,Thursday,10,Autumn
2023-10-12 15:00:00,3466.9,29.6,15,Thursday,10,Autumn
2023-10-12 16:00:00,3684.6,28.9,16,Thursday,10,Autumn
2023-10-12 17:00:00,4102.1,31.9,17,Thursday,10,Autumn
2023-10-12 18:00:00,4450.6,30.2,18,Thursday,10,Autumn
2023-10-12 19:00:00,4544.7,32.7,19,Thursday,10,Autumn
2023-10-12 20:00:00,4937.8,30.5,20,Thursday,10,Autumn
2023-10-12 21:00:00,4580.6,26.3,21,Thursday,10,Autumn
2023-10-12 22:00:00,4554.4,31.5,22,Thursday,10,Autumn
2023-10-12 23:00:00,4364.0,27.7,23,Thursday,10,Autumn
2023-10-13 00:00:00,3999.1,30.3,0,Friday,10,Autumn
2023-10-13 01:00:00,3839.4,28.8,1,Friday,10,Autumn
2023-10-13 02:00:00,3870.1,33.2,2,Friday,10,Autumn
2023-10-13 03:00:00,3411.4,32.1,3,Friday,10,Autumn
2023-10-13 04:00:00,3473.8,28.8,4,Friday,10,Autumn
2023-10-13 05:00:00,3110.4,29.8,5,Friday,10,Autumn
2023-10-13 06:00:00,2914.1,30.3,6,Friday,10,Autumn
2023-10-13 07:00:00,2810.6,31.2,7,Friday,10,Autumn
2023-10-13 08:00:00,2866.3,30.0,8,Friday,10,Autumn
2023-10-13 09:00:00,2601.7,28.4,9,Friday,10,Autumn
2023-10-13 10:00:00,2620.3,28.9,10,Friday,10,Autumn
2023-10-13 11:00:00,2725.1,29.9,11,Friday,10,Autumn
2023-10-13 12:00:00,2910.0,31.8,12,Friday,10,Autumn
2023-10-13 13:00:00,2945.1,30.6,13,Friday,10,Autumn
2023-10-13 14:00:00,3281.5,28.8,14,Friday,10,Autumn
2023-10-13 15:00:00,3656.8,30.9,15,Friday,10,Autumn
2023-10-13 16:00:00,3781.3,29.4,16,Friday,10,Autumn
2023-10-13 17:00:00,4032.3,31.3,17,Friday,10,Autumn
2023-10-13 18:00:00,4309.3,33.7,18,Friday,10,Autumn
2023-10-13 19:00:00,4753.8,29.4,19,Friday,10,Autumn
2023-10-13 20:00:00,4692.8,31.2,20,Friday,10,Autumn
2023-10-13 21:00:00,4978.6,28.8,21,Friday,10,Autumn
2023-10-13 22:00:00,4810.3,29.8,22,Friday,10,Autumn
2023-10-13 23:00:00,4389.3,30.0,23,Friday,10,Autumn
2023-10-14 00:00:00,4033.8,29.7,0,Saturday,10,Autumn
2023-10-14 01:00:00,3966.5,33.7,1,Saturday,10,Autumn
2023-10-14 02:00:00,3771.5,29.5,2,Saturday,10,Autumn
2023-10-14 03:00:00,3391.2,30.8,3,Saturday,10,Autumn
2023-10-14 04:00:00,3208.0,27.1,4,Saturday,10,Autumn
2023-10-14 05:00:00,2954.0,30.6,5,Saturday,10,Autumn
2023-10-14 06:00:00,2916.4,31.7,6,Saturday,10,Autumn
2023-10-14 07:00:00,2803.8,29.2,7,Saturday,10,Autumn
2023-10-14 08:00:00,2586.4,26.2,8,Saturday,10,Autumn
2023-10-14 09:00:00,2619.0,29.9,9,Saturday,10,Autumn
2023-10-14 10:00:00,2586.6,30.0,10,Saturday,10,Autumn
2023-10-14 11:00:00,2695.9,31.1,11,Saturday,10,Autumn
2023-10-14 12:00:00,2926.8,33.0,12,Saturday,10,Autumn
2023-10-14 13:00:00,3000.1,29.4,13,Saturday,10,Autumn
2023-10-14 14:00:00,3232.0,28.7,14,Saturday,10,Autumn
2023-10-14 15:00:00,3341.8,28.2,15,Saturday,10,Autumn
2023-10-14 16:00:00,3757.9,30.3,16,Saturday,10,Autumn
2023-10-14 17:00:00,4028.9,30.7,17,Saturday,10,Autumn
2023-10-14 18:00:00,4266.8,29.1,18,Saturday,10,Autumn
2023-10-14 19:00:00,4594.7,31.1,19,Saturday,10,Autumn
2023-10-14 20:00:00,4779.3,30.7,20,Saturday,10,Autumn
2023-10-14 21:00:00,4629.0,30.0,21,Saturday,10,Autumn
2023-10-14 22:00:00,4388.0,28.6,22,Saturday,10,Autumn
2023-10-14 23:00:00,4525.9,29.2,23,Saturday,10,Autumn
2023-10-15 00:00:00,3943.1,26.3,0,Sunday,10,Autumn
2023-10-15 01:00:00,3830.3,30.3,1,Sunday,10,Autumn
2023-10-15 02:00:00,3737.2,30.0,2,Sunday,10,Autumn
2023-10-15 03:00:00,3739.7,30.3,3,Sunday,10,Autumn
2023-10-15 04:00:00,3127.4,30.7,4,Sunday,10,Autumn
2023-10-15 05:00:00,3067.6,30.6,5,Sunday,10,Autumn
2023-10-15 06:00:00,2815.8,29.8,6,Sunday,10,Autumn
2023-10-15 07:00:00,2701.5,30.1,7,Sunday,10,Autumn
2023-10-15 08:00:00,2610.0,27.9,8,Sunday,10,Autumn
2023-10-15 09:00:00,2556.4,29.1,9,Sunday,10,Autumn
2023-10-15 10:00:00,2655.1,30.1,10,Sunday,10,Autumn
2023-10-15 11:00:00,2637.5,28.9,11,Sunday,10,Autumn
2023-10-15 12:00:00,2934.5,31.3,12,Sunday,10,Autumn
2023-10-15 13:00:00,3038.7,29.0,13,Sunday,10,Autumn
2023-10-15 14:00:00,3267.7,30.3,14,Sunday,10,Autumn
2023-10-15 15:00:00,3418.6,30.2,15,Sunday,10,Autumn
2023-10-15 16:00:00,3679.9,31.1,16,Sunday,10,Autumn
2023-10-15 17:00:00,4033.6,31.3,17,Sunday,10,Autumn
2023-10-15 18:00:00,4189.7,31.0,18,Sunday,10,Autumn
2023-10-15 19:00:00,4542.9,26.8,19,Sunday,10,Autumn
2023-10-15 20:00:00,4622.7,31.8,20,Sunday,10,Autumn
2023-10-15 21:00:00,4587.4,32.3,21,Sunday,10,Autumn
2023-10-15 22:00:00,4285.3,29.3,22,Sunday,10,Autumn
2023-10-15 23:00:00,4443.9,30.3,23,Sunday,10,Autumn
2023-10-16 00:00:00,3909.9,28.7,0,Monday,10,Autumn
2023-10-16 01:00:00,3923.3,27.1,1,Monday,10,Autumn
2023-10-16 02:00:00,3716.1,28.9,2,Monday,10,Autumn
2023-10-16 03:00:00,3302.5,29.2,3,Monday,10,Autumn
2023-10-16 04:00:00,3117.9,29.5,4,Monday,10,Autumn
2023-10-16 05:00:00,3204.8,28.6,5,Monday,10,Autumn
2023-10-16 06:00:00,2970.9,28.9,6,Monday,10,Autumn
2023-10-16 07:00:00,2716.9,30.0,7,Monday,10,Autumn
2023-10-16 08:00:00,2656.1,28.8,8,Monday,10,Autumn
2023-10-16 09:00:00,2570.6,30.8,9,Monday,10,Autumn
2023-10-16 10:00:00,2667.6,31.0,10,Monday,10,Autumn
2023-10-16 11:00:00,2670.3,33.6,11,Monday,10,Autumn
2023-10-16 12:00:00,2701.8,31.7,12,Monday,10,Autumn
2023-10-16 13:00:00,2913.6,30.4,13,Monday,10,Autumn
2023-10-16 14:00:00,3212.4,29.1,14,Monday,10,Autumn
2023-10-16 15:00:00,3337.3,30.4,15,Monday,10,Autumn
2023-10-16 16:00:00,3681.6,30.5,16,Monday,10,Autumn
2023-10-16 17:00:00,3869.7,29.2,17,Monday,10,Autumn
2023-10-16 18:00:00,4201.0,31.2,18,Monday,10,Autumn
2023-10-16 19:00:00,4648.6,27.9,19,Monday,10,Autumn
2023-10-16 20:00:00,4719.9,29.6,20,Monday,10,Autumn
2023-10-16 21:00:00,4657.6,30.8,21,Monday,10,Autumn
2023-10-16 22:00:00,4590.7,29.6,22,Monday,10,Autumn
2023-10-16 23:00:00,4320.8,29.7,23,Monday,10,Autumn
2023-10-17 00:00:00,4093.0,29.8,0,Tuesday,10,Autumn
2023-10-17 01:00:00,3742.0,28.7,1,Tuesday,10,Autumn
2023-10-17 02:00:00,3555.3,31.8,2,Tuesday,10,Autumn
2023-10-17 03:00:00,3278.0,28.5,3,Tuesday,10,Autumn
2023-10-17 04:00:00,3148.4,30.5,4,Tuesday,10,Autumn
2023-10-17 05:00:00,3062.9,30.6,5,Tuesday,10,Autumn
2023-10-17 06:00:00,2918.1,28.6,6,Tuesday,10,Autumn
2023-10-17 07:00:00,2764.7,30.1,7,Tuesday,10,Autumn
2023-10-17 08:00:00,2503.0,28.6,8,Tuesday,10,Autumn
2023-10-17 09:00:00,2663.6,32.1,9,Tuesday,10,Autumn
2023-10-17 10:00:00,2500.1,28.3,10,Tuesday,10,Autumn
2023-10-17 11:00:00,2760.5,29.0,11,Tuesday,10,Autumn
2023-10-17 12:00:00,2800.4,28.2,12,Tuesday,10,Autumn
2023-10-17 13:00:00,3044.4,28.0,13,Tuesday,10,Autumn
2023-10-17 14:00:00,3081.9,32.4,14,Tuesday,10,Autumn
2023-10-17 15:00:00,3510.1,30.8,15,Tuesday,10,Autumn
2023-10-17 16:00:00,3527.7,30.2,16,Tuesday,10,Autumn
2023-10-17 17:00:00,3882.5,29.0,17,Tuesday,10,Autumn
2023-10-17 18:00:00,4148.4,31.4,18,Tuesday,10,Autumn
2023-10-17 19:00:00,4321.2,28.8,19,Tuesday,10,Autumn
2023-10-17 20:00:00,4668.8,31.2,20,Tuesday,10,Autumn
2023-10-17 21:00:00,4834.8,28.7,21,Tuesday,10,Autumn
2023-10-17 22:00:00,4757.7,29.0,22,Tuesday,10,Autumn
2023-10-17 23:00:00,4249.7,31.1,23,Tuesday,10,Autumn
2023-10-18 00:00:00,4031.8,31.3,0,Wednesday,10,Autumn
2023-10-18 01:00:00,3780.7,30.9,1,Wednesday,10,Autumn
2023-10-18 02:00:00,3613.1,28.4,2,Wednesday,10,Autumn
2023-10-18 03:00:00,3335.5,29.3,3,Wednesday,10,Autumn
2023-10-18 04:00:00,3175.5,30.2,4,Wednesday,10,Autumn
2023-10-18 05:00:00,3009.6,28.7,5,Wednesday,10,Autumn
2023-10-18 06:00:00,2765.7,32.1,6,Wednesday,10,Autumn
2023-10-18 07:00:00,2675.7,26.4,7,Wednesday,10,Autumn
2023-10-18 08:00:00,2598.2,28.8,8,Wednesday,10,Autumn
2023-10-18 09:00:00,2628.4,29.2,9,Wednesday,10,Autumn
2023-10-18 10:00:00,2532.7,25.7,10,Wednesday,10,Autumn
2023-10-18 11:00:00,2677.5,27.9,11,Wednesday,10,Autumn
2023-10-18 12:00:00,2940.6,30.9,12,Wednesday,10,Autumn
2023-10-18 13:00:00,3057.3,30.0,13,Wednesday,10,Autumn
2023-10-18 14:00:00,3272.4,32.4,14,Wednesday,10,Autumn
2023-10-18 15:00:00,3388.3,32.3,15,Wednesday,10,Autumn
2023-10-18 16:00:00,3665.2,30.6,16,Wednesday,10,Autumn
2023-10-18 17:00:00,4019.0,30.5,17,Wednesday,10,Autumn
2023-10-18 18:00:00,4389.4,30.1,18,Wednesday,10,Autumn
2023-10-18 19:00:00,4268.7,26.0,19,Wednesday,10,Autumn
2023-10-18 20:00:00,4472.9,27.9,20,Wednesday,10,Autumn
2023-10-18 21:00:00,4743.7,30.2,21,Wednesday,10,Autumn
2023-10-18 22:00:00,4398.2,30.9,22,Wednesday,10,Autumn
2023-10-18 23:00:00,4138.9,30.4,23,Wednesday,10,Autumn
2023-10-19 00:00:00,3772.7,28.7,0,Thursday,10,Autumn
2023-10-19 01:00:00,3680.7,31.4,1,Thursday,10,Autumn
2023-10-19 02:00:00,3419.3,32.2,2,Thursday,10,Autumn
2023-10-19 03:00:00,3515.3,31.4,3,Thursday,10,Autumn
2023-10-19 04:00:00,3136.1,31.5,4,Thursday,10,Autumn
2023-10-19 05:00:00,2944.6,29.2,5,Thursday,10,Autumn
2023-10-19 06:00:00,2827.5,31.6,6,Thursday,10,Autumn
2023-10-19 07:00:00,2726.1,30.2,7,Thursday,10,Autumn
2023-10-19 08:00:00,2644.9,30.8,8,Thursday,10,Autumn
2023-10-19 09:00:00,2625.7,30.5,9,Thursday,10,Autumn
2023-10-19 10:00:00,2543.0,29.8,10,Thursday,10,Autumn
2023-10-19 11:00:00,2642.2,28.7,11,Thursday,10,Autumn
2023-10-19 12:00:00,2840.3,29.9,12,Thursday,10,Autumn
2023-10-19 13:00:00,2911.1,31.5,13,Thursday,10,Autumn
2023-10-19 14:00:00,3143.0,29.3,14,Thursday,10,Autumn
2023-10-19 15:00:00,3395.9,31.3,15,Thursday,10,Autumn
2023-10-19 16:00:00,3681.3,31.1,16,Thursday,10,Autumn
2023-10-19 17:00:00,3720.1,29.6,17,Thursday,10,Autumn
2023-10-19 18:00:00,4269.9,32.1,18,Thursday,10,Autumn
2023-10-19 19:00:00,4430.0,29.5,19,Thursday,10,Autumn
2023-10-19 20:00:00,4673.7,32.3,20,Thursday,10,Autumn
2023-10-19 21:00:00,4649.6,30.7,21,Thursday,10,Autumn
2023-10-19 22:00:00,4574.6,30.0,22,Thursday,10,Autumn
2023-10-19 23:00:00,4321.4,28.7,23,Thursday,10,Autumn
2023-10-20 00:00:00,3997.7,29.9,0,Friday,10,Autumn
2023-10-20 01:00:00,3840.1,29.7,1,Friday,10,Autumn
2023-10-20 02:00:00,3544.3,28.1,2,Friday,10,Autumn
2023-10-20 03:00:00,3319.9,29.7,3,Friday,10,Autumn
2023-10-20 04:00:00,3183.8,28.8,4,Friday,10,Autumn
2023-10-20 05:00:00,2981.8,30.9,5,Friday,10,Autumn
2023-10-20 06:00:00,2745.7,32.0,6,Friday,10,Autumn
2023-10-20 07:00:00,2670.1,28.2,7,Friday,10,Autumn
2023-10-20 08:00:00,2563.4,32.6,8,Friday,10,Autumn
2023-10-20 09:00:00,2484.9,29.8,9,Friday,10,Autumn
2023-10-20 10:00:00,2648.4,28.5,10,Friday,10,Autumn
2023-10-20 11:00:00,2647.0,31.1,11,Friday,10,Autumn
2023-10-20 12:00:00,2908.9,29.3,12,Friday,10,Autumn
2023-10-20 13:00:00,2810.2,29.9,13,Friday,10,Autumn
2023-10-20 14:00:00,3077.9,29.4,14,Friday,10,Autumn
2023-10-20 15:00:00,3341.6,28.8,15,Friday,10,Autumn
2023-10-20 16:00:00,3687.1,31.1,16,Friday,10,Autumn
2023-10-20 17:00:00,3904.5,29.6,17,Friday,10,Autumn
2023-10-20 18:00:00,4197.9,27.8,18,Friday,10,Autumn
2023-10-20 19:00:00,4300.1,30.8,19,Friday,10,Autumn
2023-10-20 20:00:00,4428.4,28.2,20,Friday,10,Autumn
2023-10-20 21:00:00,4565.6,28.3,21,Friday,10,Autumn
2023-10-20 22:00:00,4218.0,31.8,22,Friday,10,Autumn
2023-10-20 23:00:00,4095.5,28.2,23,Friday,10,Autumn
2023-10-21 00:00:00,3888.5,26.5,0,Saturday,10,Autumn
2023-10-21 01:00:00,3590.0,30.9,1,Saturday,10,Autumn
2023-10-21 02:00:00,3634.3,29.5,2,Saturday,10,Autumn
2023-10-21 03:00:00,3394.8,29.7,3,Saturday,10,Autumn
2023-10-21 04:00:00,2972.5,29.5,4,Saturday,10,Autumn
2023-10-21 05:00:00,2839.9,30.3,5,Saturday,10,Autumn
2023-10-21 06:00:00,2590.7,28.9,6,Saturday,10,Autumn
2023-10-21 07:00:00,2573.5,32.2,7,Saturday,10,Autumn
2023-10-21 08:00:00,2596.5,27.8,8,Saturday,10,Autumn
2023-10-21 09:00:00,2495.3,30.7,9,Saturday,10,Autumn
2023-10-21 10:00:00,2577.0,30.9,10,Saturday,10,Autumn
2023-10-21 11:00:00,2525.0,28.8,11,Saturday,10,Autumn
2023-10-21 12:00:00,2802.7,28.5,12,Saturday,10,Autumn
2023-10-21 13:00:00,2868.4,31.5,13,Saturday,10,Autumn
2023-10-21 14:00:00,3100.4,28.5,14,Saturday,10,Autumn
2023-10-21 15:00:00,3307.8,29.1,15,Saturday,10,Autumn
2023-10-21 16:00:00,3446.9,31.3,16,Saturday,10,Autumn
2023-10-21 17:00:00,3728.2,30.0,17,Saturday,10,Autumn
2023-10-21 18:00:00,4236.5,27.3,18,Saturday,10,Autumn
2023-10-21 19:00:00,4437.7,32.6,19,Saturday,10,Autumn
2023-10-21 20:00:00,4647.3,29.2,20,Saturday,10,Autumn
2023-10-21 21:00:00,4533.9,29.4,21,Saturday,10,Autumn
2023-10-21 22:00:00,4351.9,30.4,22,Saturday,10,Autumn
2023-10-21 23:00:00,3943.8,30.9,23,Saturday,10,Autumn
2023-10-22 00:00:00,3787.9,32.9,0,Sunday,10,Autumn
2023-10-22 01:00:00,3652.2,27.5,1,Sunday,10,Autumn
2023-10-22 02:00:00,3639.1,31.2,2,Sunday,10,Autumn
2023-10-22 03:00:00,3327.3,31.1,3,Sunday,10,Autumn
2023-10-22 04:00:00,3190.5,29.8,4,Sunday,10,Autumn
2023-10-22 05:00:00,2930.6,31.2,5,Sunday,10,Autumn
2023-10-22 06:00:00,2680.0,31.4,6,Sunday,10,Autumn
2023-10-22 07:00:00,2614.2,27.9,7,Sunday,10,Autumn
2023-10-22 08:00:00,2544.9,32.6,8,Sunday,10,Autumn
2023-10-22 09:00:00,2445.0,27.6,9,Sunday,10,Autumn
2023-10-22 10:00:00,2505.6,28.3,10,Sunday,10,Autumn
2023-10-22 11:00:00,2593.2,29.6,11,Sunday,10,Autumn
2023-10-22 12:00:00,2838.2,32.9,12,Sunday,10,Autumn
2023-10-22 13:00:00,2738.2,29.5,13,Sunday,10,Autumn
2023-10-22 14:00:00,3170.7,29.9,14,Sunday,10,Autumn
2023-10-22 15:00:00,3215.3,32.1,15,Sunday,10,Autumn
2023-10-22 16:00:00,3414.0,29.5,16,Sunday,10,Autumn
2023-10-22 17:00:00,3924.5,28.2,17,Sunday,10,Autumn
2023-10-22 18:00:00,4182.7,29.3,18,Sunday,10,Autumn
2023-10-22 19:00:00,4500.1,32.0,19,Sunday,10,Autumn
2023-10-22 20:00:00,4586.8,30.1,20,Sunday,10,Autumn
2023-10-22 21:00:00,4696.0,32.9,21,Sunday,10,Autumn
2023-10-22 22:00:00,4366.3,31.1,22,Sunday,10,Autumn
2023-10-22 23:00:00,4076.9,29.0,23,Sunday,10,Autumn
2023-10-23 00:00:00,3819.6,30.0,0,Monday,10,Autumn
2023-10-23 01:00:00,3742.2,28.7,1,Monday,10,Autumn
2023-10-23 02:00:00,3378.4,29.0,2,Monday,10,Autumn
2023-10-23 03:00:00,3195.4,36.7,3,Monday,10,Autumn
2023-10-23 04:00:00,3027.6,31.5,4,Monday,10,Autumn
2023-10-23 05:00:00,2716.5,31.3,5,Monday,10,Autumn
2023-10-23 06:00:00,2718.9,29.0,6,Monday,10,Autumn
2023-10-23 07:00:00,2466.4,32.3,7,Monday,10,Autumn
2023-10-23 08:00:00,2515.7,31.6,8,Monday,10,Autumn
2023-10-23 09:00:00,2540.2,32.8,9,Monday,10,Autumn
2023-10-23 10:00:00,2482.4,32.7,10,Monday,10,Autumn
2023-10-23 11:00:00,2697.0,27.7,11,Monday,10,Autumn
2023-10-23 12:00:00,2610.8,28.3,12,Monday,10,Autumn
2023-10-23 13:00:00,2953.8,28.5,13,Monday,10,Autumn
2023-10-23 14:00:00,3108.1,28.5,14,Monday,10,Autumn
2023-10-23 15:00:00,3129.2,30.4,15,Monday,10,Autumn
2023-10-23 16:00:00,3748.6,29.1,16,Monday,10,Autumn
2023-10-23 17:00:00,3779.5,33.1,17,Monday,10,Autumn
2023-10-23 18:00:00,3989.5,32.8,18,Monday,10,Autumn
2023-10-23 19:00:00,4180.5,30.0,19,Monday,10,Autumn
2023-10-23 20:00:00,4441.0,32.9,20,Monday,10,Autumn
2023-10-23 21:00:00,4420.9,32.2,21,Monday,10,Autumn
2023-10-23 22:00:00,4287.2,29.3,22,Monday,10,Autumn
2023-10-23 23:00:00,4034.2,26.9,23,Monday,10,Autumn
2023-10-24 00:00:00,3820.5,29.6,0,Tuesday,10,Autumn
2023-10-24 01:00:00,3569.3,29.0,1,Tuesday,10,Autumn
2023-10-24 02:00:00,3256.2,30.3,2,Tuesday,10,Autumn
2023-10-24 03:00:00,3213.8,30.1,3,Tuesday,10,Autumn
2023-10-24 04:00:00,2850.7,30.0,4,Tuesday,10,Autumn
2023-10-24 05:00:00,2872.7,30.7,5,Tuesday,10,Autumn
2023-10-24 06:00:00,2624.9,28.1,6,Tuesday,10,Autumn
2023-10-24 07:00:00,2581.1,30.6,7,Tuesday,10,Autumn
2023-10-24 08:00:00,2576.9,29.3,8,Tuesday,10,Autumn
2023-10-24 09:00:00,2410.6,30.2,9,Tuesday,10,Autumn
2023-10-24 10:00:00,2561.2,31.4,10,Tuesday,10,Autumn
2023-10-24 11:00:00,2542.7,28.1,11,Tuesday,10,Autumn
2023-10-24 12:00:00,2808.9,29.5,12,Tuesday,10,Autumn
2023-10-24 13:00:00,2822.6,29.8,13,Tuesday,10,Autumn
2023-10-24 14:00:00,2971.6,29.2,14,Tuesday,10,Autumn
2023-10-24 15:00:00,3302.6,31.3,15,Tuesday,10,Autumn
2023-10-24 16:00:00,3448.4,28.9,16,Tuesday,10,Autumn
2023-10-24 17:00:00,3680.3,29.1,17,Tuesday,10,Autumn
2023-10-24 18:00:00,4002.4,28.9,18,Tuesday,10,Autumn
2023-10-24 19:00:00,4298.1,31.6,19,Tuesday,10,Autumn
2023-10-24 20:00:00,4583.5,29.2,20,Tuesday,10,Autumn
2023-10-24 21:00:00,4191.3,30.6,21,Tuesday,10,Autumn
2023-10-24 22:00:00,4249.1,32.9,22,Tuesday,10,Autumn
2023-10-24 23:00:00,4099.4,29.8,23,Tuesday,10,Autumn
2023-10-25 00:00:00,3753.1,31.6,0,Wednesday,10,Autumn
2023-10-25 01:00:00,3696.6,32.4,1,Wednesday,10,Autumn
2023-10-25 02:00:00,3391.8,31.5,2,Wednesday,10,Autumn
2023-10-25 03:00:00,3188.9,29.9,3,Wednesday,10,Autumn
2023-10-25 04:00:00,3053.7,30.9,4,Wednesday,10,Autumn
2023-10-25 05:00:00,2834.9,28.0,5,Wednesday,10,Autumn
2023-10-25 06:00:00,2646.2,28.7,6,Wednesday,10,Autumn
2023-10-25 07:00:00,2585.8,29.0,7,Wednesday,10,Autumn
2023-10-25 08:00:00,2437.4,33.3,8,Wednesday,10,Autumn
2023-10-25 09:00:00,2414.7,28.7,9,Wednesday,10,Autumn
2023-10-25 10:00:00,2445.1,28.7,10,Wednesday,10,Autumn
2023-10-25 11:00:00,2639.2,28.4,11,Wednesday,10,Autumn
2023-10-25 12:00:00,2457.2,30.8,12,Wednesday,10,Autumn
2023-10-25 13:00:00,2856.9,30.1,13,Wednesday,10,Autumn
2023-10-25 14:00:00,3017.0,31.5,14,Wednesday,10,Autumn
2023-10-25 15:00:00,3089.0,30.9,15,Wednesday,10,Autumn
2023-10-25 16:00:00,3489.2,27.8,16,Wednesday,10,Autumn
2023-10-25 17:00:00,3777.9,28.7,17,Wednesday,10,Autumn
2023-10-25 18:00:00,4082.2,32.0,18,Wednesday,10,Autumn
2023-10-25 19:00:00,3990.0,29.6,19,Wednesday,10,Autumn
2023-10-25 20:00:00,4554.6,31.7,20,Wednesday,10,Autumn
2023-10-25 21:00:00,4293.3,29.7,21,Wednesday,10,Autumn
2023-10-25 22:00:00,4289.8,28.5,22,Wednesday,10,Autumn
2023-10-25 23:00:00,4082.8,29.5,23,Wednesday,10,Autumn
2023-10-26 00:00:00,3628.1,28.4,0,Thursday,10,Autumn
2023-10-26 01:00:00,3613.5,29.0,1,Thursday,10,Autumn
2023-10-26 02:00:00,3342.3,30.2,2,Thursday,10,Autumn
2023-10-26 03:00:00,3016.9,30.7,3,Thursday,10,Autumn
2023-10-26 04:00:00,3075.7,27.5,4,Thursday,10,Autumn
2023-10-26 05:00:00,2754.1,29.9,5,Thursday,10,Autumn
2023-10-26 06:00:00,2597.2,29.0,6,Thursday,10,Autumn
2023-10-26 07:00:00,2509.8,28.9,7,Thursday,10,Autumn
2023-10-26 08:00:00,2477.5,30.1,8,Thursday,10,Autumn
2023-10-26 09:00:00,2431.9,29.1,9,Thursday,10,Autumn
2023-10-26 10:00:00,2494.5,32.0,10,Thursday,10,Autumn
2023-10-26 11:00:00,2450.5,31.7,11,Thursday,10,Autumn
2023-10-26 12:00:00,2604.8,31.7,12,Thursday,10,Autumn
2023-10-26 13:00:00,2801.4,29.2,13,Thursday,10,Autumn
2023-10-26 14:00:00,3135.8,28.4,14,Thursday,10,Autumn
2023-10-26 15:00:00,3193.3,30.0,15,Thursday,10,Autumn
2023-10-26 16:00:00,3531.9,29.7,16,Thursday,10,Autumn
2023-10-26 17:00:00,3711.4,29.0,17,Thursday,10,Autumn
2023-10-26 18:00:00,3947.0,28.1,18,Thursday,10,Autumn
2023-10-26 19:00:00,4217.8,29.8,19,Thursday,10,Autumn
2023-10-26 20:00:00,4355.5,29.3,20,Thursday,10,Autumn
2023-10-26 21:00:00,4409.5,30.9,21,Thursday,10,Autumn
2023-10-26 22:00:00,4332.4,30.9,22,Thursday,10,Autumn
2023-10-26 23:00:00,4016.8,31.5,23,Thursday,10,Autumn
2023-10-27 00:00:00,3793.4,28.0,0,Friday,10,Autumn
2023-10-27 01:00:00,3445.4,30.5,1,Friday,10,Autumn
2023-10-27 02:00:00,3317.1,28.8,2,Friday,10,Autumn
2023-10-27 03:00:00,3102.7,28.0,3,Friday,10,Autumn
2023-10-27 04:00:00,2991.4,29.2,4,Friday,10,Autumn
2023-10-27 05:00:00,2764.3,31.5,5,Friday,10,Autumn
2023-10-27 06:00:00,2683.9,29.3,6,Friday,10,Autumn
2023-10-27 07:00:00,2459.4,32.2,7,Friday,10,Autumn
2023-10-27 08:00:00,2446.6,30.7,8,Friday,10,Autumn
2023-10-27 09:00:00,2460.3,29.3,9,Friday,10,Autumn
2023-10-27 10:00:00,2317.8,31.6,10,Friday,10,Autumn
2023-10-27 11:00:00,2651.6,30.5,11,Friday,10,Autumn
2023-10-27 12:00:00,2617.3,28.5,12,Friday,10,Autumn
2023-10-27 13:00:00,2649.1,32.7,13,Friday,10,Autumn
2023-10-27 14:00:00,2985.1,30.3,14,Friday,10,Autumn
2023-10-27 15:00:00,3183.2,29.9,15,Friday,10,Autumn
2023-10-27 16:00:00,3408.2,28.6,16,Friday,10,Autumn
2023-10-27 17:00:00,3773.8,31.6,17,Friday,10,Autumn
2023-10-27 18:00:00,4042.2,30.6,18,Friday,10,Autumn
2023-10-27 19:00:00,4246.4,30.8,19,Friday,10,Autumn
2023-10-27 20:00:00,4393.0,29.1,20,Friday,10,Autumn
2023-10-27 21:00:00,4303.1,31.1,21,Friday,10,Autumn
2023-10-27 22:00:00,4344.5,31.2,22,Friday,10,Autumn
2023-10-27 23:00:00,3807.6,28.9,23,Friday,10,Autumn
2023-10-28 00:00:00,3671.9,27.7,0,Saturday,10,Autumn
2023-10-28 01:00:00,3512.3,30.7,1,Saturday,10,Autumn
2023-10-28 02:00:00,3396.8,27.5,2,Saturday,10,Autumn
2023-10-28 03:00:00,3072.3,30.1,3,Saturday,10,Autumn
2023-10-28 04:00:00,2819.5,29.2,4,Saturday,10,Autumn
2023-10-28 05:00:00,2781.3,31.7,5,Saturday,10,Autumn
2023-10-28 06:00:00,2636.4,29.2,6,Saturday,10,Autumn
2023-10-28 07:00:00,2594.1,31.5,7,Saturday,10,Autumn
2023-10-28 08:00:00,2350.3,29.1,8,Saturday,10,Autumn
2023-10-28 09:00:00,2471.7,31.3,9,Saturday,10,Autumn
2023-10-28 10:00:00,2571.1,32.9,10,Saturday,10,Autumn
2023-10-28 11:00:00,2477.4,28.2,11,Saturday,10,Autumn
2023-10-28 12:00:00,2533.6,30.3,12,Saturday,10,Autumn
2023-10-28 13:00:00,2743.2,34.0,13,Saturday,10,Autumn
2023-10-28 14:00:00,2954.2,29.9,14,Saturday,10,Autumn
2023-10-28 15:00:00,3203.5,29.9,15,Saturday,10,Autumn
2023-10-28 16:00:00,3341.8,31.0,16,Saturday,10,Autumn
2023-10-28 17:00:00,3799.8,29.9,17,Saturday,10,Autumn
2023-10-28 18:00:00,3831.3,27.3,18,Saturday,10,Autumn
2023-10-28 19:00:00,4004.4,31.5,19,Saturday,10,Autumn
2023-10-28 20:00:00,4434.0,26.8,20,Saturday,10,Autumn
2023-10-28 21:00:00,4041.4,29.2,21,Saturday,10,Autumn
2023-10-28 22:00:00,4110.6,31.6,22,Saturday,10,Autumn
2023-10-28 23:00:00,4233.1,29.3,23,Saturday,10,Autumn
2023-10-29 00:00:00,3633.3,28.8,0,Sunday,10,Autumn
2023-10-29 01:00:00,3385.4,31.1,1,Sunday,10,Autumn
2023-10-29 02:00:00,3301.9,28.5,2,Sunday,10,Autumn
2023-10-29 03:00:00,3113.4,28.0,3,Sunday,10,Autumn
2023-10-29 04:00:00,2939.9,30.2,4,Sunday,10,Autumn
2023-10-29 05:00:00,2797.3,29.5,5,Sunday,10,Autumn
2023-10-29 06:00:00,2532.8,27.9,6,Sunday,10,Autumn
2023-10-29 07:00:00,2588.9,30.8,7,Sunday,10,Autumn
2023-10-29 08:00:00,2425.8,30.5,8,Sunday,10,Autumn
2023-10-29 09:00:00,2429.5,29.3,9,Sunday,10,Autumn
2023-10-29 10:00:00,2373.2,29.4,10,Sunday,10,Autumn
2023-10-29 11:00:00,2564.0,30.5,11,Sunday,10,Autumn
2023-10-29 12:00:00,2583.8,31.6,12,Sunday,10,Autumn
2023-10-29 13:00:00,2771.9,29.4,13,Sunday,10,Autumn
2023-10-29 14:00:00,2864.8,30.8,14,Sunday,10,Autumn
2023-10-29 15:00:00,3059.5,30.6,15,Sunday,10,Autumn
2023-10-29 16:00:00,3427.1,31.1,16,Sunday,10,Autumn
2023-10-29 17:00:00,3592.6,29.9,17,Sunday,10,Autumn
2023-10-29 18:00:00,3831.0,28.4,18,Sunday,10,Autumn
2023-10-29 19:00:00,4091.3,29.1,19,Sunday,10,Autumn
2023-10-29 20:00:00,4360.4,30.3,20,Sunday,10,Autumn
2023-10-29 21:00:00,4189.2,32.5,21,Sunday,10,Autumn
2023-10-29 22:00:00,4091.7,29.1,22,Sunday,10,Autumn
2023-10-29 23:00:00,3902.0,31.0,23,Sunday,10,Autumn
2023-10-30 00:00:00,3437.1,29.3,0,Monday,10,Autumn
2023-10-30 01:00:00,3332.4,29.9,1,Monday,10,Autumn
2023-10-30 02:00:00,3312.1,32.0,2,Monday,10,Autumn
2023-10-30 03:00:00,3039.4,30.9,3,Monday,10,Autumn
2023-10-30 04:00:00,2985.3,27.9,4,Monday,10,Autumn
2023-10-30 05:00:00,2799.4,28.9,5,Monday,10,Autumn
2023-10-30 06:00:00,2629.3,31.6,6,Monday,10,Autumn
2023-10-30 07:00:00,2579.7,30.0,7,Monday,10,Autumn
2023-10-30 08:00:00,2389.9,28.0,8,Monday,10,Autumn
2023-10-30 09:00:00,2408.6,28.5,9,Monday,10,Autumn
2023-10-30 10:00:00,2359.9,30.8,10,Monday,10,Autumn
2023-10-30 11:00:00,2618.8,31.2,11,Monday,10,Autumn
2023-10-30 12:00:00,2711.1,29.8,12,Monday,10,Autumn
2023-10-30 13:00:00,2735.1,33.5,13,Monday,10,Autumn
2023-10-30 14:00:00,2941.8,31.0,14,Monday,10,Autumn
2023-10-30 15:00:00,3222.6,29.4,15,Monday,10,Autumn
2023-10-30 16:00:00,3334.3,28.5,16,Monday,10,Autumn
2023-10-30 17:00:00,3549.4,28.3,17,Monday,10,Autumn
2023-10-30 18:00:00,3973.3,30.3,18,Monday,10,Autumn
2023-10-30 19:00:00,4138.5,29.0,19,Monday,10,Autumn
2023-10-30 20:00:00,4276.3,32.3,20,Monday,10,Autumn
2023-10-30 21:00:00,4139.5,32.0,21,Monday,10,Autumn
2023-10-30 22:00:00,3901.3,30.7,22,Monday,10,Autumn
2023-10-30 23:00:00,3897.3,28.0,23,Monday,10,Autumn
2023-10-31 00:00:00,3667.2,28.7,0,Tuesday,10,Autumn
2023-10-31 01:00:00,3417.3,31.6,1,Tuesday,10,Autumn
2023-10-31 02:00:00,3379.8,28.9,2,Tuesday,10,Autumn
2023-10-31 03:00:00,3021.8,31.4,3,Tuesday,10,Autumn
2023-10-31 04:00:00,2813.0,30.4,4,Tuesday,10,Autumn
2023-10-31 05:00:00,2710.6,29.8,5,Tuesday,10,Autumn
2023-10-31 06:00:00,2560.4,28.7,6,Tuesday,10,Autumn
2023-10-31 07:00:00,2498.3,29.6,7,Tuesday,10,Autumn
2023-10-31 08:00:00,2332.9,30.0,8,Tuesday,10,Autumn
2023-10-31 09:00:00,2434.9,31.3,9,Tuesday,10,Autumn
2023-10-31 10:00:00,2496.0,28.4,10,Tuesday,10,Autumn
2023-10-31 11:00:00,2448.7,29.3,11,Tuesday,10,Autumn
2023-10-31 12:00:00,2646.1,29.8,12,Tuesday,10,Autumn
2023-10-31 13:00:00,2644.4,30.7,13,Tuesday,10,Autumn
2023-10-31 14:00:00,2972.0,28.3,14,Tuesday,10,Autumn
2023-10-31 15:00:00,3177.0,27.7,15,Tuesday,10,Autumn
2023-10-31 16:00:00,3396.1,30.7,16,Tuesday,10,Autumn
2023-10-31 17:00:00,3583.2,27.4,17,Tuesday,10,Autumn
2023-10-31 18:00:00,3577.2,31.6,18,Tuesday,10,Autumn
2023-10-31 19:00:00,4037.1,29.5,19,Tuesday,10,Autumn
2023-10-31 20:00:00,4162.4,27.4,20,Tuesday,10,Autumn
2023-10-31 21:00:00,4096.9,29.0,21,Tuesday,10,Autumn
2023-10-31 22:00:00,4061.6,30.3,22,Tuesday,10,Autumn
2023-10-31 23:00:00,3808.4,28.9,23,Tuesday,10,Autumn
2023-11-01 00:00:00,3489.0,29.7,0,Wednesday,11,Autumn
2023-11-01 01:00:00,3323.6,30.8,1,Wednesday,11,Autumn
2023-11-01 02:00:00,3183.2,29.4,2,Wednesday,11,Autumn
2023-11-01 03:00:00,3141.3,28.3,3,Wednesday,11,Autumn
2023-11-01 04:00:00,2822.7,29.2,4,Wednesday,11,Autumn
2023-11-01 05:00:00,2662.5,31.8,5,Wednesday,11,Autumn
2023-11-01 06:00:00,2519.7,32.2,6,Wednesday,11,Autumn
2023-11-01 07:00:00,2455.5,26.6,7,Wednesday,11,Autumn
2023-11-01 08:00:00,2390.3,31.3,8,Wednesday,11,Autumn
2023-11-01 09:00:00,2160.9,30.0,9,Wednesday,11,Autumn
2023-11-01 10:00:00,2423.7,31.1,10,Wednesday,11,Autumn
2023-11-01 11:00:00,2522.4,28.8,11,Wednesday,11,Autumn
2023-11-01 12:00:00,2482.0,27.0,12,Wednesday,11,Autumn
2023-11-01 13:00:00,2632.7,30.5,13,Wednesday,11,Autumn
2023-11-01 14:00:00,2842.8,28.3,14,Wednesday,11,Autumn
2023-11-01 15:00:00,3017.4,27.6,15,Wednesday,11,Autumn
2023-11-01 16:00:00,3320.9,27.7,16,Wednesday,11,Autumn
2023-11-01 17:00:00,3387.7,30.6,17,Wednesday,11,Autumn
2023-11-01 18:00:00,3729.8,29.9,18,Wednesday,11,Autumn
2023-11-01 19:00:00,4232.7,30.8,19,Wednesday,11,Autumn
2023-11-01 20:00:00,4103.2,30.7,20,Wednesday,11,Autumn
2023-11-01 21:00:00,4301.6,29.0,21,Wednesday,11,Autumn
2023-11-01 22:00:00,4058.3,29.6,22,Wednesday,11,Autumn
2023-11-01 23:00:00,3650.4,28.9,23,Wednesday,11,Autumn
2023-11-02 00:00:00,3595.4,29.3,0,Thursday,11,Autumn
2023-11-02 01:00:00,3381.7,28.2,1,Thursday,11,Autumn
2023-11-02 02:00:00,3183.3,30.2,2,Thursday,11,Autumn
2023-11-02 03:00:00,3054.2,31.2,3,Thursday,11,Autumn
2023-11-02 04:00:00,2885.2,28.4,4,Thursday,11,Autumn
2023-11-02 05:00:00,2727.0,31.5,5,Thursday,11,Autumn
2023-11-02 06:00:00,2606.7,29.8,6,Thursday,11,Autumn
2023-11-02 07:00:00,2443.7,30.0,7,Thursday,11,Autumn
2023-11-02 08:00:00,2267.1,27.1,8,Thursday,11,Autumn
2023-11-02 09:00:00,2296.1,26.9,9,Thursday,11,Autumn
2023-11-02 10:00:00,2520.6,29.8,10,Thursday,11,Autumn
2023-11-02 11:00:00,2462.8,30.8,11,Thursday,11,Autumn
2023-11-02 12:00:00,2682.3,28.6,12,Thursday,11,Autumn
2023-11-02 13:00:00,2774.1,32.1,13,Thursday,11,Autumn
2023-11-02 14:00:00,2873.6,30.7,14,Thursday,11,Autumn
2023-11-02 15:00:00,3078.4,28.3,15,Thursday,11,Autumn
2023-11-02 16:00:00,3277.8,29.7,16,Thursday,11,Autumn
2023-11-02 17:00:00,3384.0,33.3,17,Thursday,11,Autumn
2023-11-02 18:00:00,3813.7,27.8,18,Thursday,11,Autumn
2023-11-02 19:00:00,4171.8,30.4,19,Thursday,11,Autumn
2023-11-02 20:00:00,4110.6,29.1,20,Thursday,11,Autumn
2023-11-02 21:00:00,4187.3,30.7,21,Thursday,11,Autumn
2023-11-02 22:00:00,4081.3,31.5,22,Thursday,11,Autumn
2023-11-02 23:00:00,3712.0,29.0,23,Thursday,11,Autumn
2023-11-03 00:00:00,3476.6,31.2,0,Friday,11,Autumn
2023-11-03 01:00:00,3284.0,32.9,1,Friday,11,Autumn
2023-11-03 02:00:00,3133.3,29.7,2,Friday,11,Autumn
2023-11-03 03:00:00,2918.9,30.7,3,Friday,11,Autumn
2023-11-03 04:00:00,2769.1,28.7,4,Friday,11,Autumn
2023-11-03 05:00:00,2756.7,29.6,5,Friday,11,Autumn
2023-11-03 06:00:00,2458.2,29.3,6,Friday,11,Autumn
2023-11-03 07:00:00,2410.9,30.8,7,Friday,11,Autumn
2023-11-03 08:00:00,2303.3,31.4,8,Friday,11,Autumn
2023-11-03 09:00:00,2376.6,29.4,9,Friday,11,Autumn
2023-11-03 10:00:00,2409.1,31.9,10,Friday,11,Autumn
2023-11-03 11:00:00,2455.2,31.9,11,Friday,11,Autumn
2023-11-03 12:00:00,2535.1,30.8,12,Friday,11,Autumn
2023-11-03 13:00:00,2647.9,28.8,13,Friday,11,Autumn
2023-11-03 14:00:00,2753.3,28.6,14,Friday,11,Autumn
2023-11-03 15:00:00,3183.1,28.3,15,Friday,11,Autumn
2023-11-03 16:00:00,3197.7,31.0,16,Friday,11,Autumn
2023-11-03 17:00:00,3573.1,27.7,17,Friday,11,Autumn
2023-11-03 18:00:00,3887.6,30.6,18,Friday,11,Autumn
2023-11-03 19:00:00,3967.1,27.9,19,Friday,11,Autumn
2023-11-03 20:00:00,4253.7,30.8,20,Friday,11,Autumn
2023-11-03 21:00:00,4196.4,29.6,21,Friday,11,Autumn
2023-11-03 22:00:00,4141.9,31.6,22,Friday,11,Autumn
2023-11-03 23:00:00,3729.4,31.3,23,Friday,11,Autumn
2023-11-04 00:00:00,3381.4,31.7,0,Saturday,11,Autumn
2023-11-04 01:00:00,3305.8,31.7,1,Saturday,11,Autumn
2023-11-04 02:00:00,3195.2,29.7,2,Saturday,11,Autumn
2023-11-04 03:00:00,3001.0,27.8,3,Saturday,11,Autumn
2023-11-04 04:00:00,2787.0,27.9,4,Saturday,11,Autumn
2023-11-04 05:00:00,2518.9,26.4,5,Saturday,11,Autumn
2023-11-04 06:00:00,2529.0,27.9,6,Saturday,11,Autumn
2023-11-04 07:00:00,2505.6,29.6,7,Saturday,11,Autumn
2023-11-04 08:00:00,2344.6,28.7,8,Saturday,11,Autumn
2023-11-04 09:00:00,2328.6,29.2,9,Saturday,11,Autumn
2023-11-04 10:00:00,2350.8,30.2,10,Saturday,11,Autumn
2023-11-04 11:00:00,2411.6,29.0,11,Saturday,11,Autumn
2023-11-04 12:00:00,2558.0,27.8,12,Saturday,11,Autumn
2023-11-04 13:00:00,2672.3,29.4,13,Saturday,11,Autumn
2023-11-04 14:00:00,2797.6,28.2,14,Saturday,11,Autumn
2023-11-04 15:00:00,2956.1,29.1,15,Saturday,11,Autumn
2023-11-04 16:00:00,3218.5,31.5,16,Saturday,11,Autumn
2023-11-04 17:00:00,3519.6,29.1,17,Saturday,11,Autumn
2023-11-04 18:00:00,3733.2,32.2,18,Saturday,11,Autumn
2023-11-04 19:00:00,4028.6,31.7,19,Saturday,11,Autumn
2023-11-04 20:00:00,4164.8,28.6,20,Saturday,11,Autumn
2023-11-04 21:00:00,4176.5,27.8,21,Saturday,11,Autumn
2023-11-04 22:00:00,4071.4,29.4,22,Saturday,11,Autumn
2023-11-04 23:00:00,3756.8,31.2,23,Saturday,11,Autumn
2023-11-05 00:00:00,3358.0,28.7,0,Sunday,11,Autumn
2023-11-05 01:00:00,3298.1,30.8,1,Sunday,11,Autumn
2023-11-05 02:00:00,3161.8,31.3,2,Sunday,11,Autumn
2023-11-05 03:00:00,2840.9,28.3,3,Sunday,11,Autumn
2023-11-05 04:00:00,2893.9,28.4,4,Sunday,11,Autumn
2023-11-05 05:00:00,2637.7,30.5,5,Sunday,11,Autumn
2023-11-05 06:00:00,2507.4,29.7,6,Sunday,11,Autumn
2023-11-05 07:00:00,2453.7,28.4,7,Sunday,11,Autumn
2023-11-05 08:00:00,2266.7,28.9,8,Sunday,11,Autumn
2023-11-05 09:00:00,2311.9,29.3,9,Sunday,11,Autumn
2023-11-05 10:00:00,2296.6,27.1,10,Sunday,11,Autumn
2023-11-05 11:00:00,2361.8,30.6,11,Sunday,11,Autumn
2023-11-05 12:00:00,2435.9,28.7,12,Sunday,11,Autumn
2023-11-05 13:00:00,2738.8,25.3,13,Sunday,11,Autumn
2023-11-05 14:00:00,2775.4,29.4,14,Sunday,11,Autumn
2023-11-05 15:00:00,3049.4,28.3,15,Sunday,11,Autumn
2023-11-05 16:00:00,3067.2,32.0,16,Sunday,11,Autumn
2023-11-05 17:00:00,3572.4,28.6,17,Sunday,11,Autumn
2023-11-05 18:00:00,3837.4,27.8,18,Sunday,11,Autumn
2023-11-05 19:00:00,3981.4,30.2,19,Sunday,11,Autumn
2023-11-05 20:00:00,4070.2,28.5,20,Sunday,11,Autumn
2023-11-05 21:00:00,4106.0,28.3,21,Sunday,11,Autumn
2023-11-05 22:00:00,4144.1,30.2,22,Sunday,11,Autumn
2023-11-05 23:00:00,3561.5,27.9,23,Sunday,11,Autumn
2023-11-06 00:00:00,3517.1,27.2,0,Monday,11,Autumn
2023-11-06 01:00:00,3230.6,32.0,1,Monday,11,Autumn
2023-11-06 02:00:00,3137.0,30.2,2,Monday,11,Autumn
2023-11-06 03:00:00,2940.6,29.0,3,Monday,11,Autumn
2023-11-06 04:00:00,2749.5,29.4,4,Monday,11,Autumn
2023-11-06 05:00:00,2611.2,30.1,5,Monday,11,Autumn
2023-11-06 06:00:00,2398.1,30.8,6,Monday,11,Autumn
2023-11-06 07:00:00,2418.5,28.2,7,Monday,11,Autumn
2023-11-06 08:00:00,2185.8,29.9,8,Monday,11,Autumn
2023-11-06 09:00:00,2295.4,28.6,9,Monday,11,Autumn
2023-11-06 10:00:00,2269.8,29.1,10,Monday,11,Autumn
2023-11-06 11:00:00,2288.8,29.6,11,Monday,11,Autumn
2023-11-06 12:00:00,2480.8,29.4,12,Monday,11,Autumn
2023-11-06 13:00:00,2511.1,30.5,13,Monday,11,Autumn
2023-11-06 14:00:00,2786.9,30.1,14,Monday,11,Autumn
2023-11-06 15:00:00,2872.2,27.1,15,Monday,11,Autumn
2023-11-06 16:00:00,3234.7,27.3,16,Monday,11,Autumn
2023-11-06 17:00:00,3368.5,28.8,17,Monday,11,Autumn
2023-11-06 18:00:00,3673.6,32.1,18,Monday,11,Autumn
2023-11-06 19:00:00,3975.8,28.1,19,Monday,11,Autumn
2023-11-06 20:00:00,3989.1,29.1,20,Monday,11,Autumn
2023-11-06 21:00:00,4033.9,28.6,21,Monday,11,Autumn
2023-11-06 22:00:00,3747.8,28.5,22,Monday,11,Autumn
2023-11-06 23:00:00,3760.7,29.6,23,Monday,11,Autumn
2023-11-07 00:00:00,3579.5,31.4,0,Tuesday,11,Autumn
2023-11-07 01:00:00,3514.7,30.0,1,Tuesday,11,Autumn
2023-11-07 02:00:00,3126.1,28.1,2,Tuesday,11,Autumn
2023-11-07 03:00:00,2998.5,33.4,3,Tuesday,11,Autumn
2023-11-07 04:00:00,2639.0,29.4,4,Tuesday,11,Autumn
2023-11-07 05:00:00,2693.2,28.4,5,Tuesday,11,Autumn
2023-11-07 06:00:00,2500.4,31.4,6,Tuesday,11,Autumn
2023-11-07 07:00:00,2314.8,28.6,7,Tuesday,11,Autumn
2023-11-07 08:00:00,2344.6,31.8,8,Tuesday,11,Autumn
2023-11-07 09:00:00,2236.4,28.0,9,Tuesday,11,Autumn
2023-11-07 10:00:00,2248.2,31.5,10,Tuesday,11,Autumn
2023-11-07 11:00:00,2371.0,29.6,11,Tuesday,11,Autumn
2023-11-07 12:00:00,2387.7,31.2,12,Tuesday,11,Autumn
2023-11-07 13:00:00,2662.9,32.2,13,Tuesday,11,Autumn
2023-11-07 14:00:00,2693.8,27.6,14,Tuesday,11,Autumn
2023-11-07 15:00:00,2882.0,31.2,15,Tuesday,11,Autumn
2023-11-07 16:00:00,3105.7,27.2,16,Tuesday,11,Autumn
2023-11-07 17:00:00,3491.9,27.7,17,Tuesday,11,Autumn
2023-11-07 18:00:00,3635.5,28.1,18,Tuesday,11,Autumn
2023-11-07 19:00:00,3790.1,30.1,19,Tuesday,11,Autumn
2023-11-07 20:00:00,3981.2,29.4,20,Tuesday,11,Autumn
2023-11-07 21:00:00,4011.5,29.1,21,Tuesday,11,Autumn
2023-11-07 22:00:00,3756.7,29.5,22,Tuesday,11,Autumn
2023-11-07 23:00:00,3573.4,30.2,23,Tuesday,11,Autumn
2023-11-08 00:00:00,3587.1,30.2,0,Wednesday,11,Autumn
2023-11-08 01:00:00,3195.0,30.9,1,Wednesday,11,Autumn
2023-11-08 02:00:00,3074.9,32.0,2,Wednesday,11,Autumn
2023-11-08 03:00:00,2895.6,29.2,3,Wednesday,11,Autumn
2023-11-08 04:00:00,2716.1,28.5,4,Wednesday,11,Autumn
2023-11-08 05:00:00,2619.8,30.2,5,Wednesday,11,Autumn
2023-11-08 06:00:00,2495.5,27.5,6,Wednesday,11,Autumn
2023-11-08 07:00:00,2311.0,28.2,7,Wednesday,11,Autumn
2023-11-08 08:00:00,2190.4,30.7,8,Wednesday,11,Autumn
2023-11-08 09:00:00,2308.2,29.1,9,Wednesday,11,Autumn
2023-11-08 10:00:00,2254.9,27.4,10,Wednesday,11,Autumn
2023-11-08 11:00:00,2429.6,27.0,11,Wednesday,11,Autumn
2023-11-08 12:00:00,2301.0,29.3,12,Wednesday,11,Autumn
2023-11-08 13:00:00,2593.3,31.0,13,Wednesday,11,Autumn
2023-11-08 14:00:00,2881.8,30.9,14,Wednesday,11,Autumn
2023-11-08 15:00:00,2915.5,29.4,15,Wednesday,11,Autumn
2023-11-08 16:00:00,3140.7,32.3,16,Wednesday,11,Autumn
2023-11-08 17:00:00,3431.0,29.1,17,Wednesday,11,Autumn
2023-11-08 18:00:00,3618.5,29.0,18,Wednesday,11,Autumn
2023-11-08 19:00:00,3867.8,25.4,19,Wednesday,11,Autumn
2023-11-08 20:00:00,3983.7,28.6,20,Wednesday,11,Autumn
2023-11-08 21:00:00,3927.5,30.5,21,Wednesday,11,Autumn
2023-11-08 22:00:00,3965.4,31.6,22,Wednesday,11,Autumn
2023-11-08 23:00:00,3698.9,28.0,23,Wednesday,11,Autumn
2023-11-09 00:00:00,3407.8,29.9,0,Thursday,11,Autumn
2023-11-09 01:00:00,3311.1,30.7,1,Thursday,11,Autumn
2023-11-09 02:00:00,3060.8,29.2,2,Thursday,11,Autumn
2023-11-09 03:00:00,2848.6,25.7,3,Thursday,11,Autumn
2023-11-09 04:00:00,2687.3,29.5,4,Thursday,11,Autumn
2023-11-09 05:00:00,2564.2,30.3,5,Thursday,11,Autumn
2023-11-09 06:00:00,2358.8,27.7,6,Thursday,11,Autumn
2023-11-09 07:00:00,2285.7,28.8,7,Thursday,11,Autumn
2023-11-09 08:00:00,2217.6,27.4,8,Thursday,11,Autumn
2023-11-09 09:00:00,2341.5,25.3,9,Thursday,11,Autumn
2023-11-09 10:00:00,2090.8,30.7,10,Thursday,11,Autumn
2023-11-09 11:00:00,2304.3,29.2,11,Thursday,11,Autumn
2023-11-09 12:00:00,2527.7,31.6,12,Thursday,11,Autumn
2023-11-09 13:00:00,2572.8,30.5,13,Thursday,11,Autumn
2023-11-09 14:00:00,2784.7,28.6,14,Thursday,11,Autumn
2023-11-09 15:00:00,2931.0,29.0,15,Thursday,11,Autumn
2023-11-09 16:00:00,3087.0,30.0,16,Thursday,11,Autumn
2023-11-09 17:00:00,3195.4,30.6,17,Thursday,11,Autumn
2023-11-09 18:00:00,3666.3,29.7,18,Thursday,11,Autumn
2023-11-09 19:00:00,3799.5,30.8,19,Thursday,11,Autumn
2023-11-09 20:00:00,3913.4,28.7,20,Thursday,11,Autumn
2023-11-09 21:00:00,3916.4,27.7,21,Thursday,11,Autumn
2023-11-09 22:00:00,3990.7,29.1,22,Thursday,11,Autumn
2023-11-09 23:00:00,3853.1,29.5,23,Thursday,11,Autumn
2023-11-10 00:00:00,3384.6,27.3,0,Friday,11,Autumn
2023-11-10 01:00:00,3188.6,27.1,1,Friday,11,Autumn
2023-11-10 02:00:00,2972.6,29.8,2,Friday,11,Autumn
2023-11-10 03:00:00,2921.3,28.5,3,Friday,11,Autumn
2023-11-10 04:00:00,2833.0,28.8,4,Friday,11,Autumn
2023-11-10 05:00:00,2533.0,28.6,5,Friday,11,Autumn
2023-11-10 06:00:00,2265.3,31.4,6,Friday,11,Autumn
2023-11-10 07:00:00,2339.4,31.0,7,Friday,11,Autumn
2023-11-10 08:00:00,2288.2,27.2,8,Friday,11,Autumn
2023-11-10 09:00:00,2122.5,28.3,9,Friday,11,Autumn
2023-11-10 10:00:00,2243.1,30.4,10,Friday,11,Autumn
2023-11-10 11:00:00,2326.8,30.0,11,Friday,11,Autumn
2023-11-10 12:00:00,2404.2,29.0,12,Friday,11,Autumn
2023-11-10 13:00:00,2499.3,27.4,13,Friday,11,Autumn
2023-11-10 14:00:00,2785.9,28.1,14,Friday,11,Autumn
2023-11-10 15:00:00,2876.9,28.3,15,Friday,11,Autumn
2023-11-10 16:00:00,3004.8,29.5,16,Friday,11,Autumn
2023-11-10 17:00:00,3192.5,31.6,17,Friday,11,Autumn
2023-11-10 18:00:00,3740.1,28.1,18,Friday,11,Autumn
2023-11-10 19:00:00,3910.9,27.6,19,Friday,11,Autumn
2023-11-10 20:00:00,3978.1,28.9,20,Friday,11,Autumn
2023-11-10 21:00:00,3898.8,30.6,21,Friday,11,Autumn
2023-11-10 22:00:00,3750.8,26.9,22,Friday,11,Autumn
2023-11-10 23:00:00,3515.7,31.3,23,Friday,11,Autumn
2023-11-11 00:00:00,3310.4,28.8,0,Saturday,11,Autumn
2023-11-11 01:00:00,3037.1,27.9,1,Saturday,11,Autumn
2023-11-11 02:00:00,2988.7,26.6,2,Saturday,11,Autumn
2023-11-11 03:00:00,2848.1,30.1,3,Saturday,11,Autumn
2023-11-11 04:00:00,2737.3,28.8,4,Saturday,11,Autumn
2023-11-11 05:00:00,2531.2,29.3,5,Saturday,11,Autumn
2023-11-11 06:00:00,2441.9,27.7,6,Saturday,11,Autumn
2023-11-11 07:00:00,2364.5,28.5,7,Saturday,11,Autumn
2023-11-11 08:00:00,2278.8,28.3,8,Saturday,11,Autumn
2023-11-11 09:00:00,2223.0,28.9,9,Saturday,11,Autumn
2023-11-11 10:00:00,2220.7,28.0,10,Saturday,11,Autumn
2023-11-11 11:00:00,2231.3,26.7,11,Saturday,11,Autumn
2023-11-11 12:00:00,2438.8,33.1,12,Saturday,11,Autumn
2023-11-11 13:00:00,2641.2,27.0,13,Saturday,11,Autumn
2023-11-11 14:00:00,2724.0,29.3,14,Saturday,11,Autumn
2023-11-11 15:00:00,3027.6,26.4,15,Saturday,11,Autumn
2023-11-11 16:00:00,2983.9,26.0,16,Saturday,11,Autumn
2023-11-11 17:00:00,3248.6,29.2,17,Saturday,11,Autumn
2023-11-11 18:00:00,3681.5,29.3,18,Saturday,11,Autumn
2023-11-11 19:00:00,3854.1,30.9,19,Saturday,11,Autumn
2023-11-11 20:00:00,4075.7,29.6,20,Saturday,11,Autumn
2023-11-11 21:00:00,3917.5,28.8,21,Saturday,11,Autumn
2023-11-11 22:00:00,3696.7,27.6,22,Saturday,11,Autumn
2023-11-11 23:00:00,3572.4,31.3,23,Saturday,11,Autumn
2023-11-12 00:00:00,3199.7,30.3,0,Sunday,11,Autumn
2023-11-12 01:00:00,3098.5,27.1,1,Sunday,11,Autumn
2023-11-12 02:00:00,3100.6,29.0,2,Sunday,11,Autumn
2023-11-12 03:00:00,2916.1,29.1,3,Sunday,11,Autumn
2023-11-12 04:00:00,2704.9,28.4,4,Sunday,11,Autumn
2023-11-12 05:00:00,2410.7,30.1,5,Sunday,11,Autumn
2023-11-12 06:00:00,2359.1,30.2,6,Sunday,11,Autumn
2023-11-12 07:00:00,2204.4,28.6,7,Sunday,11,Autumn
2023-11-12 08:00:00,2272.1,28.5,8,Sunday,11,Autumn
2023-11-12 09:00:00,2152.5,31.2,9,Sunday,11,Autumn
2023-11-12 10:00:00,2147.3,30.3,10,Sunday,11,Autumn
2023-11-12 11:00:00,2275.8,29.0,11,Sunday,11,Autumn
2023-11-12 12:00:00,2342.5,26.5,12,Sunday,11,Autumn
2023-11-12 13:00:00,2613.5,29.4,13,Sunday,11,Autumn
2023-11-12 14:00:00,2635.9,30.0,14,Sunday,11,Autumn
2023-11-12 15:00:00,2771.9,24.8,15,Sunday,11,Autumn
2023-11-12 16:00:00,2918.3,29.3,16,Sunday,11,Autumn
2023-11-12 17:00:00,3323.2,28.3,17,Sunday,11,Autumn
2023-11-12 18:00:00,3533.2,28.6,18,Sunday,11,Autumn
2023-11-12 19:00:00,3670.6,27.6,19,Sunday,11,Autumn
2023-11-12 20:00:00,4039.8,28.7,20,Sunday,11,Autumn
2023-11-12 21:00:00,3961.3,31.0,21,Sunday,11,Autumn
2023-11-12 22:00:00,3754.2,28.3,22,Sunday,11,Autumn
2023-11-12 23:00:00,3692.6,30.4,23,Sunday,11,Autumn
2023-11-13 00:00:00,3363.0,27.6,0,Monday,11,Autumn
2023-11-13 01:00:00,3105.1,30.0,1,Monday,11,Autumn
2023-11-13 02:00:00,2931.6,28.8,2,Monday,11,Autumn
2023-11-13 03:00:00,2895.5,29.4,3,Monday,11,Autumn
2023-11-13 04:00:00,2691.7,28.9,4,Monday,11,Autumn
2023-11-13 05:00:00,2515.4,29.8,5,Monday,11,Autumn
2023-11-13 06:00:00,2316.8,25.0,6,Monday,11,Autumn
2023-11-13 07:00:00,2295.5,26.7,7,Monday,11,Autumn
2023-11-13 08:00:00,2153.2,29.5,8,Monday,11,Autumn
2023-11-13 09:00:00,2166.4,25.8,9,Monday,11,Autumn
2023-11-13 10:00:00,2274.0,28.0,10,Monday,11,Autumn
2023-11-13 11:00:00,2223.8,28.8,11,Monday,11,Autumn
2023-11-13 12:00:00,2273.9,27.6,12,Monday,11,Autumn
2023-11-13 13:00:00,2439.7,27.8,13,Monday,11,Autumn
2023-11-13 14:00:00,2736.3,29.2,14,Monday,11,Autumn
2023-11-13 15:00:00,2874.2,30.4,15,Monday,11,Autumn
2023-11-13 16:00:00,3056.8,27.4,16,Monday,11,Autumn
2023-11-13 17:00:00,3264.7,28.0,17,Monday,11,Autumn
2023-11-13 18:00:00,3606.4,27.7,18,Monday,11,Autumn
2023-11-13 19:00:00,3704.6,25.2,19,Monday,11,Autumn
2023-11-13 20:00:00,3930.6,29.1,20,Monday,11,Autumn
2023-11-13 21:00:00,3803.3,30.2,21,Monday,11,Autumn
2023-11-13 22:00:00,3651.6,30.4,22,Monday,11,Autumn
2023-11-13 23:00:00,3493.8,27.5,23,Monday,11,Autumn
2023-11-14 00:00:00,3258.7,26.9,0,Tuesday,11,Autumn
2023-11-14 01:00:00,3148.7,28.8,1,Tuesday,11,Autumn
2023-11-14 02:00:00,3010.5,30.0,2,Tuesday,11,Autumn
2023-11-14 03:00:00,2561.4,29.0,3,Tuesday,11,Autumn
2023-11-14 04:00:00,2596.8,29.2,4,Tuesday,11,Autumn
2023-11-14 05:00:00,2466.3,30.5,5,Tuesday,11,Autumn
2023-11-14 06:00:00,2442.2,27.6,6,Tuesday,11,Autumn
2023-11-14 07:00:00,2187.7,28.4,7,Tuesday,11,Autumn
2023-11-14 08:00:00,2191.2,31.2,8,Tuesday,11,Autumn
2023-11-14 09:00:00,2240.5,28.5,9,Tuesday,11,Autumn
2023-11-14 10:00:00,2110.7,26.8,10,Tuesday,11,Autumn
2023-11-14 11:00:00,2270.6,27.7,11,Tuesday,11,Autumn
2023-11-14 12:00:00,2306.5,27.3,12,Tuesday,11,Autumn
2023-11-14 13:00:00,2460.2,29.3,13,Tuesday,11,Autumn
2023-11-14 14:00:00,2601.7,27.4,14,Tuesday,11,Autumn
2023-11-14 15:00:00,2788.0,29.2,15,Tuesday,11,Autumn
2023-11-14 16:00:00,3257.0,27.6,16,Tuesday,11,Autumn
2023-11-14 17:00:00,3357.7,25.6,17,Tuesday,11,Autumn
2023-11-14 18:00:00,3640.8,29.2,18,Tuesday,11,Autumn
2023-11-14 19:00:00,3810.0,29.0,19,Tuesday,11,Autumn
2023-11-14 20:00:00,3723.2,29.5,20,Tuesday,11,Autumn
2023-11-14 21:00:00,3890.4,27.7,21,Tuesday,11,Autumn
2023-11-14 22:00:00,3814.1,27.6,22,Tuesday,11,Autumn
2023-11-14 23:00:00,3455.2,29.4,23,Tuesday,11,Autumn
2023-11-15 00:00:00,3350.5,30.9,0,Wednesday,11,Autumn
2023-11-15 01:00:00,3190.4,28.7,1,Wednesday,11,Autumn
2023-11-15 02:00:00,3114.3,29.3,2,Wednesday,11,Autumn
2023-11-15 03:00:00,2776.8,28.2,3,Wednesday,11,Autumn
2023-11-15 04:00:00,2563.4,26.3,4,Wednesday,11,Autumn
2023-11-15 05:00:00,2454.6,30.1,5,Wednesday,11,Autumn
2023-11-15 06:00:00,2424.7,30.0,6,Wednesday,11,Autumn
2023-11-15 07:00:00,2133.8,29.7,7,Wednesday,11,Autumn
2023-11-15 08:00:00,2058.1,28.4,8,Wednesday,11,Autumn
2023-11-15 09:00:00,2152.7,29.6,9,Wednesday,11,Autumn
2023-11-15 10:00:00,2146.3,30.0,10,Wednesday,11,Autumn
2023-11-15 11:00:00,2236.5,31.1,11,Wednesday,11,Autumn
2023-11-15 12:00:00,2396.1,30.1,12,Wednesday,11,Autumn
2023-11-15 13:00:00,2443.7,28.8,13,Wednesday,11,Autumn
2023-11-15 14:00:00,2516.7,26.7,14,Wednesday,11,Autumn
2023-11-15 15:00:00,2968.7,28.9,15,Wednesday,11,Autumn
2023-11-15 16:00:00,2957.1,29.0,16,Wednesday,11,Autumn
2023-11-15 17:00:00,3183.6,29.7,17,Wednesday,11,Autumn
2023-11-15 18:00:00,3620.9,30.7,18,Wednesday,11,Autumn
2023-11-15 19:00:00,3707.0,28.5,19,Wednesday,11,Autumn
2023-11-15 20:00:00,3851.5,31.8,20,Wednesday,11,Autumn
2023-11-15 21:00:00,3877.4,26.0,21,Wednesday,11,Autumn
2023-11-15 22:00:00,3794.1,29.3,22,Wednesday,11,Autumn
2023-11-15 23:00:00,3481.8,27.5,23,Wednesday,11,Autumn
2023-11-16 00:00:00,3377.5,25.7,0,Thursday,11,Autumn
2023-11-16 01:00:00,2951.8,28.3,1,Thursday,11,Autumn
2023-11-16 02:00:00,3016.6,26.4,2,Thursday,11,Autumn
2023-11-16 03:00:00,2732.3,28.3,3,Thursday,11,Autumn
2023-11-16 04:00:00,2711.4,28.6,4,Thursday,11,Autumn
2023-11-16 05:00:00,2472.3,30.2,5,Thursday,11,Autumn
2023-11-16 06:00:00,2288.8,26.3,6,Thursday,11,Autumn
2023-11-16 07:00:00,2260.8,29.9,7,Thursday,11,Autumn
2023-11-16 08:00:00,2206.8,28.7,8,Thursday,11,Autumn
2023-11-16 09:00:00,2170.5,30.1,9,Thursday,11,Autumn
2023-11-16 10:00:00,2103.0,27.9,10,Thursday,11,Autumn
2023-11-16 11:00:00,2197.1,26.6,11,Thursday,11,Autumn
2023-11-16 12:00:00,2327.9,26.7,12,Thursday,11,Autumn
2023-11-16 13:00:00,2462.0,26.6,13,Thursday,11,Autumn
2023-11-16 14:00:00,2675.3,29.3,14,Thursday,11,Autumn
2023-11-16 15:00:00,2667.6,30.8,15,Thursday,11,Autumn
2023-11-16 16:00:00,3041.5,27.7,16,Thursday,11,Autumn
2023-11-16 17:00:00,3228.9,29.5,17,Thursday,11,Autumn
2023-11-16 18:00:00,3431.2,26.3,18,Thursday,11,Autumn
2023-11-16 19:00:00,3653.7,28.8,19,Thursday,11,Autumn
2023-11-16 20:00:00,3816.2,29.6,20,Thursday,11,Autumn
2023-11-16 21:00:00,3467.4,26.4,21,Thursday,11,Autumn
2023-11-16 22:00:00,3609.6,28.3,22,Thursday,11,Autumn
2023-11-16 23:00:00,3415.7,29.6,23,Thursday,11,Autumn
2023-11-17 00:00:00,3279.7,24.1,0,Friday,11,Autumn
2023-11-17 01:00:00,3039.3,30.5,1,Friday,11,Autumn
2023-11-17 02:00:00,2928.9,29.0,2,Friday,11,Autumn
2023-11-17 03:00:00,2883.2,29.5,3,Friday,11,Autumn
2023-11-17 04:00:00,2672.4,27.8,4,Friday,11,Autumn
2023-11-17 05:00:00,2505.8,25.9,5,Friday,11,Autumn
2023-11-17 06:00:00,2286.7,29.3,6,Friday,11,Autumn
2023-11-17 07:00:00,2242.2,28.3,7,Friday,11,Autumn
2023-11-17 08:00:00,2134.6,28.5,8,Friday,11,Autumn
2023-11-17 09:00:00,2114.5,30.1,9,Friday,11,Autumn
2023-11-17 10:00:00,2169.1,29.6,10,Friday,11,Autumn
2023-11-17 11:00:00,2179.2,31.3,11,Friday,11,Autumn
2023-11-17 12:00:00,2402.3,28.7,12,Friday,11,Autumn
2023-11-17 13:00:00,2441.6,27.4,13,Friday,11,Autumn
2023-11-17 14:00:00,2652.6,28.2,14,Friday,11,Autumn
2023-11-17 15:00:00,2895.9,29.1,15,Friday,11,Autumn
2023-11-17 16:00:00,3077.7,30.0,16,Friday,11,Autumn
2023-11-17 17:00:00,3121.3,26.3,17,Friday,11,Autumn
2023-11-17 18:00:00,3524.8,28.5,18,Friday,11,Autumn
2023-11-17 19:00:00,3781.8,30.9,19,Friday,11,Autumn
2023-11-17 20:00:00,3901.5,28.1,20,Friday,11,Autumn
2023-11-17 21:00:00,3684.8,29.9,21,Friday,11,Autumn
2023-11-17 22:00:00,3594.6,29.2,22,Friday,11,Autumn
2023-11-17 23:00:00,3560.0,29.9,23,Friday,11,Autumn
2023-11-18 00:00:00,3158.5,27.1,0,Saturday,11,Autumn
2023-11-18 01:00:00,3062.5,27.1,1,Saturday,11,Autumn
2023-11-18 02:00:00,3044.8,28.4,2,Saturday,11,Autumn
2023-11-18 03:00:00,2758.5,26.1,3,Saturday,11,Autumn
2023-11-18 04:00:00,2547.0,28.0,4,Saturday,11,Autumn
2023-11-18 05:00:00,2384.4,28.7,5,Saturday,11,Autumn
2023-11-18 06:00:00,2322.8,31.0,6,Saturday,11,Autumn
2023-11-18 07:00:00,2127.4,29.0,7,Saturday,11,Autumn
2023-11-18 08:00:00,2122.8,29.3,8,Saturday,11,Autumn
2023-11-18 09:00:00,2131.5,30.1,9,Saturday,11,Autumn
2023-11-18 10:00:00,2205.4,26.9,10,Saturday,11,Autumn
2023-11-18 11:00:00,2237.5,28.1,11,Saturday,11,Autumn
2023-11-18 12:00:00,2262.7,32.0,12,Saturday,11,Autumn
2023-11-18 13:00:00,2510.6,28.2,13,Saturday,11,Autumn
2023-11-18 14:00:00,2579.2,30.0,14,Saturday,11,Autumn
2023-11-18 15:00:00,2693.9,29.8,15,Saturday,11,Autumn
2023-11-18 16:00:00,2972.0,26.1,16,Saturday,11,Autumn
2023-11-18 17:00:00,3334.2,28.8,17,Saturday,11,Autumn
2023-11-18 18:00:00,3482.3,28.6,18,Saturday,11,Autumn
2023-11-18 19:00:00,3685.0,28.9,19,Saturday,11,Autumn
2023-11-18 20:00:00,3952.1,27.2,20,Saturday,11,Autumn
2023-11-18 21:00:00,3635.7,26.7,21,Saturday,11,Autumn
2023-11-18 22:00:00,3518.8,27.6,22,Saturday,11,Autumn
2023-11-18 23:00:00,3316.0,28.2,23,Saturday,11,Autumn
2023-11-19 00:00:00,3233.4,30.0,0,Sunday,11,Autumn
2023-11-19 01:00:00,3082.8,31.0,1,Sunday,11,Autumn
2023-11-19 02:00:00,3027.0,30.3,2,Sunday,11,Autumn
2023-11-19 03:00:00,2764.5,29.5,3,Sunday,11,Autumn
2023-11-19 04:00:00,2554.9,26.7,4,Sunday,11,Autumn
2023-11-19 05:00:00,2425.6,27.6,5,Sunday,11,Autumn
2023-11-19 06:00:00,2298.7,28.6,6,Sunday,11,Autumn
2023-11-19 07:00:00,2098.1,27.3,7,Sunday,11,Autumn
2023-11-19 08:00:00,2269.2,29.1,8,Sunday,11,Autumn
2023-11-19 09:00:00,2130.6,29.3,9,Sunday,11,Autumn
2023-11-19 10:00:00,2136.3,29.1,10,Sunday,11,Autumn
2023-11-19 11:00:00,2223.3,29.8,11,Sunday,11,Autumn
2023-11-19 12:00:00,2332.8,26.9,12,Sunday,11,Autumn
2023-11-19 13:00:00,2417.9,29.7,13,Sunday,11,Autumn
2023-11-19 14:00:00,2544.7,27.2,14,Sunday,11,Autumn
2023-11-19 15:00:00,2807.1,26.8,15,Sunday,11,Autumn
2023-11-19 16:00:00,2998.3,29.1,16,Sunday,11,Autumn
2023-11-19 17:00:00,3137.3,30.1,17,Sunday,11,Autumn
2023-11-19 18:00:00,3572.8,29.0,18,Sunday,11,Autumn
2023-11-19 19:00:00,3692.1,28.3,19,Sunday,11,Autumn
2023-11-19 20:00:00,3846.3,28.7,20,Sunday,11,Autumn
2023-11-19 21:00:00,3882.1,28.5,21,Sunday,11,Autumn
2023-11-19 22:00:00,3619.2,26.6,22,Sunday,11,Autumn
2023-11-19 23:00:00,3465.3,26.4,23,Sunday,11,Autumn
2023-11-20 00:00:00,3252.2,28.0,0,Monday,11,Autumn
2023-11-20 01:00:00,2999.5,28.3,1,Monday,11,Autumn
2023-11-20 02:00:00,2904.1,28.2,2,Monday,11,Autumn
2023-11-20 03:00:00,2742.7,29.2,3,Monday,11,Autumn
2023-11-20 04:00:00,2506.8,27.8,4,Monday,11,Autumn
2023-11-20 05:00:00,2553.3,29.0,5,Monday,11,Autumn
2023-11-20 06:00:00,2200.4,27.9,6,Monday,11,Autumn
2023-11-20 07:00:00,2108.0,30.9,7,Monday,11,Autumn
2023-11-20 08:00:00,2184.1,28.3,8,Monday,11,Autumn
2023-11-20 09:00:00,2130.1,31.7,9,Monday,11,Autumn
2023-11-20 10:00:00,2060.4,28.7,10,Monday,11,Autumn
2023-11-20 11:00:00,2211.8,27.8,11,Monday,11,Autumn
2023-11-20 12:00:00,2364.5,26.8,12,Monday,11,Autumn
2023-11-20 13:00:00,2412.5,26.0,13,Monday,11,Autumn
2023-11-20 14:00:00,2739.8,26.7,14,Monday,11,Autumn
2023-11-20 15:00:00,2633.3,26.8,15,Monday,11,Autumn
2023-11-20 16:00:00,3006.2,28.7,16,Monday,11,Autumn
2023-11-20 17:00:00,3279.3,27.4,17,Monday,11,Autumn
2023-11-20 18:00:00,3509.8,28.4,18,Monday,11,Autumn
2023-11-20 19:00:00,3628.4,30.1,19,Monday,11,Autumn
2023-11-20 20:00:00,3731.4,28.0,20,Monday,11,Autumn
2023-11-20 21:00:00,3774.4,31.3,21,Monday,11,Autumn
2023-11-20 22:00:00,3672.7,26.4,22,Monday,11,Autumn
2023-11-20 23:00:00,3472.6,27.9,23,Monday,11,Autumn
2023-11-21 00:00:00,3254.7,27.2,0,Tuesday,11,Autumn
2023-11-21 01:00:00,2962.6,29.4,1,Tuesday,11,Autumn
2023-11-21 02:00:00,2869.7,24.7,2,Tuesday,11,Autumn
2023-11-21 03:00:00,2657.0,25.9,3,Tuesday,11,Autumn
2023-11-21 04:00:00,2531.1,27.9,4,Tuesday,11,Autumn
2023-11-21 05:00:00,2462.8,30.4,5,Tuesday,11,Autumn
2023-11-21 06:00:00,2275.8,28.4,6,Tuesday,11,Autumn
2023-11-21 07:00:00,2309.5,26.0,7,Tuesday,11,Autumn
2023-11-21 08:00:00,2114.6,26.2,8,Tuesday,11,Autumn
2023-11-21 09:00:00,2085.8,30.5,9,Tuesday,11,Autumn
2023-11-21 10:00:00,2110.0,27.1,10,Tuesday,11,Autumn
2023-11-21 11:00:00,2133.7,26.6,11,Tuesday,11,Autumn
2023-11-21 12:00:00,2266.5,30.2,12,Tuesday,11,Autumn
2023-11-21 13:00:00,2470.4,29.5,13,Tuesday,11,Autumn
2023-11-21 14:00:00,2567.5,29.9,14,Tuesday,11,Autumn
2023-11-21 15:00:00,2684.3,26.6,15,Tuesday,11,Autumn
2023-11-21 16:00:00,2872.7,25.7,16,Tuesday,11,Autumn
2023-11-21 17:00:00,3135.2,28.2,17,Tuesday,11,Autumn
2023-11-21 18:00:00,3423.1,28.5,18,Tuesday,11,Autumn
2023-11-21 19:00:00,3737.7,28.6,19,Tuesday,11,Autumn
2023-11-21 20:00:00,3615.2,30.2,20,Tuesday,11,Autumn
2023-11-21 21:00:00,3685.2,25.4,21,Tuesday,11,Autumn
2023-11-21 22:00:00,3594.9,29.3,22,Tuesday,11,Autumn
2023-11-21 23:00:00,3248.5,26.4,23,Tuesday,11,Autumn
2023-11-22 00:00:00,3091.5,29.2,0,Wednesday,11,Autumn
2023-11-22 01:00:00,2974.3,27.2,1,Wednesday,11,Autumn
2023-11-22 02:00:00,2815.4,26.7,2,Wednesday,11,Autumn
2023-11-22 03:00:00,2721.1,27.0,3,Wednesday,11,Autumn
2023-11-22 04:00:00,2533.5,25.7,4,Wednesday,11,Autumn
2023-11-22 05:00:00,2357.3,28.0,5,Wednesday,11,Autumn
2023-11-22 06:00:00,2283.1,26.8,6,Wednesday,11,Autumn
2023-11-22 07:00:00,2251.0,29.1,7,Wednesday,11,Autumn
2023-11-22 08:00:00,2180.4,28.9,8,Wednesday,11,Autumn
2023-11-22 09:00:00,1973.3,30.4,9,Wednesday,11,Autumn
2023-11-22 10:00:00,2124.8,28.5,10,Wednesday,11,Autumn
2023-11-22 11:00:00,2148.4,28.7,11,Wednesday,11,Autumn
2023-11-22 12:00:00,2267.9,30.0,12,Wednesday,11,Autumn
2023-11-22 13:00:00,2367.6,27.0,13,Wednesday,11,Autumn
2023-11-22 14:00:00,2555.7,25.7,14,Wednesday,11,Autumn
2023-11-22 15:00:00,2736.1,28.2,15,Wednesday,11,Autumn
2023-11-22 16:00:00,2884.5,25.8,16,Wednesday,11,Autumn
2023-11-22 17:00:00,3085.3,31.6,17,Wednesday,11,Autumn
2023-11-22 18:00:00,3362.5,30.1,18,Wednesday,11,Autumn
2023-11-22 19:00:00,3633.5,31.2,19,Wednesday,11,Autumn
2023-11-22 20:00:00,3778.7,28.0,20,Wednesday,11,Autumn
2023-11-22 21:00:00,3776.3,28.7,21,Wednesday,11,Autumn
2023-11-22 22:00:00,3521.0,27.2,22,Wednesday,11,Autumn
2023-11-22 23:00:00,3412.6,29.2,23,Wednesday,11,Autumn
2023-11-23 00:00:00,3218.5,26.0,0,Thursday,11,Autumn
2023-11-23 01:00:00,3099.7,24.0,1,Thursday,11,Autumn
2023-11-23 02:00:00,2855.2,26.6,2,Thursday,11,Autumn
2023-11-23 03:00:00,2680.9,25.6,3,Thursday,11,Autumn
2023-11-23 04:00:00,2544.2,30.0,4,Thursday,11,Autumn
2023-11-23 05:00:00,2311.2,30.5,5,Thursday,11,Autumn
2023-11-23 06:00:00,2237.7,25.7,6,Thursday,11,Autumn
2023-11-23 07:00:00,2188.1,29.7,7,Thursday,11,Autumn
2023-11-23 08:00:00,2118.4,29.2,8,Thursday,11,Autumn
2023-11-23 09:00:00,2049.5,25.4,9,Thursday,11,Autumn
2023-11-23 10:00:00,2096.3,27.2,10,Thursday,11,Autumn
2023-11-23 11:00:00,2103.9,26.9,11,Thursday,11,Autumn
2023-11-23 12:00:00,2288.3,28.9,12,Thursday,11,Autumn
2023-11-23 13:00:00,2375.8,26.0,13,Thursday,11,Autumn
2023-11-23 14:00:00,2519.0,27.7,14,Thursday,11,Autumn
2023-11-23 15:00:00,2688.8,26.8,15,Thursday,11,Autumn
2023-11-23 16:00:00,2908.9,28.5,16,Thursday,11,Autumn
2023-11-23 17:00:00,3106.4,27.5,17,Thursday,11,Autumn
2023-11-23 18:00:00,3440.8,27.0,18,Thursday,11,Autumn
2023-11-23 19:00:00,3560.3,27.5,19,Thursday,11,Autumn
2023-11-23 20:00:00,3853.5,30.9,20,Thursday,11,Autumn
2023-11-23 21:00:00,3815.3,27.2,21,Thursday,11,Autumn
2023-11-23 22:00:00,3469.7,26.2,22,Thursday,11,Autumn
2023-11-23 23:00:00,3378.9,28.7,23,Thursday,11,Autumn
2023-11-24 00:00:00,3078.0,27.5,0,Friday,11,Autumn
2023-11-24 01:00:00,2974.0,25.6,1,Friday,11,Autumn
2023-11-24 02:00:00,2989.2,31.0,2,Friday,11,Autumn
2023-11-24 03:00:00,2663.1,27.1,3,Friday,11,Autumn
2023-11-24 04:00:00,2543.5,27.1,4,Friday,11,Autumn
2023-11-24 05:00:00,2401.1,27.9,5,Friday,11,Autumn
2023-11-24 06:00:00,2182.6,30.3,6,Friday,11,Autumn
2023-11-24 07:00:00,2092.9,25.2,7,Friday,11,Autumn
2023-11-24 08:00:00,2013.1,28.1,8,Friday,11,Autumn
2023-11-24 09:00:00,2008.7,30.8,9,Friday,11,Autumn
2023-11-24 10:00:00,1927.8,27.9,10,Friday,11,Autumn
2023-11-24 11:00:00,2167.7,25.8,11,Friday,11,Autumn
2023-11-24 12:00:00,2353.7,26.8,12,Friday,11,Autumn
2023-11-24 13:00:00,2378.6,28.0,13,Friday,11,Autumn
2023-11-24 14:00:00,2435.8,29.7,14,Friday,11,Autumn
2023-11-24 15:00:00,2657.8,27.2,15,Friday,11,Autumn
2023-11-24 16:00:00,2867.2,28.9,16,Friday,11,Autumn
2023-11-24 17:00:00,3048.0,25.5,17,Friday,11,Autumn
2023-11-24 18:00:00,3442.5,25.5,18,Friday,11,Autumn
2023-11-24 19:00:00,3652.3,27.0,19,Friday,11,Autumn
2023-11-24 20:00:00,3582.8,29.8,20,Friday,11,Autumn
2023-11-24 21:00:00,3730.6,27.8,21,Friday,11,Autumn
2023-11-24 22:00:00,3667.8,28.1,22,Friday,11,Autumn
2023-11-24 23:00:00,3517.7,28.1,23,Friday,11,Autumn
2023-11-25 00:00:00,3338.6,29.2,0,Saturday,11,Autumn
2023-11-25 01:00:00,2918.3,26.6,1,Saturday,11,Autumn
2023-11-25 02:00:00,3034.5,28.6,2,Saturday,11,Autumn
2023-11-25 03:00:00,2648.5,26.3,3,Saturday,11,Autumn
2023-11-25 04:00:00,2472.8,30.5,4,Saturday,11,Autumn
2023-11-25 05:00:00,2378.1,26.4,5,Saturday,11,Autumn
2023-11-25 06:00:00,2196.5,26.2,6,Saturday,11,Autumn
2023-11-25 07:00:00,2150.6,28.4,7,Saturday,11,Autumn
2023-11-25 08:00:00,1998.5,27.7,8,Saturday,11,Autumn
2023-11-25 09:00:00,2033.2,28.0,9,Saturday,11,Autumn
2023-11-25 10:00:00,2133.2,27.9,10,Saturday,11,Autumn
2023-11-25 11:00:00,2126.3,25.9,11,Saturday,11,Autumn
2023-11-25 12:00:00,2237.0,30.0,12,Saturday,11,Autumn
2023-11-25 13:00:00,2387.7,28.9,13,Saturday,11,Autumn
2023-11-25 14:00:00,2587.9,29.6,14,Saturday,11,Autumn
2023-11-25 15:00:00,2578.3,26.8,15,Saturday,11,Autumn
2023-11-25 16:00:00,2930.2,28.2,16,Saturday,11,Autumn
2023-11-25 17:00:00,3093.2,27.9,17,Saturday,11,Autumn
2023-11-25 18:00:00,3369.5,29.2,18,Saturday,11,Autumn
2023-11-25 19:00:00,3658.8,29.3,19,Saturday,11,Autumn
2023-11-25 20:00:00,3563.8,27.8,20,Saturday,11,Autumn
2023-11-25 21:00:00,3556.0,25.3,21,Saturday,11,Autumn
2023-11-25 22:00:00,3347.5,30.2,22,Saturday,11,Autumn
2023-11-25 23:00:00,3297.6,28.4,23,Saturday,11,Autumn
2023-11-26 00:00:00,3205.6,26.5,0,Sunday,11,Autumn
2023-11-26 01:00:00,2964.2,28.0,1,Sunday,11,Autumn
2023-11-26 02:00:00,2728.0,25.2,2,Sunday,11,Autumn
2023-11-26 03:00:00,2628.7,29.0,3,Sunday,11,Autumn
2023-11-26 04:00:00,2406.5,25.2,4,Sunday,11,Autumn
2023-11-26 05:00:00,2282.9,27.1,5,Sunday,11,Autumn
2023-11-26 06:00:00,2241.2,27.8,6,Sunday,11,Autumn
2023-11-26 07:00:00,2058.2,29.0,7,Sunday,11,Autumn
2023-11-26 08:00:00,2115.3,27.6,8,Sunday,11,Autumn
2023-11-26 09:00:00,2033.2,28.4,9,Sunday,11,Autumn
2023-11-26 10:00:00,2062.5,27.4,10,Sunday,11,Autumn
2023-11-26 11:00:00,2105.7,27.4,11,Sunday,11,Autumn
2023-11-26 12:00:00,2262.7,27.6,12,Sunday,11,Autumn
2023-11-26 13:00:00,2395.8,27.1,13,Sunday,11,Autumn
2023-11-26 14:00:00,2524.8,24.9,14,Sunday,11,Autumn
2023-11-26 15:00:00,2716.2,26.3,15,Sunday,11,Autumn
2023-11-26 16:00:00,2860.7,27.8,16,Sunday,11,Autumn
2023-11-26 17:00:00,3143.1,27.1,17,Sunday,11,Autumn
2023-11-26 18:00:00,3313.3,27.2,18,Sunday,11,Autumn
2023-11-26 19:00:00,3549.7,26.9,19,Sunday,11,Autumn
2023-11-26 20:00:00,3633.1,26.1,20,Sunday,11,Autumn
2023-11-26 21:00:00,3591.6,26.7,21,Sunday,11,Autumn
2023-11-26 22:00:00,3442.7,27.0,22,Sunday,11,Autumn
2023-11-26 23:00:00,3368.5,27.4,23,Sunday,11,Autumn
2023-11-27 00:00:00,3191.1,27.9,0,Monday,11,Autumn
2023-11-27 01:00:00,3047.8,27.0,1,Monday,11,Autumn
2023-11-27 02:00:00,2722.9,25.8,2,Monday,11,Autumn
2023-11-27 03:00:00,2735.7,25.2,3,Monday,11,Autumn
2023-11-27 04:00:00,2469.6,31.2,4,Monday,11,Autumn
2023-11-27 05:00:00,2374.6,25.6,5,Monday,11,Autumn
2023-11-27 06:00:00,2160.6,26.5,6,Monday,11,Autumn
2023-11-27 07:00:00,2119.4,28.1,7,Monday,11,Autumn
2023-11-27 08:00:00,2065.9,27.8,8,Monday,11,Autumn
2023-11-27 09:00:00,1953.3,28.1,9,Monday,11,Autumn
2023-11-27 10:00:00,2081.0,26.6,10,Monday,11,Autumn
2023-11-27 11:00:00,2183.0,27.7,11,Monday,11,Autumn
2023-11-27 12:00:00,2201.2,27.4,12,Monday,11,Autumn
2023-11-27 13:00:00,2419.9,26.8,13,Monday,11,Autumn
2023-11-27 14:00:00,2481.9,27.7,14,Monday,11,Autumn
2023-11-27 15:00:00,2724.2,28.9,15,Monday,11,Autumn
2023-11-27 16:00:00,2705.5,27.3,16,Monday,11,Autumn
2023-11-27 17:00:00,3275.4,27.3,17,Monday,11,Autumn
2023-11-27 18:00:00,3452.4,28.9,18,Monday,11,Autumn
2023-11-27 19:00:00,3510.0,28.7,19,Monday,11,Autumn
2023-11-27 20:00:00,3463.8,29.7,20,Monday,11,Autumn
2023-11-27 21:00:00,3644.5,24.7,21,Monday,11,Autumn
2023-11-27 22:00:00,3363.0,28.7,22,Monday,11,Autumn
2023-11-27 23:00:00,3353.0,28.2,23,Monday,11,Autumn
2023-11-28 00:00:00,3109.5,25.8,0,Tuesday,11,Autumn
2023-11-28 01:00:00,2880.2,27.5,1,Tuesday,11,Autumn
2023-11-28 02:00:00,2878.7,28.7,2,Tuesday,11,Autumn
2023-11-28 03:00:00,2693.1,25.9,3,Tuesday,11,Autumn
2023-11-28 04:00:00,2540.2,27.8,4,Tuesday,11,Autumn
2023-11-28 05:00:00,2330.9,28.5,5,Tuesday,11,Autumn
2023-11-28 06:00:00,2124.2,25.6,6,Tuesday,11,Autumn
2023-11-28 07:00:00,2155.1,27.0,7,Tuesday,11,Autumn
2023-11-28 08:00:00,2028.0,27.6,8,Tuesday,11,Autumn
2023-11-28 09:00:00,1950.5,26.0,9,Tuesday,11,Autumn
2023-11-28 10:00:00,2110.8,25.8,10,Tuesday,11,Autumn
2023-11-28 11:00:00,2214.1,27.0,11,Tuesday,11,Autumn
2023-11-28 12:00:00,2200.0,28.4,12,Tuesday,11,Autumn
2023-11-28 13:00:00,2457.0,28.1,13,Tuesday,11,Autumn
2023-11-28 14:00:00,2489.7,25.9,14,Tuesday,11,Autumn
2023-11-28 15:00:00,2631.9,28.1,15,Tuesday,11,Autumn
2023-11-28 16:00:00,2808.2,25.9,16,Tuesday,11,Autumn
2023-11-28 17:00:00,3202.5,24.8,17,Tuesday,11,Autumn
2023-11-28 18:00:00,3250.4,26.6,18,Tuesday,11,Autumn
2023-11-28 19:00:00,3586.1,28.9,19,Tuesday,11,Autumn
2023-11-28 20:00:00,3578.5,28.2,20,Tuesday,11,Autumn
2023-11-28 21:00:00,3562.9,27.2,21,Tuesday,11,Autumn
2023-11-28 22:00:00,3564.8,26.5,22,Tuesday,11,Autumn
2023-11-28 23:00:00,3271.8,26.6,23,Tuesday,11,Autumn
2023-11-29 00:00:00,3035.3,27.2,0,Wednesday,11,Autumn
2023-11-29 01:00:00,3021.8,25.4,1,Wednesday,11,Autumn
2023-11-29 02:00:00,2901.2,26.5,2,Wednesday,11,Autumn
2023-11-29 03:00:00,2672.5,26.7,3,Wednesday,11,Autumn
2023-11-29 04:00:00,2430.0,25.0,4,Wednesday,11,Autumn
2023-11-29 05:00:00,2292.0,25.8,5,Wednesday,11,Autumn
2023-11-29 06:00:00,2198.2,27.6,6,Wednesday,11,Autumn
2023-11-29 07:00:00,2112.6,27.0,7,Wednesday,11,Autumn
2023-11-29 08:00:00,1983.9,26.6,8,Wednesday,11,Autumn
2023-11-29 09:00:00,2049.5,25.7,9,Wednesday,11,Autumn
2023-11-29 10:00:00,2038.5,29.4,10,Wednesday,11,Autumn
2023-11-29 11:00:00,2005.9,25.8,11,Wednesday,11,Autumn
2023-11-29 12:00:00,2143.0,27.4,12,Wednesday,11,Autumn
2023-11-29 13:00:00,2293.2,26.3,13,Wednesday,11,Autumn
2023-11-29 14:00:00,2470.2,27.1,14,Wednesday,11,Autumn
2023-11-29 15:00:00,2772.2,27.7,15,Wednesday,11,Autumn
2023-11-29 16:00:00,2859.4,25.0,16,Wednesday,11,Autumn
2023-11-29 17:00:00,3000.6,27.0,17,Wednesday,11,Autumn
2023-11-29 18:00:00,3320.9,28.8,18,Wednesday,11,Autumn
2023-11-29 19:00:00,3477.3,29.7,19,Wednesday,11,Autumn
2023-11-29 20:00:00,3645.0,26.8,20,Wednesday,11,Autumn
2023-11-29 21:00:00,3643.0,27.1,21,Wednesday,11,Autumn
2023-11-29 22:00:00,3567.0,30.3,22,Wednesday,11,Autumn
2023-11-29 23:00:00,3288.9,28.7,23,Wednesday,11,Autumn
2023-11-30 00:00:00,3180.5,26.0,0,Thursday,11,Autumn
2023-11-30 01:00:00,2994.4,26.0,1,Thursday,11,Autumn
2023-11-30 02:00:00,2730.6,28.3,2,Thursday,11,Autumn
2023-11-30 03:00:00,2765.4,25.4,3,Thursday,11,Autumn
2023-11-30 04:00:00,2481.6,28.5,4,Thursday,11,Autumn
2023-11-30 05:00:00,2265.0,27.4,5,Thursday,11,Autumn
2023-11-30 06:00:00,2276.3,27.7,6,Thursday,11,Autumn
2023-11-30 07:00:00,2196.7,26.5,7,Thursday,11,Autumn
2023-11-30 08:00:00,2025.2,25.9,8,Thursday,11,Autumn
2023-11-30 09:00:00,1980.6,29.1,9,Thursday,11,Autumn
2023-11-30 10:00:00,2018.1,26.5,10,Thursday,11,Autumn
2023-11-30 11:00:00,2125.6,26.3,11,Thursday,11,Autumn
2023-11-30 12:00:00,2255.9,26.8,12,Thursday,11,Autumn
2023-11-30 13:00:00,2347.1,27.2,13,Thursday,11,Autumn
2023-11-30 14:00:00,2472.1,25.3,14,Thursday,11,Autumn
2023-11-30 15:00:00,2736.5,26.0,15,Thursday,11,Autumn
2023-11-30 16:00:00,2810.1,26.0,16,Thursday,11,Autumn
2023-11-30 17:00:00,3132.7,28.2,17,Thursday,11,Autumn
2023-11-30 18:00:00,3267.1,25.6,18,Thursday,11,Autumn
2023-11-30 19:00:00,3533.3,24.3,19,Thursday,11,Autumn
2023-11-30 20:00:00,3592.4,23.9,20,Thursday,11,Autumn
2023-11-30 21:00:00,3573.0,24.7,21,Thursday,11,Autumn
2023-11-30 22:00:00,3417.3,28.9,22,Thursday,11,Autumn
2023-11-30 23:00:00,3389.3,26.9,23,Thursday,11,Autumn
2023-12-01 00:00:00,2989.0,27.5,0,Friday,12,Winter
2023-12-01 01:00:00,2863.9,27.6,1,Friday,12,Winter
2023-12-01 02:00:00,2917.0,26.8,2,Friday,12,Winter
2023-12-01 03:00:00,2675.4,26.6,3,Friday,12,Winter
2023-12-01 04:00:00,2306.8,28.3,4,Friday,12,Winter
2023-12-01 05:00:00,2272.7,27.0,5,Friday,12,Winter
2023-12-01 06:00:00,2079.7,28.9,6,Friday,12,Winter
2023-12-01 07:00:00,2031.6,27.7,7,Friday,12,Winter
2023-12-01 08:00:00,1861.4,25.8,8,Friday,12,Winter
2023-12-01 09:00:00,1992.2,26.0,9,Friday,12,Winter
2023-12-01 10:00:00,1962.2,25.7,10,Friday,12,Winter
2023-12-01 11:00:00,2084.2,28.6,11,Friday,12,Winter
2023-12-01 12:00:00,2090.0,26.1,12,Friday,12,Winter
2023-12-01 13:00:00,2310.9,25.6,13,Friday,12,Winter
2023-12-01 14:00:00,2431.8,27.2,14,Friday,12,Winter
2023-12-01 15:00:00,2727.3,26.6,15,Friday,12,Winter
2023-12-01 16:00:00,2922.1,27.2,16,Friday,12,Winter
2023-12-01 17:00:00,3103.3,29.6,17,Friday,12,Winter
2023-12-01 18:00:00,3252.7,28.1,18,Friday,12,Winter
2023-12-01 19:00:00,3656.5,26.8,19,Friday,12,Winter
2023-12-01 20:00:00,3450.8,24.6,20,Friday,12,Winter
2023-12-01 21:00:00,3440.5,26.0,21,Friday,12,Winter
2023-12-01 22:00:00,3430.8,27.8,22,Friday,12,Winter
2023-12-01 23:00:00,3451.9,25.0,23,Friday,12,Winter
2023-12-02 00:00:00,3019.4,29.8,0,Saturday,12,Winter
2023-12-02 01:00:00,2895.0,26.6,1,Saturday,12,Winter
2023-12-02 02:00:00,2661.5,26.7,2,Saturday,12,Winter
2023-12-02 03:00:00,2664.6,25.6,3,Saturday,12,Winter
2023-12-02 04:00:00,2503.2,27.4,4,Saturday,12,Winter
2023-12-02 05:00:00,2343.0,24.9,5,Saturday,12,Winter
2023-12-02 06:00:00,2137.1,29.9,6,Saturday,12,Winter
2023-12-02 07:00:00,2037.6,28.6,7,Saturday,12,Winter
2023-12-02 08:00:00,1948.1,28.1,8,Saturday,12,Winter
2023-12-02 09:00:00,1996.6,24.5,9,Saturday,12,Winter
2023-12-02 10:00:00,1958.8,26.9,10,Saturday,12,Winter
2023-12-02 11:00:00,2013.2,28.4,11,Saturday,12,Winter
2023-12-02 12:00:00,2148.4,27.5,12,Saturday,12,Winter
2023-12-02 13:00:00,2270.4,25.1,13,Saturday,12,Winter
2023-12-02 14:00:00,2416.3,25.6,14,Saturday,12,Winter
2023-12-02 15:00:00,2650.5,25.9,15,Saturday,12,Winter
2023-12-02 16:00:00,2818.8,25.7,16,Saturday,12,Winter
2023-12-02 17:00:00,3011.6,28.9,17,Saturday,12,Winter
2023-12-02 18:00:00,3283.6,23.7,18,Saturday,12,Winter
2023-12-02 19:00:00,3386.0,27.6,19,Saturday,12,Winter
2023-12-02 20:00:00,3587.8,24.7,20,Saturday,12,Winter
2023-12-02 21:00:00,3567.3,25.2,21,Saturday,12,Winter
2023-12-02 22:00:00,3297.9,23.6,22,Saturday,12,Winter
2023-12-02 23:00:00,3338.0,25.8,23,Saturday,12,Winter
2023-12-03 00:00:00,2958.6,28.7,0,Sunday,12,Winter
2023-12-03 01:00:00,2905.7,26.9,1,Sunday,12,Winter
2023-12-03 02:00:00,2832.5,24.7,2,Sunday,12,Winter
2023-12-03 03:00:00,2654.9,28.0,3,Sunday,12,Winter
2023-12-03 04:00:00,2439.4,28.3,4,Sunday,12,Winter
2023-12-03 05:00:00,2269.8,26.6,5,Sunday,12,Winter
2023-12-03 06:00:00,2215.7,29.5,6,Sunday,12,Winter
2023-12-03 07:00:00,2102.6,27.7,7,Sunday,12,Winter
2023-12-03 08:00:00,1975.9,27.5,8,Sunday,12,Winter
2023-12-03 09:00:00,1946.7,25.3,9,Sunday,12,Winter
2023-12-03 10:00:00,1902.9,27.4,10,Sunday,12,Winter
2023-12-03 11:00:00,2075.7,26.8,11,Sunday,12,Winter
2023-12-03 12:00:00,2160.1,27.2,12,Sunday,12,Winter
2023-12-03 13:00:00,2356.4,25.4,13,Sunday,12,Winter
2023-12-03 14:00:00,2463.5,26.7,14,Sunday,12,Winter
2023-12-03 15:00:00,2698.9,25.2,15,Sunday,12,Winter
2023-12-03 16:00:00,2755.5,23.2,16,Sunday,12,Winter
2023-12-03 17:00:00,3110.0,28.0,17,Sunday,12,Winter
2023-12-03 18:00:00,3215.3,24.2,18,Sunday,12,Winter
2023-12-03 19:00:00,3528.5,26.6,19,Sunday,12,Winter
2023-12-03 20:00:00,3437.1,27.0,20,Sunday,12,Winter
2023-12-03 21:00:00,3563.6,27.0,21,Sunday,12,Winter
2023-12-03 22:00:00,3246.4,26.0,22,Sunday,12,Winter
2023-12-03 23:00:00,3225.1,26.9,23,Sunday,12,Winter
2023-12-04 00:00:00,3049.4,27.0,0,Monday,12,Winter
2023-12-04 01:00:00,2852.9,27.4,1,Monday,12,Winter
2023-12-04 02:00:00,2672.1,28.9,2,Monday,12,Winter
2023-12-04 03:00:00,2641.9,26.7,3,Monday,12,Winter
2023-12-04 04:00:00,2423.8,26.4,4,Monday,12,Winter
2023-12-04 05:00:00,2255.7,25.0,5,Monday,12,Winter
2023-12-04 06:00:00,2160.3,27.0,6,Monday,12,Winter
2023-12-04 07:00:00,2197.5,27.3,7,Monday,12,Winter
2023-12-04 08:00:00,2058.7,26.0,8,Monday,12,Winter
2023-12-04 09:00:00,2037.8,27.1,9,Monday,12,Winter
2023-12-04 10:00:00,2022.7,25.9,10,Monday,12,Winter
2023-12-04 11:00:00,2070.2,27.3,11,Monday,12,Winter
2023-12-04 12:00:00,2028.9,27.7,12,Monday,12,Winter
2023-12-04 13:00:00,2245.8,27.7,13,Monday,12,Winter
2023-12-04 14:00:00,2405.1,26.5,14,Monday,12,Winter
2023-12-04 15:00:00,2481.9,24.8,15,Monday,12,Winter
2023-12-04 16:00:00,2715.2,25.4,16,Monday,12,Winter
2023-12-04 17:00:00,2865.7,27.2,17,Monday,12,Winter
2023-12-04 18:00:00,3245.6,30.0,18,Monday,12,Winter
2023-12-04 19:00:00,3521.6,25.8,19,Monday,12,Winter
2023-12-04 20:00:00,3655.0,27.0,20,Monday,12,Winter
2023-12-04 21:00:00,3568.9,25.5,21,Monday,12,Winter
2023-12-04 22:00:00,3323.7,24.9,22,Monday,12,Winter
2023-12-04 23:00:00,3080.8,25.3,23,Monday,12,Winter
2023-12-05 00:00:00,2875.7,23.0,0,Tuesday,12,Winter
2023-12-05 01:00:00,2791.0,28.2,1,Tuesday,12,Winter
2023-12-05 02:00:00,2675.7,22.8,2,Tuesday,12,Winter
2023-12-05 03:00:00,2569.6,25.8,3,Tuesday,12,Winter
2023-12-05 04:00:00,2361.8,24.4,4,Tuesday,12,Winter
2023-12-05 05:00:00,2296.6,24.8,5,Tuesday,12,Winter
2023-12-05 06:00:00,2139.5,28.2,6,Tuesday,12,Winter
2023-12-05 07:00:00,2056.3,26.5,7,Tuesday,12,Winter
2023-12-05 08:00:00,2052.2,24.7,8,Tuesday,12,Winter
2023-12-05 09:00:00,1916.4,25.3,9,Tuesday,12,Winter
2023-12-05 10:00:00,2016.2,25.0,10,Tuesday,12,Winter
2023-12-05 11:00:00,2055.1,26.1,11,Tuesday,12,Winter
2023-12-05 12:00:00,2134.1,26.4,12,Tuesday,12,Winter
2023-12-05 13:00:00,2328.5,29.0,13,Tuesday,12,Winter
2023-12-05 14:00:00,2480.8,23.3,14,Tuesday,12,Winter
2023-12-05 15:00:00,2535.2,26.1,15,Tuesday,12,Winter
2023-12-05 16:00:00,2775.5,25.7,16,Tuesday,12,Winter
2023-12-05 17:00:00,3027.6,27.6,17,Tuesday,12,Winter
2023-12-05 18:00:00,3217.5,26.7,18,Tuesday,12,Winter
2023-12-05 19:00:00,3491.6,27.1,19,Tuesday,12,Winter
2023-12-05 20:00:00,3571.5,26.7,20,Tuesday,12,Winter
2023-12-05 21:00:00,3683.7,24.8,21,Tuesday,12,Winter
2023-12-05 22:00:00,3266.3,28.0,22,Tuesday,12,Winter
2023-12-05 23:00:00,3218.1,27.4,23,Tuesday,12,Winter
2023-12-06 00:00:00,2931.7,27.4,0,Wednesday,12,Winter
2023-12-06 01:00:00,2918.2,27.9,1,Wednesday,12,Winter
2023-12-06 02:00:00,2618.9,26.6,2,Wednesday,12,Winter
2023-12-06 03:00:00,2595.3,28.2,3,Wednesday,12,Winter
2023-12-06 04:00:00,2378.7,26.6,4,Wednesday,12,Winter
2023-12-06 05:00:00,2229.6,25.7,5,Wednesday,12,Winter
2023-12-06 06:00:00,2068.6,26.0,6,Wednesday,12,Winter
2023-12-06 07:00:00,2026.5,26.0,7,Wednesday,12,Winter
2023-12-06 08:00:00,2044.0,25.2,8,Wednesday,12,Winter
2023-12-06 09:00:00,1968.2,28.5,9,Wednesday,12,Winter
2023-12-06 10:00:00,2021.3,26.5,10,Wednesday,12,Winter
2023-12-06 11:00:00,2135.7,26.2,11,Wednesday,12,Winter
2023-12-06 12:00:00,2160.5,26.6,12,Wednesday,12,Winter
2023-12-06 13:00:00,2240.3,30.5,13,Wednesday,12,Winter
2023-12-06 14:00:00,2449.3,24.3,14,Wednesday,12,Winter
2023-12-06 15:00:00,2554.5,24.7,15,Wednesday,12,Winter
2023-12-06 16:00:00,2745.8,23.9,16,Wednesday,12,Winter
2023-12-06 17:00:00,2884.6,25.7,17,Wednesday,12,Winter
2023-12-06 18:00:00,3305.8,26.4,18,Wednesday,12,Winter
2023-12-06 19:00:00,3399.0,25.3,19,Wednesday,12,Winter
2023-12-06 20:00:00,3553.3,25.2,20,Wednesday,12,Winter
2023-12-06 21:00:00,3422.0,26.2,21,Wednesday,12,Winter
2023-12-06 22:00:00,3424.1,25.3,22,Wednesday,12,Winter
2023-12-06 23:00:00,3158.1,26.5,23,Wednesday,12,Winter
2023-12-07 00:00:00,2981.8,27.5,0,Thursday,12,Winter
2023-12-07 01:00:00,2930.6,26.9,1,Thursday,12,Winter
2023-12-07 02:00:00,2776.3,27.2,2,Thursday,12,Winter
2023-12-07 03:00:00,2565.2,27.5,3,Thursday,12,Winter
2023-12-07 04:00:00,2304.3,26.3,4,Thursday,12,Winter
2023-12-07 05:00:00,2435.1,25.6,5,Thursday,12,Winter
2023-12-07 06:00:00,2234.4,24.7,6,Thursday,12,Winter
2023-12-07 07:00:00,2082.2,25.3,7,Thursday,12,Winter
2023-12-07 08:00:00,1947.7,25.1,8,Thursday,12,Winter
2023-12-07 09:00:00,1959.0,27.0,9,Thursday,12,Winter
2023-12-07 10:00:00,1958.1,26.4,10,Thursday,12,Winter
2023-12-07 11:00:00,2109.9,26.9,11,Thursday,12,Winter
2023-12-07 12:00:00,2155.1,24.1,12,Thursday,12,Winter
2023-12-07 13:00:00,2222.0,28.0,13,Thursday,12,Winter
2023-12-07 14:00:00,2386.6,25.2,14,Thursday,12,Winter
2023-12-07 15:00:00,2655.8,24.2,15,Thursday,12,Winter
2023-12-07 16:00:00,2884.9,25.2,16,Thursday,12,Winter
2023-12-07 17:00:00,3105.4,29.6,17,Thursday,12,Winter
2023-12-07 18:00:00,3284.0,25.3,18,Thursday,12,Winter
2023-12-07 19:00:00,3402.0,25.4,19,Thursday,12,Winter
2023-12-07 20:00:00,3242.5,25.6,20,Thursday,12,Winter
2023-12-07 21:00:00,3530.3,25.6,21,Thursday,12,Winter
2023-12-07 22:00:00,3378.7,24.7,22,Thursday,12,Winter
2023-12-07 23:00:00,3222.7,26.1,23,Thursday,12,Winter
2023-12-08 00:00:00,2989.5,27.3,0,Friday,12,Winter
2023-12-08 01:00:00,2766.2,26.2,1,Friday,12,Winter
2023-12-08 02:00:00,2754.0,24.0,2,Friday,12,Winter
2023-12-08 03:00:00,2601.2,25.2,3,Friday,12,Winter
2023-12-08 04:00:00,2446.3,24.9,4,Friday,12,Winter
2023-12-08 05:00:00,2313.9,25.8,5,Friday,12,Winter
2023-12-08 06:00:00,2168.2,27.7,6,Friday,12,Winter
2023-12-08 07:00:00,2019.6,25.5,7,Friday,12,Winter
2023-12-08 08:00:00,1977.0,25.6,8,Friday,12,Winter
2023-12-08 09:00:00,1964.5,28.4,9,Friday,12,Winter
2023-12-08 10:00:00,1985.8,27.0,10,Friday,12,Winter
2023-12-08 11:00:00,2091.5,26.6,11,Friday,12,Winter
2023-12-08 12:00:00,2170.5,28.6,12,Friday,12,Winter
2023-12-08 13:00:00,2378.6,26.4,13,Friday,12,Winter
2023-12-08 14:00:00,2542.4,22.7,14,Friday,12,Winter
2023-12-08 15:00:00,2582.5,27.0,15,Friday,12,Winter
2023-12-08 16:00:00,2502.1,23.3,16,Friday,12,Winter
2023-12-08 17:00:00,3076.5,26.4,17,Friday,12,Winter
2023-12-08 18:00:00,3172.1,23.1,18,Friday,12,Winter
2023-12-08 19:00:00,3347.2,25.0,19,Friday,12,Winter
2023-12-08 20:00:00,3485.2,25.2,20,Friday,12,Winter
2023-12-08 21:00:00,3457.1,24.5,21,Friday,12,Winter
2023-12-08 22:00:00,3422.6,25.2,22,Friday,12,Winter
2023-12-08 23:00:00,3079.1,27.3,23,Friday,12,Winter
2023-12-09 00:00:00,2898.8,24.5,0,Saturday,12,Winter
2023-12-09 01:00:00,2879.4,26.4,1,Saturday,12,Winter
2023-12-09 02:00:00,2752.6,24.1,2,Saturday,12,Winter
2023-12-09 03:00:00,2596.2,25.3,3,Saturday,12,Winter
2023-12-09 04:00:00,2352.9,26.0,4,Saturday,12,Winter
2023-12-09 05:00:00,2200.4,24.1,5,Saturday,12,Winter
2023-12-09 06:00:00,2104.4,23.6,6,Saturday,12,Winter
2023-12-09 07:00:00,2048.4,26.3,7,Saturday,12,Winter
2023-12-09 08:00:00,2049.7,27.2,8,Saturday,12,Winter
2023-12-09 09:00:00,1855.7,25.4,9,Saturday,12,Winter
2023-12-09 10:00:00,1965.4,24.9,10,Saturday,12,Winter
2023-12-09 11:00:00,1968.3,25.8,11,Saturday,12,Winter
2023-12-09 12:00:00,2043.5,25.6,12,Saturday,12,Winter
2023-12-09 13:00:00,2310.9,25.9,13,Saturday,12,Winter
2023-12-09 14:00:00,2437.0,21.8,14,Saturday,12,Winter
2023-12-09 15:00:00,2600.7,23.9,15,Saturday,12,Winter
2023-12-09 16:00:00,2825.2,24.3,16,Saturday,12,Winter
2023-12-09 17:00:00,2942.1,25.8,17,Saturday,12,Winter
2023-12-09 18:00:00,3173.9,25.8,18,Saturday,12,Winter
2023-12-09 19:00:00,3594.6,26.5,19,Saturday,12,Winter
2023-12-09 20:00:00,3491.1,25.9,20,Saturday,12,Winter
2023-12-09 21:00:00,3552.8,23.6,21,Saturday,12,Winter
2023-12-09 22:00:00,3364.3,27.7,22,Saturday,12,Winter
2023-12-09 23:00:00,3049.5,27.5,23,Saturday,12,Winter
2023-12-10 00:00:00,2821.2,23.5,0,Sunday,12,Winter
2023-12-10 01:00:00,2808.0,25.9,1,Sunday,12,Winter
2023-12-10 02:00:00,2776.4,24.5,2,Sunday,12,Winter
2023-12-10 03:00:00,2600.4,25.6,3,Sunday,12,Winter
2023-12-10 04:00:00,2450.1,27.0,4,Sunday,12,Winter
2023-12-10 05:00:00,2195.5,28.6,5,Sunday,12,Winter
2023-12-10 06:00:00,2213.1,26.5,6,Sunday,12,Winter
2023-12-10 07:00:00,1983.1,25.8,7,Sunday,12,Winter
2023-12-10 08:00:00,1982.9,24.9,8,Sunday,12,Winter
2023-12-10 09:00:00,1951.5,25.7,9,Sunday,12,Winter
2023-12-10 10:00:00,1963.8,27.4,10,Sunday,12,Winter
2023-12-10 11:00:00,2100.2,25.3,11,Sunday,12,Winter
2023-12-10 12:00:00,2089.8,24.1,12,Sunday,12,Winter
2023-12-10 13:00:00,2175.9,23.0,13,Sunday,12,Winter
2023-12-10 14:00:00,2400.8,26.2,14,Sunday,12,Winter
2023-12-10 15:00:00,2541.1,25.8,15,Sunday,12,Winter
2023-12-10 16:00:00,2988.9,24.4,16,Sunday,12,Winter
2023-12-10 17:00:00,3022.2,26.9,17,Sunday,12,Winter
2023-12-10 18:00:00,3169.5,24.8,18,Sunday,12,Winter
2023-12-10 19:00:00,3311.8,25.2,19,Sunday,12,Winter
2023-12-10 20:00:00,3341.0,25.4,20,Sunday,12,Winter
2023-12-10 21:00:00,3392.5,24.9,21,Sunday,12,Winter
2023-12-10 22:00:00,3366.8,25.7,22,Sunday,12,Winter
2023-12-10 23:00:00,3304.7,27.1,23,Sunday,12,Winter
2023-12-11 00:00:00,3051.1,23.5,0,Monday,12,Winter
2023-12-11 01:00:00,2860.5,26.0,1,Monday,12,Winter
2023-12-11 02:00:00,2678.3,25.5,2,Monday,12,Winter
2023-12-11 03:00:00,2562.7,25.5,3,Monday,12,Winter
2023-12-11 04:00:00,2360.1,26.5,4,Monday,12,Winter
2023-12-11 05:00:00,2343.6,25.3,5,Monday,12,Winter
2023-12-11 06:00:00,2113.3,25.9,6,Monday,12,Winter
2023-12-11 07:00:00,2024.1,26.3,7,Monday,12,Winter
2023-12-11 08:00:00,1859.8,24.5,8,Monday,12,Winter
2023-12-11 09:00:00,1939.0,25.7,9,Monday,12,Winter
2023-12-11 10:00:00,2010.0,24.8,10,Monday,12,Winter
2023-12-11 11:00:00,1974.4,25.0,11,Monday,12,Winter
2023-12-11 12:00:00,2083.7,24.7,12,Monday,12,Winter
2023-12-11 13:00:00,2292.4,25.9,13,Monday,12,Winter
2023-12-11 14:00:00,2306.8,25.3,14,Monday,12,Winter
2023-12-11 15:00:00,2629.9,25.8,15,Monday,12,Winter
2023-12-11 16:00:00,2714.6,25.2,16,Monday,12,Winter
2023-12-11 17:00:00,2937.8,22.8,17,Monday,12,Winter
2023-12-11 18:00:00,3106.8,25.3,18,Monday,12,Winter
2023-12-11 19:00:00,3427.6,25.3,19,Monday,12,Winter
2023-12-11 20:00:00,3714.7,25.6,20,Monday,12,Winter
2023-12-11 21:00:00,3543.4,24.3,21,Monday,12,Winter
2023-12-11 22:00:00,3278.7,23.4,22,Monday,12,Winter
2023-12-11 23:00:00,3275.6,26.2,23,Monday,12,Winter
2023-12-12 00:00:00,2939.6,24.6,0,Tuesday,12,Winter
2023-12-12 01:00:00,2937.1,25.3,1,Tuesday,12,Winter
2023-12-12 02:00:00,2750.1,24.6,2,Tuesday,12,Winter
2023-12-12 03:00:00,2354.5,25.0,3,Tuesday,12,Winter
2023-12-12 04:00:00,2327.3,24.4,4,Tuesday,12,Winter
2023-12-12 05:00:00,2296.4,23.6,5,Tuesday,12,Winter
2023-12-12 06:00:00,2128.0,25.8,6,Tuesday,12,Winter
2023-12-12 07:00:00,1973.4,24.1,7,Tuesday,12,Winter
2023-12-12 08:00:00,1934.5,25.3,8,Tuesday,12,Winter
2023-12-12 09:00:00,1852.6,25.7,9,Tuesday,12,Winter
2023-12-12 10:00:00,1961.3,24.2,10,Tuesday,12,Winter
2023-12-12 11:00:00,2137.1,23.2,11,Tuesday,12,Winter
2023-12-12 12:00:00,2162.7,28.7,12,Tuesday,12,Winter
2023-12-12 13:00:00,2367.1,24.3,13,Tuesday,12,Winter
2023-12-12 14:00:00,2444.1,26.0,14,Tuesday,12,Winter
2023-12-12 15:00:00,2623.7,28.0,15,Tuesday,12,Winter
2023-12-12 16:00:00,2882.3,26.2,16,Tuesday,12,Winter
2023-12-12 17:00:00,2989.7,24.6,17,Tuesday,12,Winter
2023-12-12 18:00:00,3176.4,25.0,18,Tuesday,12,Winter
2023-12-12 19:00:00,3477.5,23.8,19,Tuesday,12,Winter
2023-12-12 20:00:00,3620.8,26.4,20,Tuesday,12,Winter
2023-12-12 21:00:00,3428.3,25.9,21,Tuesday,12,Winter
2023-12-12 22:00:00,3285.3,24.3,22,Tuesday,12,Winter
2023-12-12 23:00:00,3191.0,23.5,23,Tuesday,12,Winter
2023-12-13 00:00:00,3020.2,22.9,0,Wednesday,12,Winter
2023-12-13 01:00:00,2892.0,26.4,1,Wednesday,12,Winter
2023-12-13 02:00:00,2596.0,25.1,2,Wednesday,12,Winter
2023-12-13 03:00:00,2659.1,25.2,3,Wednesday,12,Winter
2023-12-13 04:00:00,2345.5,23.7,4,Wednesday,12,Winter
2023-12-13 05:00:00,2225.3,22.7,5,Wednesday,12,Winter
2023-12-13 06:00:00,2069.1,26.3,6,Wednesday,12,Winter
2023-12-13 07:00:00,2158.7,24.9,7,Wednesday,12,Winter
2023-12-13 08:00:00,1974.7,26.2,8,Wednesday,12,Winter
2023-12-13 09:00:00,1901.2,24.3,9,Wednesday,12,Winter
2023-12-13 10:00:00,2005.2,24.5,10,Wednesday,12,Winter
2023-12-13 11:00:00,2061.2,26.0,11,Wednesday,12,Winter
2023-12-13 12:00:00,2107.1,26.0,12,Wednesday,12,Winter
2023-12-13 13:00:00,2288.1,26.1,13,Wednesday,12,Winter
2023-12-13 14:00:00,2338.6,24.4,14,Wednesday,12,Winter
2023-12-13 15:00:00,2522.8,25.8,15,Wednesday,12,Winter
2023-12-13 16:00:00,2604.9,26.5,16,Wednesday,12,Winter
2023-12-13 17:00:00,2859.6,24.7,17,Wednesday,12,Winter
2023-12-13 18:00:00,3330.8,24.1,18,Wednesday,12,Winter
2023-12-13 19:00:00,3524.0,26.9,19,Wednesday,12,Winter
2023-12-13 20:00:00,3494.5,23.9,20,Wednesday,12,Winter
2023-12-13 21:00:00,3608.9,25.8,21,Wednesday,12,Winter
2023-12-13 22:00:00,3327.5,24.8,22,Wednesday,12,Winter
2023-12-13 23:00:00,3156.1,22.1,23,Wednesday,12,Winter
2023-12-14 00:00:00,2959.2,26.4,0,Thursday,12,Winter
2023-12-14 01:00:00,2823.0,20.6,1,Thursday,12,Winter
2023-12-14 02:00:00,2674.0,21.7,2,Thursday,12,Winter
2023-12-14 03:00:00,2607.0,25.5,3,Thursday,12,Winter
2023-12-14 04:00:00,2389.6,25.5,4,Thursday,12,Winter
2023-12-14 05:00:00,2277.2,23.8,5,Thursday,12,Winter
2023-12-14 06:00:00,2168.7,24.9,6,Thursday,12,Winter
2023-12-14 07:00:00,2039.3,20.9,7,Thursday,12,Winter
2023-12-14 08:00:00,1912.8,25.8,8,Thursday,12,Winter
2023-12-14 09:00:00,1874.4,25.1,9,Thursday,12,Winter
2023-12-14 10:00:00,1967.6,24.6,10,Thursday,12,Winter
2023-12-14 11:00:00,2011.1,24.7,11,Thursday,12,Winter
2023-12-14 12:00:00,2118.9,25.5,12,Thursday,12,Winter
2023-12-14 13:00:00,2237.2,24.7,13,Thursday,12,Winter
2023-12-14 14:00:00,2538.9,21.9,14,Thursday,12,Winter
2023-12-14 15:00:00,2466.2,28.0,15,Thursday,12,Winter
2023-12-14 16:00:00,2603.0,26.5,16,Thursday,12,Winter
2023-12-14 17:00:00,2978.3,22.8,17,Thursday,12,Winter
2023-12-14 18:00:00,3152.8,24.2,18,Thursday,12,Winter
2023-12-14 19:00:00,3407.6,24.4,19,Thursday,12,Winter
2023-12-14 20:00:00,3535.2,26.3,20,Thursday,12,Winter
2023-12-14 21:00:00,3571.6,21.5,21,Thursday,12,Winter
2023-12-14 22:00:00,3210.9,24.0,22,Thursday,12,Winter
2023-12-14 23:00:00,3127.2,22.1,23,Thursday,12,Winter
2023-12-15 00:00:00,2983.4,24.1,0,Friday,12,Winter
2023-12-15 01:00:00,2883.3,23.8,1,Friday,12,Winter
2023-12-15 02:00:00,2832.8,24.7,2,Friday,12,Winter
2023-12-15 03:00:00,2592.3,23.6,3,Friday,12,Winter
2023-12-15 04:00:00,2374.7,23.4,4,Friday,12,Winter
2023-12-15 05:00:00,2185.1,25.5,5,Friday,12,Winter
2023-12-15 06:00:00,2082.1,25.2,6,Friday,12,Winter
2023-12-15 07:00:00,1987.6,25.4,7,Friday,12,Winter
2023-12-15 08:00:00,1990.3,24.3,8,Friday,12,Winter
2023-12-15 09:00:00,1950.4,23.7,9,Friday,12,Winter
2023-12-15 10:00:00,1893.4,24.4,10,Friday,12,Winter
2023-12-15 11:00:00,1995.5,25.3,11,Friday,12,Winter
2023-12-15 12:00:00,2158.4,21.3,12,Friday,12,Winter
2023-12-15 13:00:00,2255.4,25.1,13,Friday,12,Winter
2023-12-15 14:00:00,2416.2,25.0,14,Friday,12,Winter
2023-12-15 15:00:00,2572.7,24.6,15,Friday,12,Winter
2023-12-15 16:00:00,2847.6,24.3,16,Friday,12,Winter
2023-12-15 17:00:00,2968.0,20.7,17,Friday,12,Winter
2023-12-15 18:00:00,3148.6,23.9,18,Friday,12,Winter
2023-12-15 19:00:00,3299.8,27.2,19,Friday,12,Winter
2023-12-15 20:00:00,3502.3,24.6,20,Friday,12,Winter
2023-12-15 21:00:00,3245.8,24.1,21,Friday,12,Winter
2023-12-15 22:00:00,3317.6,24.6,22,Friday,12,Winter
2023-12-15 23:00:00,3151.6,25.1,23,Friday,12,Winter
2023-12-16 00:00:00,2848.5,25.4,0,Saturday,12,Winter
2023-12-16 01:00:00,2760.6,24.0,1,Saturday,12,Winter
2023-12-16 02:00:00,2737.4,25.0,2,Saturday,12,Winter
2023-12-16 03:00:00,2544.1,26.9,3,Saturday,12,Winter
2023-12-16 04:00:00,2382.0,25.9,4,Saturday,12,Winter
2023-12-16 05:00:00,2250.0,27.9,5,Saturday,12,Winter
2023-12-16 06:00:00,2114.9,23.4,6,Saturday,12,Winter
2023-12-16 07:00:00,2078.3,26.9,7,Saturday,12,Winter
2023-12-16 08:00:00,1962.4,23.2,8,Saturday,12,Winter
2023-12-16 09:00:00,1865.6,24.9,9,Saturday,12,Winter
2023-12-16 10:00:00,2036.1,25.5,10,Saturday,12,Winter
2023-12-16 11:00:00,2034.4,23.6,11,Saturday,12,Winter
2023-12-16 12:00:00,2079.0,24.5,12,Saturday,12,Winter
2023-12-16 13:00:00,2163.7,25.7,13,Saturday,12,Winter
2023-12-16 14:00:00,2403.7,23.3,14,Saturday,12,Winter
2023-12-16 15:00:00,2538.5,26.9,15,Saturday,12,Winter
2023-12-16 16:00:00,2841.4,22.3,16,Saturday,12,Winter
2023-12-16 17:00:00,2922.4,27.3,17,Saturday,12,Winter
2023-12-16 18:00:00,3109.9,25.9,18,Saturday,12,Winter
2023-12-16 19:00:00,3449.7,24.2,19,Saturday,12,Winter
2023-12-16 20:00:00,3557.8,23.8,20,Saturday,12,Winter
2023-12-16 21:00:00,3468.2,23.6,21,Saturday,12,Winter
2023-12-16 22:00:00,3386.3,24.2,22,Saturday,12,Winter
2023-12-16 23:00:00,3162.1,24.3,23,Saturday,12,Winter
2023-12-17 00:00:00,2964.2,26.1,0,Sunday,12,Winter
2023-12-17 01:00:00,2906.4,27.1,1,Sunday,12,Winter
2023-12-17 02:00:00,2723.1,24.5,2,Sunday,12,Winter
2023-12-17 03:00:00,2517.0,22.9,3,Sunday,12,Winter
2023-12-17 04:00:00,2454.5,23.4,4,Sunday,12,Winter
2023-12-17 05:00:00,2099.3,23.9,5,Sunday,12,Winter
2023-12-17 06:00:00,2216.6,22.6,6,Sunday,12,Winter
2023-12-17 07:00:00,1928.3,22.4,7,Sunday,12,Winter
2023-12-17 08:00:00,1924.3,27.3,8,Sunday,12,Winter
2023-12-17 09:00:00,1932.8,24.6,9,Sunday,12,Winter
2023-12-17 10:00:00,1947.8,22.9,10,Sunday,12,Winter
2023-12-17 11:00:00,2064.9,25.4,11,Sunday,12,Winter
2023-12-17 12:00:00,2052.8,22.4,12,Sunday,12,Winter
2023-12-17 13:00:00,2246.6,22.5,13,Sunday,12,Winter
2023-12-17 14:00:00,2344.0,23.0,14,Sunday,12,Winter
2023-12-17 15:00:00,2562.9,26.7,15,Sunday,12,Winter
2023-12-17 16:00:00,2727.4,23.8,16,Sunday,12,Winter
2023-12-17 17:00:00,2952.6,20.5,17,Sunday,12,Winter
2023-12-17 18:00:00,3130.4,26.0,18,Sunday,12,Winter
2023-12-17 19:00:00,3328.6,23.7,19,Sunday,12,Winter
2023-12-17 20:00:00,3499.8,21.4,20,Sunday,12,Winter
2023-12-17 21:00:00,3532.5,23.7,21,Sunday,12,Winter
2023-12-17 22:00:00,3277.8,25.0,22,Sunday,12,Winter
2023-12-17 23:00:00,3094.1,24.8,23,Sunday,12,Winter
2023-12-18 00:00:00,2990.5,26.7,0,Monday,12,Winter
2023-12-18 01:00:00,2820.3,22.7,1,Monday,12,Winter
2023-12-18 02:00:00,2735.3,24.1,2,Monday,12,Winter
2023-12-18 03:00:00,2469.1,23.0,3,Monday,12,Winter
2023-12-18 04:00:00,2267.4,21.7,4,Monday,12,Winter
2023-12-18 05:00:00,2200.3,25.3,5,Monday,12,Winter
2023-12-18 06:00:00,2066.9,24.7,6,Monday,12,Winter
2023-12-18 07:00:00,2009.1,24.4,7,Monday,12,Winter
2023-12-18 08:00:00,1922.8,24.7,8,Monday,12,Winter
2023-12-18 09:00:00,1969.5,23.0,9,Monday,12,Winter
2023-12-18 10:00:00,1939.8,22.5,10,Monday,12,Winter
2023-12-18 11:00:00,2020.7,24.1,11,Monday,12,Winter
2023-12-18 12:00:00,2115.7,25.8,12,Monday,12,Winter
2023-12-18 13:00:00,2241.7,26.4,13,Monday,12,Winter
2023-12-18 14:00:00,2375.7,25.2,14,Monday,12,Winter
2023-12-18 15:00:00,2575.2,24.1,15,Monday,12,Winter
2023-12-18 16:00:00,2676.0,24.4,16,Monday,12,Winter
2023-12-18 17:00:00,3047.1,24.0,17,Monday,12,Winter
2023-12-18 18:00:00,3153.6,22.5,18,Monday,12,Winter
2023-12-18 19:00:00,3259.3,24.1,19,Monday,12,Winter
2023-12-18 20:00:00,3489.3,22.0,20,Monday,12,Winter
2023-12-18 21:00:00,3375.8,23.8,21,Monday,12,Winter
2023-12-18 22:00:00,3381.0,26.5,22,Monday,12,Winter
2023-12-18 23:00:00,3335.6,25.2,23,Monday,12,Winter
2023-12-19 00:00:00,2886.4,22.5,0,Tuesday,12,Winter
2023-12-19 01:00:00,2845.0,23.7,1,Tuesday,12,Winter
2023-12-19 02:00:00,2561.1,22.6,2,Tuesday,12,Winter
2023-12-19 03:00:00,2554.0,23.7,3,Tuesday,12,Winter
2023-12-19 04:00:00,2319.5,25.4,4,Tuesday,12,Winter
2023-12-19 05:00:00,2194.4,24.8,5,Tuesday,12,Winter
2023-12-19 06:00:00,2048.5,27.6,6,Tuesday,12,Winter
2023-12-19 07:00:00,2049.2,25.6,7,Tuesday,12,Winter
2023-12-19 08:00:00,2002.4,24.1,8,Tuesday,12,Winter
2023-12-19 09:00:00,1934.1,24.9,9,Tuesday,12,Winter
2023-12-19 10:00:00,1911.0,23.5,10,Tuesday,12,Winter
2023-12-19 11:00:00,2092.4,22.1,11,Tuesday,12,Winter
2023-12-19 12:00:00,2067.1,25.8,12,Tuesday,12,Winter
2023-12-19 13:00:00,2109.5,25.3,13,Tuesday,12,Winter
2023-12-19 14:00:00,2403.5,23.5,14,Tuesday,12,Winter
2023-12-19 15:00:00,2471.6,24.2,15,Tuesday,12,Winter
2023-12-19 16:00:00,2796.8,25.7,16,Tuesday,12,Winter
2023-12-19 17:00:00,2915.0,25.1,17,Tuesday,12,Winter
2023-12-19 18:00:00,3219.0,21.6,18,Tuesday,12,Winter
2023-12-19 19:00:00,3486.6,24.2,19,Tuesday,12,Winter
2023-12-19 20:00:00,3366.8,23.6,20,Tuesday,12,Winter
2023-12-19 21:00:00,3399.2,25.5,21,Tuesday,12,Winter
2023-12-19 22:00:00,3318.2,25.4,22,Tuesday,12,Winter
2023-12-19 23:00:00,3281.3,25.8,23,Tuesday,12,Winter
2023-12-20 00:00:00,2895.3,22.0,0,Wednesday,12,Winter
2023-12-20 01:00:00,2779.1,22.5,1,Wednesday,12,Winter
2023-12-20 02:00:00,2710.2,25.3,2,Wednesday,12,Winter
2023-12-20 03:00:00,2488.5,22.8,3,Wednesday,12,Winter
2023-12-20 04:00:00,2380.7,21.4,4,Wednesday,12,Winter
2023-12-20 05:00:00,2142.3,24.5,5,Wednesday,12,Winter
2023-12-20 06:00:00,2222.7,22.8,6,Wednesday,12,Winter
2023-12-20 07:00:00,1944.2,26.3,7,Wednesday,12,Winter
2023-12-20 08:00:00,1937.1,24.1,8,Wednesday,12,Winter
2023-12-20 09:00:00,1931.1,23.9,9,Wednesday,12,Winter
2023-12-20 10:00:00,2046.2,23.1,10,Wednesday,12,Winter
2023-12-20 11:00:00,1945.4,26.0,11,Wednesday,12,Winter
2023-12-20 12:00:00,2210.7,24.2,12,Wednesday,12,Winter
2023-12-20 13:00:00,2271.8,23.0,13,Wednesday,12,Winter
2023-12-20 14:00:00,2400.6,22.5,14,Wednesday,12,Winter
2023-12-20 15:00:00,2478.8,23.5,15,Wednesday,12,Winter
2023-12-20 16:00:00,2767.8,22.2,16,Wednesday,12,Winter
2023-12-20 17:00:00,2889.3,25.2,17,Wednesday,12,Winter
2023-12-20 18:00:00,3271.0,20.9,18,Wednesday,12,Winter
2023-12-20 19:00:00,3286.2,23.4,19,Wednesday,12,Winter
2023-12-20 20:00:00,3461.3,24.6,20,Wednesday,12,Winter
2023-12-20 21:00:00,3399.5,24.2,21,Wednesday,12,Winter
2023-12-20 22:00:00,3241.8,22.6,22,Wednesday,12,Winter
2023-12-20 23:00:00,3217.8,24.6,23,Wednesday,12,Winter
2023-12-21 00:00:00,2983.1,22.1,0,Thursday,12,Winter
2023-12-21 01:00:00,2906.3,23.4,1,Thursday,12,Winter
2023-12-21 02:00:00,2559.0,24.4,2,Thursday,12,Winter
2023-12-21 03:00:00,2592.1,24.2,3,Thursday,12,Winter
2023-12-21 04:00:00,2520.2,22.5,4,Thursday,12,Winter
2023-12-21 05:00:00,2203.6,25.3,5,Thursday,12,Winter
2023-12-21 06:00:00,2205.9,23.6,6,Thursday,12,Winter
2023-12-21 07:00:00,1998.8,24.6,7,Thursday,12,Winter
2023-12-21 08:00:00,1885.8,25.8,8,Thursday,12,Winter
2023-12-21 09:00:00,1917.9,25.1,9,Thursday,12,Winter
2023-12-21 10:00:00,2004.0,25.2,10,Thursday,12,Winter
2023-12-21 11:00:00,1969.9,23.8,11,Thursday,12,Winter
2023-12-21 12:00:00,2074.6,24.7,12,Thursday,12,Winter
2023-12-21 13:00:00,2262.7,23.8,13,Thursday,12,Winter
2023-12-21 14:00:00,2376.0,21.7,14,Thursday,12,Winter
2023-12-21 15:00:00,2578.5,23.9,15,Thursday,12,Winter
2023-12-21 16:00:00,2745.1,23.9,16,Thursday,12,Winter
2023-12-21 17:00:00,2977.8,24.3,17,Thursday,12,Winter
2023-12-21 18:00:00,3136.3,23.3,18,Thursday,12,Winter
2023-12-21 19:00:00,3387.5,22.3,19,Thursday,12,Winter
2023-12-21 20:00:00,3390.6,24.5,20,Thursday,12,Winter
2023-12-21 21:00:00,3558.3,21.5,21,Thursday,12,Winter
2023-12-21 22:00:00,3271.2,25.7,22,Thursday,12,Winter
2023-12-21 23:00:00,3248.4,23.1,23,Thursday,12,Winter
2023-12-22 00:00:00,2927.1,23.7,0,Friday,12,Winter
2023-12-22 01:00:00,2835.8,24.1,1,Friday,12,Winter
2023-12-22 02:00:00,2645.6,24.2,2,Friday,12,Winter
2023-12-22 03:00:00,2461.2,21.2,3,Friday,12,Winter
2023-12-22 04:00:00,2268.6,24.5,4,Friday,12,Winter
2023-12-22 05:00:00,2170.4,23.7,5,Friday,12,Winter
2023-12-22 06:00:00,2089.5,22.3,6,Friday,12,Winter
2023-12-22 07:00:00,2023.0,22.2,7,Friday,12,Winter
2023-12-22 08:00:00,2002.5,22.8,8,Friday,12,Winter
2023-12-22 09:00:00,1911.5,21.3,9,Friday,12,Winter
2023-12-22 10:00:00,1910.1,25.9,10,Friday,12,Winter
2023-12-22 11:00:00,1939.8,25.5,11,Friday,12,Winter
2023-12-22 12:00:00,2131.9,24.0,12,Friday,12,Winter
2023-12-22 13:00:00,2307.1,23.0,13,Friday,12,Winter
2023-12-22 14:00:00,2451.5,23.0,14,Friday,12,Winter
2023-12-22 15:00:00,2586.9,24.4,15,Friday,12,Winter
2023-12-22 16:00:00,2772.9,25.9,16,Friday,12,Winter
2023-12-22 17:00:00,3067.9,22.4,17,Friday,12,Winter
2023-12-22 18:00:00,3197.5,21.6,18,Friday,12,Winter
2023-12-22 19:00:00,3423.0,25.6,19,Friday,12,Winter
2023-12-22 20:00:00,3443.9,20.6,20,Friday,12,Winter
2023-12-22 21:00:00,3330.5,21.8,21,Friday,12,Winter
2023-12-22 22:00:00,3267.7,22.9,22,Friday,12,Winter
2023-12-22 23:00:00,3159.1,20.9,23,Friday,12,Winter
2023-12-23 00:00:00,2949.8,24.8,0,Saturday,12,Winter
2023-12-23 01:00:00,2958.5,24.4,1,Saturday,12,Winter
2023-12-23 02:00:00,2685.1,22.2,2,Saturday,12,Winter
2023-12-23 03:00:00,2600.8,25.0,3,Saturday,12,Winter
2023-12-23 04:00:00,2347.1,25.3,4,Saturday,12,Winter
2023-12-23 05:00:00,2212.6,22.9,5,Saturday,12,Winter
2023-12-23 06:00:00,2037.3,22.4,6,Saturday,12,Winter
2023-12-23 07:00:00,1975.8,26.5,7,Saturday,12,Winter
2023-12-23 08:00:00,1979.7,24.2,8,Saturday,12,Winter
2023-12-23 09:00:00,1934.1,23.5,9,Saturday,12,Winter
2023-12-23 10:00:00,2000.0,25.1,10,Saturday,12,Winter
2023-12-23 11:00:00,2022.2,23.6,11,Saturday,12,Winter
2023-12-23 12:00:00,2088.8,22.3,12,Saturday,12,Winter
2023-12-23 13:00:00,2350.6,23.2,13,Saturday,12,Winter
2023-12-23 14:00:00,2371.5,24.7,14,Saturday,12,Winter
2023-12-23 15:00:00,2616.7,20.1,15,Saturday,12,Winter
2023-12-23 16:00:00,2703.0,22.7,16,Saturday,12,Winter
2023-12-23 17:00:00,2996.3,25.2,17,Saturday,12,Winter
2023-12-23 18:00:00,3245.9,22.3,18,Saturday,12,Winter
2023-12-23 19:00:00,3387.4,25.4,19,Saturday,12,Winter
2023-12-23 20:00:00,3268.6,25.2,20,Saturday,12,Winter
2023-12-23 21:00:00,3450.8,23.0,21,Saturday,12,Winter
2023-12-23 22:00:00,3428.0,22.2,22,Saturday,12,Winter
2023-12-23 23:00:00,3202.7,22.7,23,Saturday,12,Winter
2023-12-24 00:00:00,2979.8,26.9,0,Sunday,12,Winter
2023-12-24 01:00:00,2702.6,25.7,1,Sunday,12,Winter
2023-12-24 02:00:00,2632.9,23.1,2,Sunday,12,Winter
2023-12-24 03:00:00,2553.7,22.0,3,Sunday,12,Winter
2023-12-24 04:00:00,2398.6,23.1,4,Sunday,12,Winter
2023-12-24 05:00:00,2299.0,23.3,5,Sunday,12,Winter
2023-12-24 06:00:00,2100.8,21.0,6,Sunday,12,Winter
2023-12-24 07:00:00,2034.6,23.0,7,Sunday,12,Winter
2023-12-24 08:00:00,1955.8,24.9,8,Sunday,12,Winter
2023-12-24 09:00:00,1887.0,20.2,9,Sunday,12,Winter
2023-12-24 10:00:00,1844.7,24.2,10,Sunday,12,Winter
2023-12-24 11:00:00,2035.9,25.0,11,Sunday,12,Winter
2023-12-24 12:00:00,2117.7,22.1,12,Sunday,12,Winter
2023-12-24 13:00:00,2197.6,25.5,13,Sunday,12,Winter
2023-12-24 14:00:00,2282.1,21.9,14,Sunday,12,Winter
2023-12-24 15:00:00,2584.2,23.6,15,Sunday,12,Winter
2023-12-24 16:00:00,2713.7,22.5,16,Sunday,12,Winter
2023-12-24 17:00:00,2986.7,22.5,17,Sunday,12,Winter
2023-12-24 18:00:00,3322.0,22.0,18,Sunday,12,Winter
2023-12-24 19:00:00,3191.1,24.0,19,Sunday,12,Winter
2023-12-24 20:00:00,3414.1,24.2,20,Sunday,12,Winter
2023-12-24 21:00:00,3433.0,22.8,21,Sunday,12,Winter
2023-12-24 22:00:00,3448.6,20.9,22,Sunday,12,Winter
2023-12-24 23:00:00,3033.4,23.5,23,Sunday,12,Winter
2023-12-25 00:00:00,3091.8,23.4,0,Monday,12,Winter
2023-12-25 01:00:00,2835.8,22.4,1,Monday,12,Winter
2023-12-25 02:00:00,2676.7,25.5,2,Monday,12,Winter
2023-12-25 03:00:00,2517.0,20.4,3,Monday,12,Winter
2023-12-25 04:00:00,2350.0,19.4,4,Monday,12,Winter
2023-12-25 05:00:00,2291.4,21.6,5,Monday,12,Winter
2023-12-25 06:00:00,2053.6,23.8,6,Monday,12,Winter
2023-12-25 07:00:00,2033.1,21.1,7,Monday,12,Winter
2023-12-25 08:00:00,1937.6,21.3,8,Monday,12,Winter
2023-12-25 09:00:00,1899.3,24.1,9,Monday,12,Winter
2023-12-25 10:00:00,2082.9,23.4,10,Monday,12,Winter
2023-12-25 11:00:00,2036.8,23.3,11,Monday,12,Winter
2023-12-25 12:00:00,2142.4,23.9,12,Monday,12,Winter
2023-12-25 13:00:00,2297.2,22.1,13,Monday,12,Winter
2023-12-25 14:00:00,2295.6,22.2,14,Monday,12,Winter
2023-12-25 15:00:00,2657.5,23.9,15,Monday,12,Winter
2023-12-25 16:00:00,2562.3,20.7,16,Monday,12,Winter
2023-12-25 17:00:00,2891.2,19.5,17,Monday,12,Winter
2023-12-25 18:00:00,3139.9,22.1,18,Monday,12,Winter
2023-12-25 19:00:00,3423.2,24.1,19,Monday,12,Winter
2023-12-25 20:00:00,3496.4,23.1,20,Monday,12,Winter
2023-12-25 21:00:00,3439.2,24.0,21,Monday,12,Winter
2023-12-25 22:00:00,3329.0,19.7,22,Monday,12,Winter
2023-12-25 23:00:00,3087.7,23.2,23,Monday,12,Winter
2023-12-26 00:00:00,2841.3,23.5,0,Tuesday,12,Winter
2023-12-26 01:00:00,2880.2,20.5,1,Tuesday,12,Winter
2023-12-26 02:00:00,2732.1,23.8,2,Tuesday,12,Winter
2023-12-26 03:00:00,2632.1,22.4,3,Tuesday,12,Winter
2023-12-26 04:00:00,2331.2,27.1,4,Tuesday,12,Winter
2023-12-26 05:00:00,2273.6,19.3,5,Tuesday,12,Winter
2023-12-26 06:00:00,2096.9,24.6,6,Tuesday,12,Winter
2023-12-26 07:00:00,2077.6,21.9,7,Tuesday,12,Winter
2023-12-26 08:00:00,2008.2,20.1,8,Tuesday,12,Winter
2023-12-26 09:00:00,1948.2,21.7,9,Tuesday,12,Winter
2023-12-26 10:00:00,1941.6,22.9,10,Tuesday,12,Winter
2023-12-26 11:00:00,2066.0,24.1,11,Tuesday,12,Winter
2023-12-26 12:00:00,2146.2,25.1,12,Tuesday,12,Winter
2023-12-26 13:00:00,2197.5,24.7,13,Tuesday,12,Winter
2023-12-26 14:00:00,2303.2,21.1,14,Tuesday,12,Winter
2023-12-26 15:00:00,2529.9,24.2,15,Tuesday,12,Winter
2023-12-26 16:00:00,2840.0,23.1,16,Tuesday,12,Winter
2023-12-26 17:00:00,3035.1,21.6,17,Tuesday,12,Winter
2023-12-26 18:00:00,3090.9,22.2,18,Tuesday,12,Winter
2023-12-26 19:00:00,3278.6,21.5,19,Tuesday,12,Winter
2023-12-26 20:00:00,3591.5,22.6,20,Tuesday,12,Winter
2023-12-26 21:00:00,3358.6,21.4,21,Tuesday,12,Winter
2023-12-26 22:00:00,3375.4,21.0,22,Tuesday,12,Winter
2023-12-26 23:00:00,3119.1,23.3,23,Tuesday,12,Winter
2023-12-27 00:00:00,3074.4,23.3,0,Wednesday,12,Winter
2023-12-27 01:00:00,2777.3,22.1,1,Wednesday,12,Winter
2023-12-27 02:00:00,2765.3,24.4,2,Wednesday,12,Winter
2023-12-27 03:00:00,2546.3,21.9,3,Wednesday,12,Winter
2023-12-27 04:00:00,2395.7,21.9,4,Wednesday,12,Winter
2023-12-27 05:00:00,2127.1,23.3,5,Wednesday,12,Winter
2023-12-27 06:00:00,1997.8,22.1,6,Wednesday,12,Winter
2023-12-27 07:00:00,2008.6,22.5,7,Wednesday,12,Winter
2023-12-27 08:00:00,1972.4,18.6,8,Wednesday,12,Winter
2023-12-27 09:00:00,1885.5,22.4,9,Wednesday,12,Winter
2023-12-27 10:00:00,1907.0,19.6,10,Wednesday,12,Winter
2023-12-27 11:00:00,2048.1,20.5,11,Wednesday,12,Winter
2023-12-27 12:00:00,2144.1,20.3,12,Wednesday,12,Winter
2023-12-27 13:00:00,2230.4,20.8,13,Wednesday,12,Winter
2023-12-27 14:00:00,2431.4,21.5,14,Wednesday,12,Winter
2023-12-27 15:00:00,2476.2,21.6,15,Wednesday,12,Winter
2023-12-27 16:00:00,2714.9,23.3,16,Wednesday,12,Winter
2023-12-27 17:00:00,3075.4,22.7,17,Wednesday,12,Winter
2023-12-27 18:00:00,3188.2,19.5,18,Wednesday,12,Winter
2023-12-27 19:00:00,3391.5,22.5,19,Wednesday,12,Winter
2023-12-27 20:00:00,3685.2,22.8,20,Wednesday,12,Winter
2023-12-27 21:00:00,3339.4,21.8,21,Wednesday,12,Winter
2023-12-27 22:00:00,3403.0,22.2,22,Wednesday,12,Winter
2023-12-27 23:00:00,3303.3,22.6,23,Wednesday,12,Winter
2023-12-28 00:00:00,2934.7,23.3,0,Thursday,12,Winter
2023-12-28 01:00:00,2896.4,19.8,1,Thursday,12,Winter
2023-12-28 02:00:00,2625.8,21.8,2,Thursday,12,Winter
2023-12-28 03:00:00,2494.2,24.4,3,Thursday,12,Winter
2023-12-28 04:00:00,2406.7,24.3,4,Thursday,12,Winter
2023-12-28 05:00:00,2284.9,23.4,5,Thursday,12,Winter
2023-12-28 06:00:00,2176.2,23.0,6,Thursday,12,Winter
2023-12-28 07:00:00,2101.6,24.6,7,Thursday,12,Winter
2023-12-28 08:00:00,1959.5,25.0,8,Thursday,12,Winter
2023-12-28 09:00:00,2000.5,22.0,9,Thursday,12,Winter
2023-12-28 10:00:00,1946.0,20.7,10,Thursday,12,Winter
2023-12-28 11:00:00,2067.9,21.7,11,Thursday,12,Winter
2023-12-28 12:00:00,2128.0,26.8,12,Thursday,12,Winter
2023-12-28 13:00:00,2266.0,19.8,13,Thursday,12,Winter
2023-12-28 14:00:00,2413.2,21.4,14,Thursday,12,Winter
2023-12-28 15:00:00,2451.8,20.0,15,Thursday,12,Winter
2023-12-28 16:00:00,2665.7,22.3,16,Thursday,12,Winter
2023-12-28 17:00:00,2965.1,20.3,17,Thursday,12,Winter
2023-12-28 18:00:00,3052.3,22.0,18,Thursday,12,Winter
2023-12-28 19:00:00,3455.5,19.2,19,Thursday,12,Winter
2023-12-28 20:00:00,3564.8,23.1,20,Thursday,12,Winter
2023-12-28 21:00:00,3493.2,24.0,21,Thursday,12,Winter
2023-12-28 22:00:00,3247.2,21.6,22,Thursday,12,Winter
2023-12-28 23:00:00,3285.0,21.9,23,Thursday,12,Winter
2023-12-29 00:00:00,3113.9,21.7,0,Friday,12,Winter
2023-12-29 01:00:00,2850.0,22.2,1,Friday,12,Winter
2023-12-29 02:00:00,2730.2,21.9,2,Friday,12,Winter
2023-12-29 03:00:00,2554.3,23.1,3,Friday,12,Winter
2023-12-29 04:00:00,2418.8,23.8,4,Friday,12,Winter
2023-12-29 05:00:00,2236.7,20.7,5,Friday,12,Winter
2023-12-29 06:00:00,2118.1,21.5,6,Friday,12,Winter
2023-12-29 07:00:00,2071.1,23.3,7,Friday,12,Winter
2023-12-29 08:00:00,2080.9,19.8,8,Friday,12,Winter
2023-12-29 09:00:00,1877.2,19.0,9,Friday,12,Winter
2023-12-29 10:00:00,1960.5,22.3,10,Friday,12,Winter
2023-12-29 11:00:00,1965.4,22.7,11,Friday,12,Winter
2023-12-29 12:00:00,2204.4,20.9,12,Friday,12,Winter
2023-12-29 13:00:00,2211.2,21.1,13,Friday,12,Winter
2023-12-29 14:00:00,2305.1,20.8,14,Friday,12,Winter
2023-12-29 15:00:00,2598.8,20.7,15,Friday,12,Winter
2023-12-29 16:00:00,2866.5,23.0,16,Friday,12,Winter
2023-12-29 17:00:00,3010.9,20.2,17,Friday,12,Winter
2023-12-29 18:00:00,3207.7,21.6,18,Friday,12,Winter
2023-12-29 19:00:00,3424.7,20.6,19,Friday,12,Winter
2023-12-29 20:00:00,3617.4,19.8,20,Friday,12,Winter
2023-12-29 21:00:00,3394.1,23.3,21,Friday,12,Winter
2023-12-29 22:00:00,3336.3,21.2,22,Friday,12,Winter
2023-12-29 23:00:00,3144.0,22.2,23,Friday,12,Winter
2023-12-30 00:00:00,2881.2,19.5,0,Saturday,12,Winter
2023-12-30 01:00:00,2820.8,20.6,1,Saturday,12,Winter
2023-12-30 02:00:00,2774.9,22.9,2,Saturday,12,Winter
2023-12-30 03:00:00,2581.7,25.6,3,Saturday,12,Winter
2023-12-30 04:00:00,2429.6,18.8,4,Saturday,12,Winter
2023-12-30 05:00:00,2255.3,21.5,5,Saturday,12,Winter
2023-12-30 06:00:00,2151.2,22.4,6,Saturday,12,Winter
2023-12-30 07:00:00,1987.9,20.8,7,Saturday,12,Winter
2023-12-30 08:00:00,1953.6,23.0,8,Saturday,12,Winter
2023-12-30 09:00:00,1957.8,20.5,9,Saturday,12,Winter
2023-12-30 10:00:00,1982.5,22.0,10,Saturday,12,Winter
2023-12-30 11:00:00,2044.7,21.0,11,Saturday,12,Winter
2023-12-30 12:00:00,2116.2,23.6,12,Saturday,12,Winter
2023-12-30 13:00:00,2226.7,20.7,13,Saturday,12,Winter
2023-12-30 14:00:00,2584.3,21.2,14,Saturday,12,Winter
2023-12-30 15:00:00,2620.3,23.2,15,Saturday,12,Winter
2023-12-30 16:00:00,2779.6,20.2,16,Saturday,12,Winter
2023-12-30 17:00:00,2949.3,21.9,17,Saturday,12,Winter
2023-12-30 18:00:00,3160.5,19.0,18,Saturday,12,Winter
2023-12-30 19:00:00,3384.4,20.1,19,Saturday,12,Winter
2023-12-30 20:00:00,3525.1,22.3,20,Saturday,12,Winter
2023-12-30 21:00:00,3312.1,20.3,21,Saturday,12,Winter
2023-12-30 22:00:00,3219.6,20.9,22,Saturday,12,Winter
2023-12-30 23:00:00,3134.4,22.5,23,Saturday,12,Winter
2023-12-31 00:00:00,2988.6,20.7,0,Sunday,12,Winter
2023-12-31 01:00:00,2832.2,22.8,1,Sunday,12,Winter
2023-12-31 02:00:00,2805.0,21.9,2,Sunday,12,Winter
2023-12-31 03:00:00,2455.7,22.2,3,Sunday,12,Winter
2023-12-31 04:00:00,2350.4,23.4,4,Sunday,12,Winter
2023-12-31 05:00:00,2336.6,22.0,5,Sunday,12,Winter
2023-12-31 06:00:00,2134.2,23.9,6,Sunday,12,Winter
2023-12-31 07:00:00,2077.1,22.9,7,Sunday,12,Winter
2023-12-31 08:00:00,2073.5,20.8,8,Sunday,12,Winter
2023-12-31 09:00:00,1918.1,23.5,9,Sunday,12,Winter
2023-12-31 10:00:00,1967.5,22.0,10,Sunday,12,Winter
2023-12-31 11:00:00,2018.3,21.0,11,Sunday,12,Winter
2023-12-31 12:00:00,2023.4,22.0,12,Sunday,12,Winter
2023-12-31 13:00:00,2234.4,23.2,13,Sunday,12,Winter
2023-12-31 14:00:00,2452.4,22.2,14,Sunday,12,Winter
2023-12-31 15:00:00,2601.5,24.3,15,Sunday,12,Winter
2023-12-31 16:00:00,2798.8,23.2,16,Sunday,12,Winter
2023-12-31 17:00:00,2944.0,22.3,17,Sunday,12,Winter
2023-12-31 18:00:00,3149.8,20.0,18,Sunday,12,Winter
2023-12-31 19:00:00,3509.6,21.3,19,Sunday,12,Winter
2023-12-31 20:00:00,3462.2,21.7,20,Sunday,12,Winter
2023-12-31 21:00:00,3507.4,22.6,21,Sunday,12,Winter
2023-12-31 22:00:00,3370.9,22.5,22,Sunday,12,Winter
2023-12-31 23:00:00,3307.5,21.8,23,Sunday,12,Winter
